arm,group,session,role,exec_index,soc_temp_c,battery_pct
arm1,redmi9t,20260728-061535,base,0,37.4,63
arm1,redmi9t,20260728-061535,base,1,39.8,83
arm1,redmi9t,20260728-061535,base,10,47.3,69
arm1,redmi9t,20260728-061535,base,11,38.6,60
arm1,redmi9t,20260728-061535,base,12,39.2,67
arm1,redmi9t,20260728-061535,base,13,40.2,66
arm1,redmi9t,20260728-061535,base,14,42.9,76
arm1,redmi9t,20260728-061535,base,2,47.0,77
arm1,redmi9t,20260728-061535,base,3,40.2,60
arm1,redmi9t,20260728-061535,base,4,46.0,60
arm1,redmi9t,20260728-061535,base,5,40.8,68
arm1,redmi9t,20260728-061535,base,6,46.0,58
arm1,redmi9t,20260728-061535,base,7,43.9,80
arm1,redmi9t,20260728-061535,base,8,38.9,70
arm1,redmi9t,20260728-061535,base,9,40.5,84
arm1,redmi9t,20260728-061535,mutation_1,0,39.5,68
arm1,redmi9t,20260728-061535,mutation_1,1,39.5,84
arm1,redmi9t,20260728-061535,mutation_1,10,39.2,61
arm1,redmi9t,20260728-061535,mutation_1,11,43.6,59
arm1,redmi9t,20260728-061535,mutation_1,12,39.5,60
arm1,redmi9t,20260728-061535,mutation_1,13,40.8,58
arm1,redmi9t,20260728-061535,mutation_1,14,39.8,61
arm1,redmi9t,20260728-061535,mutation_1,2,41.4,73
arm1,redmi9t,20260728-061535,mutation_1,3,40.2,81
arm1,redmi9t,20260728-061535,mutation_1,4,40.2,66
arm1,redmi9t,20260728-061535,mutation_1,5,39.2,64
arm1,redmi9t,20260728-061535,mutation_1,6,39.2,80
arm1,redmi9t,20260728-061535,mutation_1,7,38.3,59
arm1,redmi9t,20260728-061535,mutation_1,8,53.5,84
arm1,redmi9t,20260728-061535,mutation_1,9,38.0,70
arm1,redmi9t,20260728-061535,mutation_2,0,40.8,79
arm1,redmi9t,20260728-061535,mutation_2,1,42.9,81
arm1,redmi9t,20260728-061535,mutation_2,10,44.8,74
arm1,redmi9t,20260728-061535,mutation_2,11,42.9,73
arm1,redmi9t,20260728-061535,mutation_2,12,39.5,73
arm1,redmi9t,20260728-061535,mutation_2,13,39.5,66
arm1,redmi9t,20260728-061535,mutation_2,14,39.2,67
arm1,redmi9t,20260728-061535,mutation_2,2,39.8,78
arm1,redmi9t,20260728-061535,mutation_2,3,42.3,68
arm1,redmi9t,20260728-061535,mutation_2,4,37.4,74
arm1,redmi9t,20260728-061535,mutation_2,5,38.0,59
arm1,redmi9t,20260728-061535,mutation_2,6,39.5,80
arm1,redmi9t,20260728-061535,mutation_2,7,46.3,69
arm1,redmi9t,20260728-061535,mutation_2,8,37.7,74
arm1,redmi9t,20260728-061535,mutation_2,9,45.4,79
arm1,redmi9t,20260728-061535,mutation_3,0,39.2,67
arm1,redmi9t,20260728-061535,mutation_3,1,37.7,69
arm1,redmi9t,20260728-061535,mutation_3,10,42.3,78
arm1,redmi9t,20260728-061535,mutation_3,11,46.3,77
arm1,redmi9t,20260728-061535,mutation_3,12,38.6,59
arm1,redmi9t,20260728-061535,mutation_3,13,39.2,68
arm1,redmi9t,20260728-061535,mutation_3,14,42.3,76
arm1,redmi9t,20260728-061535,mutation_3,2,45.1,72
arm1,redmi9t,20260728-061535,mutation_3,3,39.8,67
arm1,redmi9t,20260728-061535,mutation_3,4,40.8,79
arm1,redmi9t,20260728-061535,mutation_3,5,39.5,81
arm1,redmi9t,20260728-061535,mutation_3,6,39.8,79
arm1,redmi9t,20260728-061535,mutation_3,7,45.4,75
arm1,redmi9t,20260728-061535,mutation_3,8,38.9,62
arm1,redmi9t,20260728-061535,mutation_3,9,38.3,60
arm1,redmi9t,20260728-061535,mutation_4,0,38.0,77
arm1,redmi9t,20260728-061535,mutation_4,1,38.3,78
arm1,redmi9t,20260728-061535,mutation_4,10,38.3,58
arm1,redmi9t,20260728-061535,mutation_4,11,42.0,61
arm1,redmi9t,20260728-061535,mutation_4,12,38.3,78
arm1,redmi9t,20260728-061535,mutation_4,13,38.0,70
arm1,redmi9t,20260728-061535,mutation_4,14,42.0,83
arm1,redmi9t,20260728-061535,mutation_4,2,38.9,59
arm1,redmi9t,20260728-061535,mutation_4,3,39.5,84
arm1,redmi9t,20260728-061535,mutation_4,4,38.6,61
arm1,redmi9t,20260728-061535,mutation_4,5,38.3,74
arm1,redmi9t,20260728-061535,mutation_4,6,39.5,82
arm1,redmi9t,20260728-061535,mutation_4,7,41.4,76
arm1,redmi9t,20260728-061535,mutation_4,8,39.2,68
arm1,redmi9t,20260728-061535,mutation_4,9,43.9,62
arm1,redmi9t,20260728-061535,mutation_5,0,42.3,59
arm1,redmi9t,20260728-061535,mutation_5,1,38.9,75
arm1,redmi9t,20260728-061535,mutation_5,10,41.7,71
arm1,redmi9t,20260728-061535,mutation_5,11,41.1,70
arm1,redmi9t,20260728-061535,mutation_5,12,45.7,78
arm1,redmi9t,20260728-061535,mutation_5,13,39.2,71
arm1,redmi9t,20260728-061535,mutation_5,14,38.9,62
arm1,redmi9t,20260728-061535,mutation_5,2,39.2,61
arm1,redmi9t,20260728-061535,mutation_5,3,42.6,72
arm1,redmi9t,20260728-061535,mutation_5,4,39.5,70
arm1,redmi9t,20260728-061535,mutation_5,5,44.2,75
arm1,redmi9t,20260728-061535,mutation_5,6,46.3,71
arm1,redmi9t,20260728-061535,mutation_5,7,38.9,71
arm1,redmi9t,20260728-061535,mutation_5,8,38.3,62
arm1,redmi9t,20260728-061535,mutation_5,9,39.2,83
arm1,redmi9t,20260728-061535,mutation_6,0,45.7,77
arm1,redmi9t,20260728-061535,mutation_6,1,38.9,62
arm1,redmi9t,20260728-061535,mutation_6,10,40.2,82
arm1,redmi9t,20260728-061535,mutation_6,11,39.5,73
arm1,redmi9t,20260728-061535,mutation_6,12,38.6,72
arm1,redmi9t,20260728-061535,mutation_6,13,46.3,63
arm1,redmi9t,20260728-061535,mutation_6,14,38.9,83
arm1,redmi9t,20260728-061535,mutation_6,2,39.2,69
arm1,redmi9t,20260728-061535,mutation_6,3,44.2,82
arm1,redmi9t,20260728-061535,mutation_6,4,48.5,72
arm1,redmi9t,20260728-061535,mutation_6,5,39.2,73
arm1,redmi9t,20260728-061535,mutation_6,6,39.8,83
arm1,redmi9t,20260728-061535,mutation_6,7,38.3,64
arm1,redmi9t,20260728-061535,mutation_6,8,40.8,71
arm1,redmi9t,20260728-061535,mutation_6,9,43.9,66
arm1,redmi9t,20260728-061535,mutation_7,0,39.5,82
arm1,redmi9t,20260728-061535,mutation_7,1,48.2,66
arm1,redmi9t,20260728-061535,mutation_7,10,38.6,77
arm1,redmi9t,20260728-061535,mutation_7,11,40.2,74
arm1,redmi9t,20260728-061535,mutation_7,12,38.9,76
arm1,redmi9t,20260728-061535,mutation_7,13,45.1,68
arm1,redmi9t,20260728-061535,mutation_7,14,38.9,76
arm1,redmi9t,20260728-061535,mutation_7,2,38.9,80
arm1,redmi9t,20260728-061535,mutation_7,3,46.3,80
arm1,redmi9t,20260728-061535,mutation_7,4,46.3,81
arm1,redmi9t,20260728-061535,mutation_7,5,38.9,76
arm1,redmi9t,20260728-061535,mutation_7,6,38.9,79
arm1,redmi9t,20260728-061535,mutation_7,7,38.3,64
arm1,redmi9t,20260728-061535,mutation_7,8,43.2,75
arm1,redmi9t,20260728-061535,mutation_7,9,41.1,71
arm1,redmi9t,20260728-061535,mutation_8,0,41.7,70
arm1,redmi9t,20260728-061535,mutation_8,1,41.1,66
arm1,redmi9t,20260728-061535,mutation_8,10,38.0,63
arm1,redmi9t,20260728-061535,mutation_8,11,39.8,82
arm1,redmi9t,20260728-061535,mutation_8,12,39.5,69
arm1,redmi9t,20260728-061535,mutation_8,13,39.8,84
arm1,redmi9t,20260728-061535,mutation_8,14,47.0,63
arm1,redmi9t,20260728-061535,mutation_8,2,39.2,67
arm1,redmi9t,20260728-061535,mutation_8,3,39.2,61
arm1,redmi9t,20260728-061535,mutation_8,4,40.5,73
arm1,redmi9t,20260728-061535,mutation_8,5,47.3,64
arm1,redmi9t,20260728-061535,mutation_8,6,43.2,63
arm1,redmi9t,20260728-061535,mutation_8,7,39.5,72
arm1,redmi9t,20260728-061535,mutation_8,8,39.8,84
arm1,redmi9t,20260728-061535,mutation_8,9,38.3,63
arm1,redmi9t,20260728-123623,base,0,47.3,62
arm1,redmi9t,20260728-123623,base,1,49.1,82
arm1,redmi9t,20260728-123623,base,10,47.9,67
arm1,redmi9t,20260728-123623,base,11,46.3,57
arm1,redmi9t,20260728-123623,base,12,45.1,64
arm1,redmi9t,20260728-123623,base,13,49.1,64
arm1,redmi9t,20260728-123623,base,14,44.8,75
arm1,redmi9t,20260728-123623,base,2,44.8,75
arm1,redmi9t,20260728-123623,base,3,46.0,57
arm1,redmi9t,20260728-123623,base,4,44.8,57
arm1,redmi9t,20260728-123623,base,5,46.3,65
arm1,redmi9t,20260728-123623,base,6,45.1,55
arm1,redmi9t,20260728-123623,base,7,44.2,79
arm1,redmi9t,20260728-123623,base,8,44.8,68
arm1,redmi9t,20260728-123623,base,9,45.7,83
arm1,redmi9t,20260728-123623,mutation_1,0,46.3,66
arm1,redmi9t,20260728-123623,mutation_1,1,44.8,83
arm1,redmi9t,20260728-123623,mutation_1,10,44.8,59
arm1,redmi9t,20260728-123623,mutation_1,11,51.6,56
arm1,redmi9t,20260728-123623,mutation_1,12,45.4,58
arm1,redmi9t,20260728-123623,mutation_1,13,43.9,55
arm1,redmi9t,20260728-123623,mutation_1,14,44.5,58
arm1,redmi9t,20260728-123623,mutation_1,2,44.2,71
arm1,redmi9t,20260728-123623,mutation_1,3,46.7,80
arm1,redmi9t,20260728-123623,mutation_1,4,43.6,63
arm1,redmi9t,20260728-123623,mutation_1,5,48.2,62
arm1,redmi9t,20260728-123623,mutation_1,6,45.1,79
arm1,redmi9t,20260728-123623,mutation_1,7,46.3,56
arm1,redmi9t,20260728-123623,mutation_1,8,59.0,84
arm1,redmi9t,20260728-123623,mutation_1,9,44.5,68
arm1,redmi9t,20260728-123623,mutation_2,0,48.8,78
arm1,redmi9t,20260728-123623,mutation_2,1,44.5,80
arm1,redmi9t,20260728-123623,mutation_2,10,43.9,72
arm1,redmi9t,20260728-123623,mutation_2,11,44.8,72
arm1,redmi9t,20260728-123623,mutation_2,12,47.3,71
arm1,redmi9t,20260728-123623,mutation_2,13,44.8,63
arm1,redmi9t,20260728-123623,mutation_2,14,44.2,65
arm1,redmi9t,20260728-123623,mutation_2,2,44.8,77
arm1,redmi9t,20260728-123623,mutation_2,3,45.1,65
arm1,redmi9t,20260728-123623,mutation_2,4,46.0,73
arm1,redmi9t,20260728-123623,mutation_2,5,43.9,56
arm1,redmi9t,20260728-123623,mutation_2,6,46.0,79
arm1,redmi9t,20260728-123623,mutation_2,7,44.2,67
arm1,redmi9t,20260728-123623,mutation_2,8,43.9,72
arm1,redmi9t,20260728-123623,mutation_2,9,49.4,78
arm1,redmi9t,20260728-123623,mutation_3,0,43.9,65
arm1,redmi9t,20260728-123623,mutation_3,1,46.7,67
arm1,redmi9t,20260728-123623,mutation_3,10,44.2,76
arm1,redmi9t,20260728-123623,mutation_3,11,44.2,76
arm1,redmi9t,20260728-123623,mutation_3,12,44.5,56
arm1,redmi9t,20260728-123623,mutation_3,13,44.8,66
arm1,redmi9t,20260728-123623,mutation_3,14,43.9,74
arm1,redmi9t,20260728-123623,mutation_3,2,44.8,70
arm1,redmi9t,20260728-123623,mutation_3,3,44.8,64
arm1,redmi9t,20260728-123623,mutation_3,4,46.7,77
arm1,redmi9t,20260728-123623,mutation_3,5,45.7,80
arm1,redmi9t,20260728-123623,mutation_3,6,44.5,78
arm1,redmi9t,20260728-123623,mutation_3,7,44.2,73
arm1,redmi9t,20260728-123623,mutation_3,8,46.0,60
arm1,redmi9t,20260728-123623,mutation_3,9,45.4,57
arm1,redmi9t,20260728-123623,mutation_4,0,44.8,75
arm1,redmi9t,20260728-123623,mutation_4,1,50.7,77
arm1,redmi9t,20260728-123623,mutation_4,10,43.9,55
arm1,redmi9t,20260728-123623,mutation_4,11,48.8,59
arm1,redmi9t,20260728-123623,mutation_4,12,47.0,77
arm1,redmi9t,20260728-123623,mutation_4,13,47.9,67
arm1,redmi9t,20260728-123623,mutation_4,14,50.1,82
arm1,redmi9t,20260728-123623,mutation_4,2,45.1,55
arm1,redmi9t,20260728-123623,mutation_4,3,47.6,83
arm1,redmi9t,20260728-123623,mutation_4,4,44.5,58
arm1,redmi9t,20260728-123623,mutation_4,5,44.8,73
arm1,redmi9t,20260728-123623,mutation_4,6,46.3,81
arm1,redmi9t,20260728-123623,mutation_4,7,45.4,74
arm1,redmi9t,20260728-123623,mutation_4,8,47.0,66
arm1,redmi9t,20260728-123623,mutation_4,9,49.4,60
arm1,redmi9t,20260728-123623,mutation_5,0,47.3,56
arm1,redmi9t,20260728-123623,mutation_5,1,50.7,74
arm1,redmi9t,20260728-123623,mutation_5,10,48.2,70
arm1,redmi9t,20260728-123623,mutation_5,11,44.5,68
arm1,redmi9t,20260728-123623,mutation_5,12,44.2,77
arm1,redmi9t,20260728-123623,mutation_5,13,44.5,69
arm1,redmi9t,20260728-123623,mutation_5,14,46.7,60
arm1,redmi9t,20260728-123623,mutation_5,2,45.4,58
arm1,redmi9t,20260728-123623,mutation_5,3,48.2,70
arm1,redmi9t,20260728-123623,mutation_5,4,44.8,68
arm1,redmi9t,20260728-123623,mutation_5,5,47.6,74
arm1,redmi9t,20260728-123623,mutation_5,6,47.6,68
arm1,redmi9t,20260728-123623,mutation_5,7,44.5,69
arm1,redmi9t,20260728-123623,mutation_5,8,44.8,60
arm1,redmi9t,20260728-123623,mutation_5,9,47.0,82
arm1,redmi9t,20260728-123623,mutation_6,0,45.7,76
arm1,redmi9t,20260728-123623,mutation_6,1,43.6,59
arm1,redmi9t,20260728-123623,mutation_6,10,46.0,81
arm1,redmi9t,20260728-123623,mutation_6,11,44.5,71
arm1,redmi9t,20260728-123623,mutation_6,12,45.7,70
arm1,redmi9t,20260728-123623,mutation_6,13,43.9,61
arm1,redmi9t,20260728-123623,mutation_6,14,48.8,82
arm1,redmi9t,20260728-123623,mutation_6,2,45.7,66
arm1,redmi9t,20260728-123623,mutation_6,3,50.1,81
arm1,redmi9t,20260728-123623,mutation_6,4,44.2,71
arm1,redmi9t,20260728-123623,mutation_6,5,48.2,71
arm1,redmi9t,20260728-123623,mutation_6,6,46.0,82
arm1,redmi9t,20260728-123623,mutation_6,7,44.2,62
arm1,redmi9t,20260728-123623,mutation_6,8,43.6,69
arm1,redmi9t,20260728-123623,mutation_6,9,49.4,64
arm1,redmi9t,20260728-123623,mutation_7,0,45.4,81
arm1,redmi9t,20260728-123623,mutation_7,1,43.9,63
arm1,redmi9t,20260728-123623,mutation_7,10,44.2,76
arm1,redmi9t,20260728-123623,mutation_7,11,44.2,72
arm1,redmi9t,20260728-123623,mutation_7,12,44.8,75
arm1,redmi9t,20260728-123623,mutation_7,13,43.9,65
arm1,redmi9t,20260728-123623,mutation_7,14,51.0,75
arm1,redmi9t,20260728-123623,mutation_7,2,50.7,79
arm1,redmi9t,20260728-123623,mutation_7,3,45.4,79
arm1,redmi9t,20260728-123623,mutation_7,4,44.5,80
arm1,redmi9t,20260728-123623,mutation_7,5,45.7,74
arm1,redmi9t,20260728-123623,mutation_7,6,46.3,78
arm1,redmi9t,20260728-123623,mutation_7,7,47.9,62
arm1,redmi9t,20260728-123623,mutation_7,8,48.5,73
arm1,redmi9t,20260728-123623,mutation_7,9,44.5,69
arm1,redmi9t,20260728-123623,mutation_8,0,44.2,68
arm1,redmi9t,20260728-123623,mutation_8,1,44.2,63
arm1,redmi9t,20260728-123623,mutation_8,10,45.7,61
arm1,redmi9t,20260728-123623,mutation_8,11,46.0,81
arm1,redmi9t,20260728-123623,mutation_8,12,46.7,67
arm1,redmi9t,20260728-123623,mutation_8,13,46.3,83
arm1,redmi9t,20260728-123623,mutation_8,14,47.6,61
arm1,redmi9t,20260728-123623,mutation_8,2,45.1,64
arm1,redmi9t,20260728-123623,mutation_8,3,46.3,59
arm1,redmi9t,20260728-123623,mutation_8,4,44.5,72
arm1,redmi9t,20260728-123623,mutation_8,5,44.5,62
arm1,redmi9t,20260728-123623,mutation_8,6,50.7,61
arm1,redmi9t,20260728-123623,mutation_8,7,44.8,70
arm1,redmi9t,20260728-123623,mutation_8,8,44.2,83
arm1,redmi9t,20260728-123623,mutation_8,9,44.2,61
arm1,redmi9t,20260728-165144,base,0,49.1,77
arm1,redmi9t,20260728-165144,base,1,44.8,52
arm1,redmi9t,20260728-165144,base,10,45.4,82
arm1,redmi9t,20260728-165144,base,11,42.3,74
arm1,redmi9t,20260728-165144,base,12,40.5,80
arm1,redmi9t,20260728-165144,base,13,40.5,79
arm1,redmi9t,20260728-165144,base,14,44.5,81
arm1,redmi9t,20260728-165144,base,2,56.9,81
arm1,redmi9t,20260728-165144,base,3,40.2,73
arm1,redmi9t,20260728-165144,base,4,47.0,73
arm1,redmi9t,20260728-165144,base,5,45.1,81
arm1,redmi9t,20260728-165144,base,6,40.5,72
arm1,redmi9t,20260728-165144,base,7,46.3,49
arm1,redmi9t,20260728-165144,base,8,42.6,83
arm1,redmi9t,20260728-165144,base,9,45.4,54
arm1,redmi9t,20260728-165144,mutation_1,0,40.8,82
arm1,redmi9t,20260728-165144,mutation_1,1,50.4,53
arm1,redmi9t,20260728-165144,mutation_1,10,46.0,75
arm1,redmi9t,20260728-165144,mutation_1,11,45.1,72
arm1,redmi9t,20260728-165144,mutation_1,12,42.9,74
arm1,redmi9t,20260728-165144,mutation_1,13,45.4,71
arm1,redmi9t,20260728-165144,mutation_1,14,41.4,74
arm1,redmi9t,20260728-165144,mutation_1,2,44.5,79
arm1,redmi9t,20260728-165144,mutation_1,3,45.4,50
arm1,redmi9t,20260728-165144,mutation_1,4,47.6,79
arm1,redmi9t,20260728-165144,mutation_1,5,45.7,77
arm1,redmi9t,20260728-165144,mutation_1,6,44.5,50
arm1,redmi9t,20260728-165144,mutation_1,7,42.3,73
arm1,redmi9t,20260728-165144,mutation_1,8,45.4,54
arm1,redmi9t,20260728-165144,mutation_1,9,47.3,83
arm1,redmi9t,20260728-165144,mutation_2,0,45.4,48
arm1,redmi9t,20260728-165144,mutation_2,1,52.2,50
arm1,redmi9t,20260728-165144,mutation_2,10,44.5,80
arm1,redmi9t,20260728-165144,mutation_2,11,44.2,80
arm1,redmi9t,20260728-165144,mutation_2,12,44.2,82
arm1,redmi9t,20260728-165144,mutation_2,13,41.7,78
arm1,redmi9t,20260728-165144,mutation_2,14,40.5,80
arm1,redmi9t,20260728-165144,mutation_2,2,46.3,48
arm1,redmi9t,20260728-165144,mutation_2,3,43.9,81
arm1,redmi9t,20260728-165144,mutation_2,4,43.9,80
arm1,redmi9t,20260728-165144,mutation_2,5,42.6,72
arm1,redmi9t,20260728-165144,mutation_2,6,51.6,49
arm1,redmi9t,20260728-165144,mutation_2,7,48.8,82
arm1,redmi9t,20260728-165144,mutation_2,8,43.2,80
arm1,redmi9t,20260728-165144,mutation_2,9,44.8,49
arm1,redmi9t,20260728-165144,mutation_3,0,47.3,80
arm1,redmi9t,20260728-165144,mutation_3,1,43.9,82
arm1,redmi9t,20260728-165144,mutation_3,10,44.8,47
arm1,redmi9t,20260728-165144,mutation_3,11,48.8,46
arm1,redmi9t,20260728-165144,mutation_3,12,40.8,72
arm1,redmi9t,20260728-165144,mutation_3,13,41.4,81
arm1,redmi9t,20260728-165144,mutation_3,14,45.4,81
arm1,redmi9t,20260728-165144,mutation_3,2,42.0,81
arm1,redmi9t,20260728-165144,mutation_3,3,43.2,80
arm1,redmi9t,20260728-165144,mutation_3,4,51.0,48
arm1,redmi9t,20260728-165144,mutation_3,5,45.1,50
arm1,redmi9t,20260728-165144,mutation_3,6,44.8,49
arm1,redmi9t,20260728-165144,mutation_3,7,48.2,81
arm1,redmi9t,20260728-165144,mutation_3,8,41.7,76
arm1,redmi9t,20260728-165144,mutation_3,9,41.7,73
arm1,redmi9t,20260728-165144,mutation_4,0,48.5,81
arm1,redmi9t,20260728-165144,mutation_4,1,45.1,47
arm1,redmi9t,20260728-165144,mutation_4,10,39.5,72
arm1,redmi9t,20260728-165144,mutation_4,11,41.4,75
arm1,redmi9t,20260728-165144,mutation_4,12,45.1,47
arm1,redmi9t,20260728-165144,mutation_4,13,41.7,83
arm1,redmi9t,20260728-165144,mutation_4,14,43.6,53
arm1,redmi9t,20260728-165144,mutation_4,2,44.8,72
arm1,redmi9t,20260728-165144,mutation_4,3,49.1,54
arm1,redmi9t,20260728-165144,mutation_4,4,41.7,74
arm1,redmi9t,20260728-165144,mutation_4,5,45.4,80
arm1,redmi9t,20260728-165144,mutation_4,6,45.4,51
arm1,redmi9t,20260728-165144,mutation_4,7,44.5,81
arm1,redmi9t,20260728-165144,mutation_4,8,41.1,81
arm1,redmi9t,20260728-165144,mutation_4,9,49.7,76
arm1,redmi9t,20260728-165144,mutation_5,0,42.6,73
arm1,redmi9t,20260728-165144,mutation_5,1,43.9,81
arm1,redmi9t,20260728-165144,mutation_5,10,40.5,81
arm1,redmi9t,20260728-165144,mutation_5,11,48.2,83
arm1,redmi9t,20260728-165144,mutation_5,12,45.4,47
arm1,redmi9t,20260728-165144,mutation_5,13,42.3,80
arm1,redmi9t,20260728-165144,mutation_5,14,42.9,75
arm1,redmi9t,20260728-165144,mutation_5,2,39.5,74
arm1,redmi9t,20260728-165144,mutation_5,3,41.1,81
arm1,redmi9t,20260728-165144,mutation_5,4,46.7,80
arm1,redmi9t,20260728-165144,mutation_5,5,43.6,81
arm1,redmi9t,20260728-165144,mutation_5,6,41.7,80
arm1,redmi9t,20260728-165144,mutation_5,7,39.5,80
arm1,redmi9t,20260728-165144,mutation_5,8,39.2,75
arm1,redmi9t,20260728-165144,mutation_5,9,44.8,53
arm1,redmi9t,20260728-165144,mutation_6,0,44.2,47
arm1,redmi9t,20260728-165144,mutation_6,1,48.5,75
arm1,redmi9t,20260728-165144,mutation_6,10,44.8,51
arm1,redmi9t,20260728-165144,mutation_6,11,42.6,79
arm1,redmi9t,20260728-165144,mutation_6,12,44.2,81
arm1,redmi9t,20260728-165144,mutation_6,13,41.4,77
arm1,redmi9t,20260728-165144,mutation_6,14,44.5,52
arm1,redmi9t,20260728-165144,mutation_6,2,40.2,82
arm1,redmi9t,20260728-165144,mutation_6,3,47.0,51
arm1,redmi9t,20260728-165144,mutation_6,4,42.0,82
arm1,redmi9t,20260728-165144,mutation_6,5,46.0,79
arm1,redmi9t,20260728-165144,mutation_6,6,45.4,53
arm1,redmi9t,20260728-165144,mutation_6,7,47.3,77
arm1,redmi9t,20260728-165144,mutation_6,8,40.2,80
arm1,redmi9t,20260728-165144,mutation_6,9,43.2,79
arm1,redmi9t,20260728-165144,mutation_7,0,45.7,52
arm1,redmi9t,20260728-165144,mutation_7,1,46.0,78
arm1,redmi9t,20260728-165144,mutation_7,10,45.4,46
arm1,redmi9t,20260728-165144,mutation_7,11,43.9,80
arm1,redmi9t,20260728-165144,mutation_7,12,44.5,81
arm1,redmi9t,20260728-165144,mutation_7,13,44.8,80
arm1,redmi9t,20260728-165144,mutation_7,14,44.2,81
arm1,redmi9t,20260728-165144,mutation_7,2,45.1,49
arm1,redmi9t,20260728-165144,mutation_7,3,45.4,50
arm1,redmi9t,20260728-165144,mutation_7,4,49.4,51
arm1,redmi9t,20260728-165144,mutation_7,5,48.2,81
arm1,redmi9t,20260728-165144,mutation_7,6,45.1,48
arm1,redmi9t,20260728-165144,mutation_7,7,46.3,78
arm1,redmi9t,20260728-165144,mutation_7,8,47.6,81
arm1,redmi9t,20260728-165144,mutation_7,9,45.4,80
arm1,redmi9t,20260728-165144,mutation_8,0,51.6,83
arm1,redmi9t,20260728-165144,mutation_8,1,43.6,79
arm1,redmi9t,20260728-165144,mutation_8,10,43.6,76
arm1,redmi9t,20260728-165144,mutation_8,11,44.5,52
arm1,redmi9t,20260728-165144,mutation_8,12,42.3,82
arm1,redmi9t,20260728-165144,mutation_8,13,43.9,54
arm1,redmi9t,20260728-165144,mutation_8,14,40.8,76
arm1,redmi9t,20260728-165144,mutation_8,2,47.9,79
arm1,redmi9t,20260728-165144,mutation_8,3,39.5,75
arm1,redmi9t,20260728-165144,mutation_8,4,44.8,80
arm1,redmi9t,20260728-165144,mutation_8,5,42.9,78
arm1,redmi9t,20260728-165144,mutation_8,6,40.8,76
arm1,redmi9t,20260728-165144,mutation_8,7,40.2,81
arm1,redmi9t,20260728-165144,mutation_8,8,50.7,53
arm1,redmi9t,20260728-165144,mutation_8,9,43.2,77
arm1,redmi9t,20260729-034356,base,0,42.6,64
arm1,redmi9t,20260729-034356,base,1,45.7,82
arm1,redmi9t,20260729-034356,base,10,40.5,68
arm1,redmi9t,20260729-034356,base,11,49.7,60
arm1,redmi9t,20260729-034356,base,12,42.6,66
arm1,redmi9t,20260729-034356,base,13,44.5,66
arm1,redmi9t,20260729-034356,base,14,41.7,76
arm1,redmi9t,20260729-034356,base,2,41.7,76
arm1,redmi9t,20260729-034356,base,3,45.7,59
arm1,redmi9t,20260729-034356,base,4,46.0,60
arm1,redmi9t,20260729-034356,base,5,47.9,67
arm1,redmi9t,20260729-034356,base,6,43.6,58
arm1,redmi9t,20260729-034356,base,7,42.9,80
arm1,redmi9t,20260729-034356,base,8,40.8,69
arm1,redmi9t,20260729-034356,base,9,42.0,83
arm1,redmi9t,20260729-034356,mutation_1,0,41.7,68
arm1,redmi9t,20260729-034356,mutation_1,1,42.0,83
arm1,redmi9t,20260729-034356,mutation_1,10,45.1,62
arm1,redmi9t,20260729-034356,mutation_1,11,43.9,59
arm1,redmi9t,20260729-034356,mutation_1,12,43.6,60
arm1,redmi9t,20260729-034356,mutation_1,13,49.7,58
arm1,redmi9t,20260729-034356,mutation_1,14,44.5,60
arm1,redmi9t,20260729-034356,mutation_1,2,42.0,73
arm1,redmi9t,20260729-034356,mutation_1,3,47.9,80
arm1,redmi9t,20260729-034356,mutation_1,4,44.2,65
arm1,redmi9t,20260729-034356,mutation_1,5,44.2,64
arm1,redmi9t,20260729-034356,mutation_1,6,42.6,80
arm1,redmi9t,20260729-034356,mutation_1,7,42.9,59
arm1,redmi9t,20260729-034356,mutation_1,8,53.5,84
arm1,redmi9t,20260729-034356,mutation_1,9,41.1,69
arm1,redmi9t,20260729-034356,mutation_2,0,42.6,78
arm1,redmi9t,20260729-034356,mutation_2,1,44.2,80
arm1,redmi9t,20260729-034356,mutation_2,10,47.6,74
arm1,redmi9t,20260729-034356,mutation_2,11,40.5,73
arm1,redmi9t,20260729-034356,mutation_2,12,47.6,72
arm1,redmi9t,20260729-034356,mutation_2,13,44.8,65
arm1,redmi9t,20260729-034356,mutation_2,14,41.1,67
arm1,redmi9t,20260729-034356,mutation_2,2,43.2,78
arm1,redmi9t,20260729-034356,mutation_2,3,42.9,67
arm1,redmi9t,20260729-034356,mutation_2,4,42.6,74
arm1,redmi9t,20260729-034356,mutation_2,5,43.9,58
arm1,redmi9t,20260729-034356,mutation_2,6,42.6,79
arm1,redmi9t,20260729-034356,mutation_2,7,42.0,69
arm1,redmi9t,20260729-034356,mutation_2,8,46.3,73
arm1,redmi9t,20260729-034356,mutation_2,9,42.6,79
arm1,redmi9t,20260729-034356,mutation_3,0,41.7,67
arm1,redmi9t,20260729-034356,mutation_3,1,46.3,69
arm1,redmi9t,20260729-034356,mutation_3,10,46.0,77
arm1,redmi9t,20260729-034356,mutation_3,11,42.0,77
arm1,redmi9t,20260729-034356,mutation_3,12,41.7,58
arm1,redmi9t,20260729-034356,mutation_3,13,42.9,68
arm1,redmi9t,20260729-034356,mutation_3,14,42.9,75
arm1,redmi9t,20260729-034356,mutation_3,2,42.0,72
arm1,redmi9t,20260729-034356,mutation_3,3,42.3,66
arm1,redmi9t,20260729-034356,mutation_3,4,47.9,78
arm1,redmi9t,20260729-034356,mutation_3,5,46.0,80
arm1,redmi9t,20260729-034356,mutation_3,6,41.7,79
arm1,redmi9t,20260729-034356,mutation_3,7,42.9,75
arm1,redmi9t,20260729-034356,mutation_3,8,47.6,63
arm1,redmi9t,20260729-034356,mutation_3,9,42.9,59
arm1,redmi9t,20260729-034356,mutation_4,0,41.4,76
arm1,redmi9t,20260729-034356,mutation_4,1,42.9,77
arm1,redmi9t,20260729-034356,mutation_4,10,42.9,58
arm1,redmi9t,20260729-034356,mutation_4,11,46.3,59
arm1,redmi9t,20260729-034356,mutation_4,12,42.6,78
arm1,redmi9t,20260729-034356,mutation_4,13,45.4,69
arm1,redmi9t,20260729-034356,mutation_4,14,43.2,83
arm1,redmi9t,20260729-034356,mutation_4,2,41.7,58
arm1,redmi9t,20260729-034356,mutation_4,3,42.3,83
arm1,redmi9t,20260729-034356,mutation_4,4,46.0,61
arm1,redmi9t,20260729-034356,mutation_4,5,42.0,74
arm1,redmi9t,20260729-034356,mutation_4,6,41.4,81
arm1,redmi9t,20260729-034356,mutation_4,7,43.9,75
arm1,redmi9t,20260729-034356,mutation_4,8,42.0,68
arm1,redmi9t,20260729-034356,mutation_4,9,42.3,62
arm1,redmi9t,20260729-034356,mutation_5,0,42.0,59
arm1,redmi9t,20260729-034356,mutation_5,1,45.4,75
arm1,redmi9t,20260729-034356,mutation_5,10,41.1,71
arm1,redmi9t,20260729-034356,mutation_5,11,42.3,70
arm1,redmi9t,20260729-034356,mutation_5,12,41.4,78
arm1,redmi9t,20260729-034356,mutation_5,13,47.3,70
arm1,redmi9t,20260729-034356,mutation_5,14,42.3,62
arm1,redmi9t,20260729-034356,mutation_5,2,42.6,61
arm1,redmi9t,20260729-034356,mutation_5,3,40.5,71
arm1,redmi9t,20260729-034356,mutation_5,4,42.6,70
arm1,redmi9t,20260729-034356,mutation_5,5,44.2,75
arm1,redmi9t,20260729-034356,mutation_5,6,47.0,70
arm1,redmi9t,20260729-034356,mutation_5,7,46.0,71
arm1,redmi9t,20260729-034356,mutation_5,8,42.6,62
arm1,redmi9t,20260729-034356,mutation_5,9,41.7,82
arm1,redmi9t,20260729-034356,mutation_6,0,49.1,77
arm1,redmi9t,20260729-034356,mutation_6,1,46.0,62
arm1,redmi9t,20260729-034356,mutation_6,10,41.4,81
arm1,redmi9t,20260729-034356,mutation_6,11,41.7,73
arm1,redmi9t,20260729-034356,mutation_6,12,45.4,72
arm1,redmi9t,20260729-034356,mutation_6,13,45.4,64
arm1,redmi9t,20260729-034356,mutation_6,14,42.6,82
arm1,redmi9t,20260729-034356,mutation_6,2,43.2,68
arm1,redmi9t,20260729-034356,mutation_6,3,45.4,81
arm1,redmi9t,20260729-034356,mutation_6,4,42.6,72
arm1,redmi9t,20260729-034356,mutation_6,5,48.8,73
arm1,redmi9t,20260729-034356,mutation_6,6,42.0,82
arm1,redmi9t,20260729-034356,mutation_6,7,45.7,64
arm1,redmi9t,20260729-034356,mutation_6,8,43.2,71
arm1,redmi9t,20260729-034356,mutation_6,9,40.8,66
arm1,redmi9t,20260729-034356,mutation_7,0,47.0,82
arm1,redmi9t,20260729-034356,mutation_7,1,42.3,65
arm1,redmi9t,20260729-034356,mutation_7,10,44.8,77
arm1,redmi9t,20260729-034356,mutation_7,11,43.6,74
arm1,redmi9t,20260729-034356,mutation_7,12,42.3,76
arm1,redmi9t,20260729-034356,mutation_7,13,40.8,67
arm1,redmi9t,20260729-034356,mutation_7,14,46.7,76
arm1,redmi9t,20260729-034356,mutation_7,2,46.0,79
arm1,redmi9t,20260729-034356,mutation_7,3,42.3,80
arm1,redmi9t,20260729-034356,mutation_7,4,42.9,81
arm1,redmi9t,20260729-034356,mutation_7,5,45.4,75
arm1,redmi9t,20260729-034356,mutation_7,6,42.6,78
arm1,redmi9t,20260729-034356,mutation_7,7,54.4,59
arm1,redmi9t,20260729-034356,mutation_7,8,42.0,74
arm1,redmi9t,20260729-034356,mutation_7,9,42.0,71
arm1,redmi9t,20260729-034356,mutation_8,0,47.3,70
arm1,redmi9t,20260729-034356,mutation_8,1,42.0,65
arm1,redmi9t,20260729-034356,mutation_8,10,42.9,63
arm1,redmi9t,20260729-034356,mutation_8,11,47.6,82
arm1,redmi9t,20260729-034356,mutation_8,12,42.0,68
arm1,redmi9t,20260729-034356,mutation_8,13,43.6,83
arm1,redmi9t,20260729-034356,mutation_8,14,41.4,63
arm1,redmi9t,20260729-034356,mutation_8,2,47.0,66
arm1,redmi9t,20260729-034356,mutation_8,3,41.4,61
arm1,redmi9t,20260729-034356,mutation_8,4,41.7,73
arm1,redmi9t,20260729-034356,mutation_8,5,41.7,64
arm1,redmi9t,20260729-034356,mutation_8,6,43.9,63
arm1,redmi9t,20260729-034356,mutation_8,7,41.7,72
arm1,redmi9t,20260729-034356,mutation_8,8,42.0,83
arm1,redmi9t,20260729-034356,mutation_8,9,42.3,63
arm1,redmi9t,20260729-081853,base,0,43.9,36
arm1,redmi9t,20260729-081853,base,1,49.7,55
arm1,redmi9t,20260729-081853,base,10,47.6,41
arm1,redmi9t,20260729-081853,base,11,44.5,32
arm1,redmi9t,20260729-081853,base,12,45.1,39
arm1,redmi9t,20260729-081853,base,13,49.1,39
arm1,redmi9t,20260729-081853,base,14,43.2,49
arm1,redmi9t,20260729-081853,base,2,43.6,50
arm1,redmi9t,20260729-081853,base,3,45.1,31
arm1,redmi9t,20260729-081853,base,4,43.9,31
arm1,redmi9t,20260729-081853,base,5,43.6,40
arm1,redmi9t,20260729-081853,base,6,41.4,83
arm1,redmi9t,20260729-081853,base,7,45.1,53
arm1,redmi9t,20260729-081853,base,8,43.9,43
arm1,redmi9t,20260729-081853,base,9,43.2,57
arm1,redmi9t,20260729-081853,mutation_1,0,43.6,41
arm1,redmi9t,20260729-081853,mutation_1,1,42.9,56
arm1,redmi9t,20260729-081853,mutation_1,10,43.2,34
arm1,redmi9t,20260729-081853,mutation_1,11,50.4,30
arm1,redmi9t,20260729-081853,mutation_1,12,49.1,32
arm1,redmi9t,20260729-081853,mutation_1,13,40.2,83
arm1,redmi9t,20260729-081853,mutation_1,14,43.6,33
arm1,redmi9t,20260729-081853,mutation_1,2,43.9,46
arm1,redmi9t,20260729-081853,mutation_1,3,43.2,54
arm1,redmi9t,20260729-081853,mutation_1,4,46.3,38
arm1,redmi9t,20260729-081853,mutation_1,5,44.5,37
arm1,redmi9t,20260729-081853,mutation_1,6,48.2,54
arm1,redmi9t,20260729-081853,mutation_1,7,44.2,30
arm1,redmi9t,20260729-081853,mutation_1,8,46.7,57
arm1,redmi9t,20260729-081853,mutation_1,9,43.9,43
arm1,redmi9t,20260729-081853,mutation_2,0,48.8,52
arm1,redmi9t,20260729-081853,mutation_2,1,45.4,54
arm1,redmi9t,20260729-081853,mutation_2,10,45.7,47
arm1,redmi9t,20260729-081853,mutation_2,11,45.7,47
arm1,redmi9t,20260729-081853,mutation_2,12,43.2,46
arm1,redmi9t,20260729-081853,mutation_2,13,44.5,38
arm1,redmi9t,20260729-081853,mutation_2,14,46.7,40
arm1,redmi9t,20260729-081853,mutation_2,2,43.6,52
arm1,redmi9t,20260729-081853,mutation_2,3,46.0,40
arm1,redmi9t,20260729-081853,mutation_2,4,42.9,48
arm1,redmi9t,20260729-081853,mutation_2,5,44.5,30
arm1,redmi9t,20260729-081853,mutation_2,6,43.2,53
arm1,redmi9t,20260729-081853,mutation_2,7,42.3,42
arm1,redmi9t,20260729-081853,mutation_2,8,43.9,47
arm1,redmi9t,20260729-081853,mutation_2,9,47.6,52
arm1,redmi9t,20260729-081853,mutation_3,0,44.5,39
arm1,redmi9t,20260729-081853,mutation_3,1,44.5,42
arm1,redmi9t,20260729-081853,mutation_3,10,47.6,51
arm1,redmi9t,20260729-081853,mutation_3,11,44.8,50
arm1,redmi9t,20260729-081853,mutation_3,12,44.2,30
arm1,redmi9t,20260729-081853,mutation_3,13,43.6,41
arm1,redmi9t,20260729-081853,mutation_3,14,42.6,49
arm1,redmi9t,20260729-081853,mutation_3,2,43.6,45
arm1,redmi9t,20260729-081853,mutation_3,3,44.2,39
arm1,redmi9t,20260729-081853,mutation_3,4,44.5,52
arm1,redmi9t,20260729-081853,mutation_3,5,46.0,54
arm1,redmi9t,20260729-081853,mutation_3,6,44.2,53
arm1,redmi9t,20260729-081853,mutation_3,7,44.5,48
arm1,redmi9t,20260729-081853,mutation_3,8,46.0,35
arm1,redmi9t,20260729-081853,mutation_3,9,43.9,31
arm1,redmi9t,20260729-081853,mutation_4,0,43.6,50
arm1,redmi9t,20260729-081853,mutation_4,1,43.9,51
arm1,redmi9t,20260729-081853,mutation_4,10,47.9,83
arm1,redmi9t,20260729-081853,mutation_4,11,44.8,33
arm1,redmi9t,20260729-081853,mutation_4,12,47.0,51
arm1,redmi9t,20260729-081853,mutation_4,13,42.9,43
arm1,redmi9t,20260729-081853,mutation_4,14,42.0,56
arm1,redmi9t,20260729-081853,mutation_4,2,44.2,30
arm1,redmi9t,20260729-081853,mutation_4,3,43.6,57
arm1,redmi9t,20260729-081853,mutation_4,4,42.9,33
arm1,redmi9t,20260729-081853,mutation_4,5,48.2,48
arm1,redmi9t,20260729-081853,mutation_4,6,42.6,55
arm1,redmi9t,20260729-081853,mutation_4,7,43.2,49
arm1,redmi9t,20260729-081853,mutation_4,8,48.8,41
arm1,redmi9t,20260729-081853,mutation_4,9,43.9,34
arm1,redmi9t,20260729-081853,mutation_5,0,45.7,31
arm1,redmi9t,20260729-081853,mutation_5,1,43.9,49
arm1,redmi9t,20260729-081853,mutation_5,10,43.6,45
arm1,redmi9t,20260729-081853,mutation_5,11,43.9,43
arm1,redmi9t,20260729-081853,mutation_5,12,43.9,52
arm1,redmi9t,20260729-081853,mutation_5,13,44.2,44
arm1,redmi9t,20260729-081853,mutation_5,14,43.6,34
arm1,redmi9t,20260729-081853,mutation_5,2,43.6,33
arm1,redmi9t,20260729-081853,mutation_5,3,42.9,45
arm1,redmi9t,20260729-081853,mutation_5,4,43.6,44
arm1,redmi9t,20260729-081853,mutation_5,5,43.6,48
arm1,redmi9t,20260729-081853,mutation_5,6,46.7,44
arm1,redmi9t,20260729-081853,mutation_5,7,47.6,44
arm1,redmi9t,20260729-081853,mutation_5,8,46.7,34
arm1,redmi9t,20260729-081853,mutation_5,9,44.2,56
arm1,redmi9t,20260729-081853,mutation_6,0,47.9,51
arm1,redmi9t,20260729-081853,mutation_6,1,43.6,34
arm1,redmi9t,20260729-081853,mutation_6,10,42.9,55
arm1,redmi9t,20260729-081853,mutation_6,11,43.6,46
arm1,redmi9t,20260729-081853,mutation_6,12,43.6,45
arm1,redmi9t,20260729-081853,mutation_6,13,42.9,36
arm1,redmi9t,20260729-081853,mutation_6,14,44.2,56
arm1,redmi9t,20260729-081853,mutation_6,2,44.5,41
arm1,redmi9t,20260729-081853,mutation_6,3,42.0,54
arm1,redmi9t,20260729-081853,mutation_6,4,42.6,46
arm1,redmi9t,20260729-081853,mutation_6,5,42.6,47
arm1,redmi9t,20260729-081853,mutation_6,6,42.9,56
arm1,redmi9t,20260729-081853,mutation_6,7,50.4,37
arm1,redmi9t,20260729-081853,mutation_6,8,44.2,45
arm1,redmi9t,20260729-081853,mutation_6,9,45.4,39
arm1,redmi9t,20260729-081853,mutation_7,0,45.1,55
arm1,redmi9t,20260729-081853,mutation_7,1,47.6,38
arm1,redmi9t,20260729-081853,mutation_7,10,43.9,51
arm1,redmi9t,20260729-081853,mutation_7,11,45.1,48
arm1,redmi9t,20260729-081853,mutation_7,12,46.3,50
arm1,redmi9t,20260729-081853,mutation_7,13,43.2,40
arm1,redmi9t,20260729-081853,mutation_7,14,47.6,50
arm1,redmi9t,20260729-081853,mutation_7,2,42.9,53
arm1,redmi9t,20260729-081853,mutation_7,3,42.6,53
arm1,redmi9t,20260729-081853,mutation_7,4,42.3,54
arm1,redmi9t,20260729-081853,mutation_7,5,46.7,49
arm1,redmi9t,20260729-081853,mutation_7,6,44.8,52
arm1,redmi9t,20260729-081853,mutation_7,7,46.3,37
arm1,redmi9t,20260729-081853,mutation_7,8,46.7,48
arm1,redmi9t,20260729-081853,mutation_7,9,50.1,44
arm1,redmi9t,20260729-081853,mutation_8,0,44.5,44
arm1,redmi9t,20260729-081853,mutation_8,1,42.9,38
arm1,redmi9t,20260729-081853,mutation_8,10,44.8,35
arm1,redmi9t,20260729-081853,mutation_8,11,43.2,55
arm1,redmi9t,20260729-081853,mutation_8,12,44.2,42
arm1,redmi9t,20260729-081853,mutation_8,13,47.9,57
arm1,redmi9t,20260729-081853,mutation_8,14,43.9,35
arm1,redmi9t,20260729-081853,mutation_8,2,44.2,39
arm1,redmi9t,20260729-081853,mutation_8,3,43.2,33
arm1,redmi9t,20260729-081853,mutation_8,4,46.3,47
arm1,redmi9t,20260729-081853,mutation_8,5,48.2,37
arm1,redmi9t,20260729-081853,mutation_8,6,42.9,35
arm1,redmi9t,20260729-081853,mutation_8,7,47.3,46
arm1,redmi9t,20260729-081853,mutation_8,8,43.2,57
arm1,redmi9t,20260729-081853,mutation_8,9,43.2,36
arm1,redmi9t,20260729-161514,base,0,40.2,64
arm1,redmi9t,20260729-161514,base,1,43.6,82
arm1,redmi9t,20260729-161514,base,10,49.4,69
arm1,redmi9t,20260729-161514,base,11,40.2,60
arm1,redmi9t,20260729-161514,base,12,43.2,66
arm1,redmi9t,20260729-161514,base,13,48.5,66
arm1,redmi9t,20260729-161514,base,14,51.0,76
arm1,redmi9t,20260729-161514,base,2,43.2,77
arm1,redmi9t,20260729-161514,base,3,40.8,60
arm1,redmi9t,20260729-161514,base,4,48.2,60
arm1,redmi9t,20260729-161514,base,5,40.5,67
arm1,redmi9t,20260729-161514,base,6,42.0,58
arm1,redmi9t,20260729-161514,base,7,41.7,80
arm1,redmi9t,20260729-161514,base,8,41.1,70
arm1,redmi9t,20260729-161514,base,9,41.4,82
arm1,redmi9t,20260729-161514,mutation_1,0,39.8,68
arm1,redmi9t,20260729-161514,mutation_1,1,41.7,83
arm1,redmi9t,20260729-161514,mutation_1,10,48.5,61
arm1,redmi9t,20260729-161514,mutation_1,11,40.2,59
arm1,redmi9t,20260729-161514,mutation_1,12,45.1,60
arm1,redmi9t,20260729-161514,mutation_1,13,43.6,58
arm1,redmi9t,20260729-161514,mutation_1,14,40.5,60
arm1,redmi9t,20260729-161514,mutation_1,2,48.2,72
arm1,redmi9t,20260729-161514,mutation_1,3,40.2,80
arm1,redmi9t,20260729-161514,mutation_1,4,40.2,65
arm1,redmi9t,20260729-161514,mutation_1,5,47.9,64
arm1,redmi9t,20260729-161514,mutation_1,6,43.2,80
arm1,redmi9t,20260729-161514,mutation_1,7,40.2,59
arm1,redmi9t,20260729-161514,mutation_1,8,42.9,83
arm1,redmi9t,20260729-161514,mutation_1,9,43.9,69
arm1,redmi9t,20260729-161514,mutation_2,0,41.7,79
arm1,redmi9t,20260729-161514,mutation_2,1,40.2,81
arm1,redmi9t,20260729-161514,mutation_2,10,41.4,73
arm1,redmi9t,20260729-161514,mutation_2,11,42.3,73
arm1,redmi9t,20260729-161514,mutation_2,12,40.5,72
arm1,redmi9t,20260729-161514,mutation_2,13,47.6,65
arm1,redmi9t,20260729-161514,mutation_2,14,40.2,67
arm1,redmi9t,20260729-161514,mutation_2,2,41.1,78
arm1,redmi9t,20260729-161514,mutation_2,3,48.5,67
arm1,redmi9t,20260729-161514,mutation_2,4,41.4,74
arm1,redmi9t,20260729-161514,mutation_2,5,45.4,59
arm1,redmi9t,20260729-161514,mutation_2,6,43.6,79
arm1,redmi9t,20260729-161514,mutation_2,7,45.4,69
arm1,redmi9t,20260729-161514,mutation_2,8,41.1,73
arm1,redmi9t,20260729-161514,mutation_2,9,40.2,79
arm1,redmi9t,20260729-161514,mutation_3,0,40.8,67
arm1,redmi9t,20260729-161514,mutation_3,1,43.9,69
arm1,redmi9t,20260729-161514,mutation_3,10,45.7,77
arm1,redmi9t,20260729-161514,mutation_3,11,49.4,77
arm1,redmi9t,20260729-161514,mutation_3,12,40.2,58
arm1,redmi9t,20260729-161514,mutation_3,13,49.7,67
arm1,redmi9t,20260729-161514,mutation_3,14,40.2,75
arm1,redmi9t,20260729-161514,mutation_3,2,40.5,72
arm1,redmi9t,20260729-161514,mutation_3,3,39.8,66
arm1,redmi9t,20260729-161514,mutation_3,4,48.5,78
arm1,redmi9t,20260729-161514,mutation_3,5,46.3,80
arm1,redmi9t,20260729-161514,mutation_3,6,49.7,79
arm1,redmi9t,20260729-161514,mutation_3,7,42.6,74
arm1,redmi9t,20260729-161514,mutation_3,8,48.2,63
arm1,redmi9t,20260729-161514,mutation_3,9,40.5,59
arm1,redmi9t,20260729-161514,mutation_4,0,42.3,76
arm1,redmi9t,20260729-161514,mutation_4,1,44.2,78
arm1,redmi9t,20260729-161514,mutation_4,10,43.2,58
arm1,redmi9t,20260729-161514,mutation_4,11,50.1,61
arm1,redmi9t,20260729-161514,mutation_4,12,41.7,78
arm1,redmi9t,20260729-161514,mutation_4,13,40.5,69
arm1,redmi9t,20260729-161514,mutation_4,14,48.2,82
arm1,redmi9t,20260729-161514,mutation_4,2,48.8,58
arm1,redmi9t,20260729-161514,mutation_4,3,47.3,83
arm1,redmi9t,20260729-161514,mutation_4,4,48.8,61
arm1,redmi9t,20260729-161514,mutation_4,5,45.4,74
arm1,redmi9t,20260729-161514,mutation_4,6,41.7,81
arm1,redmi9t,20260729-161514,mutation_4,7,42.6,75
arm1,redmi9t,20260729-161514,mutation_4,8,38.6,68
arm1,redmi9t,20260729-161514,mutation_4,9,40.5,63
arm1,redmi9t,20260729-161514,mutation_5,0,41.4,59
arm1,redmi9t,20260729-161514,mutation_5,1,42.3,75
arm1,redmi9t,20260729-161514,mutation_5,10,46.7,71
arm1,redmi9t,20260729-161514,mutation_5,11,48.5,70
arm1,redmi9t,20260729-161514,mutation_5,12,39.8,78
arm1,redmi9t,20260729-161514,mutation_5,13,39.8,71
arm1,redmi9t,20260729-161514,mutation_5,14,39.5,62
arm1,redmi9t,20260729-161514,mutation_5,2,47.3,61
arm1,redmi9t,20260729-161514,mutation_5,3,41.7,71
arm1,redmi9t,20260729-161514,mutation_5,4,46.7,70
arm1,redmi9t,20260729-161514,mutation_5,5,42.3,75
arm1,redmi9t,20260729-161514,mutation_5,6,40.2,70
arm1,redmi9t,20260729-161514,mutation_5,7,39.5,71
arm1,redmi9t,20260729-161514,mutation_5,8,46.0,62
arm1,redmi9t,20260729-161514,mutation_5,9,47.9,82
arm1,redmi9t,20260729-161514,mutation_6,0,41.1,77
arm1,redmi9t,20260729-161514,mutation_6,1,40.8,62
arm1,redmi9t,20260729-161514,mutation_6,10,51.0,81
arm1,redmi9t,20260729-161514,mutation_6,11,42.3,73
arm1,redmi9t,20260729-161514,mutation_6,12,41.7,72
arm1,redmi9t,20260729-161514,mutation_6,13,41.4,64
arm1,redmi9t,20260729-161514,mutation_6,14,41.4,82
arm1,redmi9t,20260729-161514,mutation_6,2,41.1,68
arm1,redmi9t,20260729-161514,mutation_6,3,40.5,81
arm1,redmi9t,20260729-161514,mutation_6,4,48.8,72
arm1,redmi9t,20260729-161514,mutation_6,5,40.8,73
arm1,redmi9t,20260729-161514,mutation_6,6,39.2,82
arm1,redmi9t,20260729-161514,mutation_6,7,40.2,64
arm1,redmi9t,20260729-161514,mutation_6,8,41.1,71
arm1,redmi9t,20260729-161514,mutation_6,9,41.4,66
arm1,redmi9t,20260729-161514,mutation_7,0,39.8,82
arm1,redmi9t,20260729-161514,mutation_7,1,41.7,65
arm1,redmi9t,20260729-161514,mutation_7,10,46.3,77
arm1,redmi9t,20260729-161514,mutation_7,11,42.3,74
arm1,redmi9t,20260729-161514,mutation_7,12,39.8,76
arm1,redmi9t,20260729-161514,mutation_7,13,40.2,67
arm1,redmi9t,20260729-161514,mutation_7,14,39.5,76
arm1,redmi9t,20260729-161514,mutation_7,2,40.5,79
arm1,redmi9t,20260729-161514,mutation_7,3,40.8,80
arm1,redmi9t,20260729-161514,mutation_7,4,39.8,81
arm1,redmi9t,20260729-161514,mutation_7,5,42.3,75
arm1,redmi9t,20260729-161514,mutation_7,6,46.0,78
arm1,redmi9t,20260729-161514,mutation_7,7,49.7,64
arm1,redmi9t,20260729-161514,mutation_7,8,45.4,74
arm1,redmi9t,20260729-161514,mutation_7,9,42.9,71
arm1,redmi9t,20260729-161514,mutation_8,0,41.4,70
arm1,redmi9t,20260729-161514,mutation_8,1,40.8,65
arm1,redmi9t,20260729-161514,mutation_8,10,40.5,63
arm1,redmi9t,20260729-161514,mutation_8,11,39.5,82
arm1,redmi9t,20260729-161514,mutation_8,12,45.7,69
arm1,redmi9t,20260729-161514,mutation_8,13,49.7,82
arm1,redmi9t,20260729-161514,mutation_8,14,48.2,63
arm1,redmi9t,20260729-161514,mutation_8,2,41.1,66
arm1,redmi9t,20260729-161514,mutation_8,3,43.2,61
arm1,redmi9t,20260729-161514,mutation_8,4,40.8,73
arm1,redmi9t,20260729-161514,mutation_8,5,47.3,65
arm1,redmi9t,20260729-161514,mutation_8,6,40.5,63
arm1,redmi9t,20260729-161514,mutation_8,7,41.1,72
arm1,redmi9t,20260729-161514,mutation_8,8,54.4,83
arm1,redmi9t,20260729-161514,mutation_8,9,39.2,64
arm1,redmi9t,20260729-230943,base,0,42.3,51
arm1,redmi9t,20260729-230943,base,1,44.5,73
arm1,redmi9t,20260729-230943,base,10,45.1,56
arm1,redmi9t,20260729-230943,base,11,43.2,47
arm1,redmi9t,20260729-230943,base,12,43.2,54
arm1,redmi9t,20260729-230943,base,13,44.2,53
arm1,redmi9t,20260729-230943,base,14,48.8,66
arm1,redmi9t,20260729-230943,base,2,45.7,66
arm1,redmi9t,20260729-230943,base,3,50.1,46
arm1,redmi9t,20260729-230943,base,4,47.3,46
arm1,redmi9t,20260729-230943,base,5,46.0,55
arm1,redmi9t,20260729-230943,base,6,43.2,44
arm1,redmi9t,20260729-230943,base,7,43.9,70
arm1,redmi9t,20260729-230943,base,8,42.9,58
arm1,redmi9t,20260729-230943,base,9,47.9,74
arm1,redmi9t,20260729-230943,mutation_1,0,47.6,56
arm1,redmi9t,20260729-230943,mutation_1,1,43.2,73
arm1,redmi9t,20260729-230943,mutation_1,10,43.6,48
arm1,redmi9t,20260729-230943,mutation_1,11,45.1,45
arm1,redmi9t,20260729-230943,mutation_1,12,46.7,47
arm1,redmi9t,20260729-230943,mutation_1,13,51.0,44
arm1,redmi9t,20260729-230943,mutation_1,14,45.1,47
arm1,redmi9t,20260729-230943,mutation_1,2,42.6,62
arm1,redmi9t,20260729-230943,mutation_1,3,50.7,71
arm1,redmi9t,20260729-230943,mutation_1,4,44.8,53
arm1,redmi9t,20260729-230943,mutation_1,5,44.2,52
arm1,redmi9t,20260729-230943,mutation_1,6,43.6,70
arm1,redmi9t,20260729-230943,mutation_1,7,47.6,46
arm1,redmi9t,20260729-230943,mutation_1,8,53.1,74
arm1,redmi9t,20260729-230943,mutation_1,9,43.6,57
arm1,redmi9t,20260729-230943,mutation_2,0,50.7,69
arm1,redmi9t,20260729-230943,mutation_2,1,46.0,71
arm1,redmi9t,20260729-230943,mutation_2,10,48.8,63
arm1,redmi9t,20260729-230943,mutation_2,11,50.7,62
arm1,redmi9t,20260729-230943,mutation_2,12,42.3,61
arm1,redmi9t,20260729-230943,mutation_2,13,46.0,52
arm1,redmi9t,20260729-230943,mutation_2,14,42.6,55
arm1,redmi9t,20260729-230943,mutation_2,2,48.5,68
arm1,redmi9t,20260729-230943,mutation_2,3,46.0,55
arm1,redmi9t,20260729-230943,mutation_2,4,43.9,64
arm1,redmi9t,20260729-230943,mutation_2,5,42.6,45
arm1,redmi9t,20260729-230943,mutation_2,6,47.3,69
arm1,redmi9t,20260729-230943,mutation_2,7,46.0,57
arm1,redmi9t,20260729-230943,mutation_2,8,45.7,63
arm1,redmi9t,20260729-230943,mutation_2,9,44.5,69
arm1,redmi9t,20260729-230943,mutation_3,0,44.8,54
arm1,redmi9t,20260729-230943,mutation_3,1,44.2,57
arm1,redmi9t,20260729-230943,mutation_3,10,46.7,67
arm1,redmi9t,20260729-230943,mutation_3,11,43.9,67
arm1,redmi9t,20260729-230943,mutation_3,12,43.9,45
arm1,redmi9t,20260729-230943,mutation_3,13,42.9,55
arm1,redmi9t,20260729-230943,mutation_3,14,47.3,65
arm1,redmi9t,20260729-230943,mutation_3,2,42.6,61
arm1,redmi9t,20260729-230943,mutation_3,3,50.7,84
arm1,redmi9t,20260729-230943,mutation_3,4,43.9,68
arm1,redmi9t,20260729-230943,mutation_3,5,53.8,71
arm1,redmi9t,20260729-230943,mutation_3,6,44.2,69
arm1,redmi9t,20260729-230943,mutation_3,7,42.6,64
arm1,redmi9t,20260729-230943,mutation_3,8,42.6,49
arm1,redmi9t,20260729-230943,mutation_3,9,46.0,46
arm1,redmi9t,20260729-230943,mutation_4,0,43.9,66
arm1,redmi9t,20260729-230943,mutation_4,1,43.9,67
arm1,redmi9t,20260729-230943,mutation_4,10,44.5,45
arm1,redmi9t,20260729-230943,mutation_4,11,43.2,48
arm1,redmi9t,20260729-230943,mutation_4,12,43.2,68
arm1,redmi9t,20260729-230943,mutation_4,13,51.3,57
arm1,redmi9t,20260729-230943,mutation_4,14,47.0,73
arm1,redmi9t,20260729-230943,mutation_4,2,50.7,45
arm1,redmi9t,20260729-230943,mutation_4,3,42.9,74
arm1,redmi9t,20260729-230943,mutation_4,4,45.4,47
arm1,redmi9t,20260729-230943,mutation_4,5,42.9,64
arm1,redmi9t,20260729-230943,mutation_4,6,45.1,72
arm1,redmi9t,20260729-230943,mutation_4,7,43.9,65
arm1,redmi9t,20260729-230943,mutation_4,8,49.7,56
arm1,redmi9t,20260729-230943,mutation_4,9,45.1,49
arm1,redmi9t,20260729-230943,mutation_5,0,43.6,46
arm1,redmi9t,20260729-230943,mutation_5,1,47.0,65
arm1,redmi9t,20260729-230943,mutation_5,10,42.0,60
arm1,redmi9t,20260729-230943,mutation_5,11,46.7,58
arm1,redmi9t,20260729-230943,mutation_5,12,42.9,68
arm1,redmi9t,20260729-230943,mutation_5,13,42.6,59
arm1,redmi9t,20260729-230943,mutation_5,14,42.0,49
arm1,redmi9t,20260729-230943,mutation_5,2,51.0,47
arm1,redmi9t,20260729-230943,mutation_5,3,42.9,60
arm1,redmi9t,20260729-230943,mutation_5,4,43.6,58
arm1,redmi9t,20260729-230943,mutation_5,5,42.6,64
arm1,redmi9t,20260729-230943,mutation_5,6,42.6,59
arm1,redmi9t,20260729-230943,mutation_5,7,42.3,59
arm1,redmi9t,20260729-230943,mutation_5,8,43.2,48
arm1,redmi9t,20260729-230943,mutation_5,9,43.2,73
arm1,redmi9t,20260729-230943,mutation_6,0,42.9,67
arm1,redmi9t,20260729-230943,mutation_6,1,42.9,48
arm1,redmi9t,20260729-230943,mutation_6,10,45.1,72
arm1,redmi9t,20260729-230943,mutation_6,11,46.3,62
arm1,redmi9t,20260729-230943,mutation_6,12,45.7,60
arm1,redmi9t,20260729-230943,mutation_6,13,48.5,51
arm1,redmi9t,20260729-230943,mutation_6,14,47.9,73
arm1,redmi9t,20260729-230943,mutation_6,2,47.0,56
arm1,redmi9t,20260729-230943,mutation_6,3,43.6,72
arm1,redmi9t,20260729-230943,mutation_6,4,43.6,61
arm1,redmi9t,20260729-230943,mutation_6,5,42.9,62
arm1,redmi9t,20260729-230943,mutation_6,6,45.4,73
arm1,redmi9t,20260729-230943,mutation_6,7,43.6,51
arm1,redmi9t,20260729-230943,mutation_6,8,50.1,60
arm1,redmi9t,20260729-230943,mutation_6,9,41.4,53
arm1,redmi9t,20260729-230943,mutation_7,0,45.1,72
arm1,redmi9t,20260729-230943,mutation_7,1,47.6,52
arm1,redmi9t,20260729-230943,mutation_7,10,49.7,67
arm1,redmi9t,20260729-230943,mutation_7,11,48.2,63
arm1,redmi9t,20260729-230943,mutation_7,12,43.2,66
arm1,redmi9t,20260729-230943,mutation_7,13,44.5,55
arm1,redmi9t,20260729-230943,mutation_7,14,45.4,66
arm1,redmi9t,20260729-230943,mutation_7,2,51.9,69
arm1,redmi9t,20260729-230943,mutation_7,3,42.6,70
arm1,redmi9t,20260729-230943,mutation_7,4,46.0,71
arm1,redmi9t,20260729-230943,mutation_7,5,50.1,65
arm1,redmi9t,20260729-230943,mutation_7,6,42.9,68
arm1,redmi9t,20260729-230943,mutation_7,7,42.0,52
arm1,redmi9t,20260729-230943,mutation_7,8,44.8,64
arm1,redmi9t,20260729-230943,mutation_7,9,46.0,59
arm1,redmi9t,20260729-230943,mutation_8,0,43.6,58
arm1,redmi9t,20260729-230943,mutation_8,1,42.3,53
arm1,redmi9t,20260729-230943,mutation_8,10,43.6,50
arm1,redmi9t,20260729-230943,mutation_8,11,43.9,73
arm1,redmi9t,20260729-230943,mutation_8,12,44.8,57
arm1,redmi9t,20260729-230943,mutation_8,13,47.9,74
arm1,redmi9t,20260729-230943,mutation_8,14,42.9,50
arm1,redmi9t,20260729-230943,mutation_8,2,40.2,54
arm1,redmi9t,20260729-230943,mutation_8,3,43.9,48
arm1,redmi9t,20260729-230943,mutation_8,4,42.9,63
arm1,redmi9t,20260729-230943,mutation_8,5,41.7,52
arm1,redmi9t,20260729-230943,mutation_8,6,49.7,51
arm1,redmi9t,20260729-230943,mutation_8,7,47.6,61
arm1,redmi9t,20260729-230943,mutation_8,8,47.6,74
arm1,redmi9t,20260729-230943,mutation_8,9,45.1,51
arm1,redmi9t,20260730-045703,base,0,42.6,63
arm1,redmi9t,20260730-045703,base,1,45.4,75
arm1,redmi9t,20260730-045703,base,10,38.0,67
arm1,redmi9t,20260730-045703,base,11,39.5,58
arm1,redmi9t,20260730-045703,base,12,39.5,66
arm1,redmi9t,20260730-045703,base,13,41.4,57
arm1,redmi9t,20260730-045703,base,14,39.2,56
arm1,redmi9t,20260730-045703,base,2,37.4,69
arm1,redmi9t,20260730-045703,base,3,42.0,56
arm1,redmi9t,20260730-045703,base,4,40.8,59
arm1,redmi9t,20260730-045703,base,5,42.6,67
arm1,redmi9t,20260730-045703,base,6,40.2,70
arm1,redmi9t,20260730-045703,base,7,45.1,75
arm1,redmi9t,20260730-045703,base,8,40.2,76
arm1,redmi9t,20260730-045703,base,9,53.1,76
arm1,redmi9t,20260730-045703,mutation_1,0,47.6,83
arm1,redmi9t,20260730-045703,mutation_1,1,58.4,83
arm1,redmi9t,20260730-045703,mutation_1,10,51.0,81
arm1,redmi9t,20260730-045703,mutation_1,11,45.4,83
arm1,redmi9t,20260730-045703,mutation_1,12,49.4,81
arm1,redmi9t,20260730-045703,mutation_1,13,51.6,80
arm1,redmi9t,20260730-045703,mutation_1,14,51.3,81
arm1,redmi9t,20260730-045703,mutation_1,2,52.2,80
arm1,redmi9t,20260730-045703,mutation_1,3,43.2,83
arm1,redmi9t,20260730-045703,mutation_1,4,46.7,82
arm1,redmi9t,20260730-045703,mutation_1,5,48.2,81
arm1,redmi9t,20260730-045703,mutation_1,6,45.1,83
arm1,redmi9t,20260730-045703,mutation_1,7,43.6,83
arm1,redmi9t,20260730-045703,mutation_1,8,42.6,83
arm1,redmi9t,20260730-045703,mutation_1,9,46.3,83
arm1,redmi9t,20260730-045703,mutation_2,0,44.8,76
arm1,redmi9t,20260730-045703,mutation_2,1,47.9,57
arm1,redmi9t,20260730-045703,mutation_2,10,47.0,71
arm1,redmi9t,20260730-045703,mutation_2,11,38.3,74
arm1,redmi9t,20260730-045703,mutation_2,12,38.0,69
arm1,redmi9t,20260730-045703,mutation_2,13,39.2,64
arm1,redmi9t,20260730-045703,mutation_2,14,49.1,82
arm1,redmi9t,20260730-045703,mutation_2,2,42.6,76
arm1,redmi9t,20260730-045703,mutation_2,3,50.7,82
arm1,redmi9t,20260730-045703,mutation_2,4,39.8,73
arm1,redmi9t,20260730-045703,mutation_2,5,43.2,56
arm1,redmi9t,20260730-045703,mutation_2,6,38.6,68
arm1,redmi9t,20260730-045703,mutation_2,7,38.3,68
arm1,redmi9t,20260730-045703,mutation_2,8,42.9,72
arm1,redmi9t,20260730-045703,mutation_2,9,44.8,73
arm1,redmi9t,20260730-045703,mutation_3,0,38.9,66
arm1,redmi9t,20260730-045703,mutation_3,1,37.4,68
arm1,redmi9t,20260730-045703,mutation_3,10,38.3,72
arm1,redmi9t,20260730-045703,mutation_3,11,38.3,70
arm1,redmi9t,20260730-045703,mutation_3,12,44.5,63
arm1,redmi9t,20260730-045703,mutation_3,13,38.6,67
arm1,redmi9t,20260730-045703,mutation_3,14,38.3,72
arm1,redmi9t,20260730-045703,mutation_3,2,40.2,76
arm1,redmi9t,20260730-045703,mutation_3,3,38.9,66
arm1,redmi9t,20260730-045703,mutation_3,4,39.8,69
arm1,redmi9t,20260730-045703,mutation_3,5,46.7,74
arm1,redmi9t,20260730-045703,mutation_3,6,45.7,76
arm1,redmi9t,20260730-045703,mutation_3,7,38.0,74
arm1,redmi9t,20260730-045703,mutation_3,8,38.0,62
arm1,redmi9t,20260730-045703,mutation_3,9,40.8,58
arm1,redmi9t,20260730-045703,mutation_4,0,43.6,72
arm1,redmi9t,20260730-045703,mutation_4,1,37.7,75
arm1,redmi9t,20260730-045703,mutation_4,10,42.3,75
arm1,redmi9t,20260730-045703,mutation_4,11,40.2,60
arm1,redmi9t,20260730-045703,mutation_4,12,42.0,68
arm1,redmi9t,20260730-045703,mutation_4,13,38.3,68
arm1,redmi9t,20260730-045703,mutation_4,14,41.7,67
arm1,redmi9t,20260730-045703,mutation_4,2,46.0,76
arm1,redmi9t,20260730-045703,mutation_4,3,43.2,71
arm1,redmi9t,20260730-045703,mutation_4,4,39.8,60
arm1,redmi9t,20260730-045703,mutation_4,5,38.6,71
arm1,redmi9t,20260730-045703,mutation_4,6,44.2,73
arm1,redmi9t,20260730-045703,mutation_4,7,41.1,73
arm1,redmi9t,20260730-045703,mutation_4,8,47.6,76
arm1,redmi9t,20260730-045703,mutation_4,9,38.3,58
arm1,redmi9t,20260730-045703,mutation_5,0,48.8,58
arm1,redmi9t,20260730-045703,mutation_5,1,38.9,72
arm1,redmi9t,20260730-045703,mutation_5,10,37.4,64
arm1,redmi9t,20260730-045703,mutation_5,11,38.9,58
arm1,redmi9t,20260730-045703,mutation_5,12,38.3,76
arm1,redmi9t,20260730-045703,mutation_5,13,44.2,76
arm1,redmi9t,20260730-045703,mutation_5,14,39.2,62
arm1,redmi9t,20260730-045703,mutation_5,2,40.5,60
arm1,redmi9t,20260730-045703,mutation_5,3,37.4,75
arm1,redmi9t,20260730-045703,mutation_5,4,43.2,76
arm1,redmi9t,20260730-045703,mutation_5,5,38.0,74
arm1,redmi9t,20260730-045703,mutation_5,6,42.0,56
arm1,redmi9t,20260730-045703,mutation_5,7,38.9,76
arm1,redmi9t,20260730-045703,mutation_5,8,37.7,61
arm1,redmi9t,20260730-045703,mutation_5,9,41.4,76
arm1,redmi9t,20260730-045703,mutation_7,0,38.3,70
arm1,redmi9t,20260730-045703,mutation_7,1,40.5,61
arm1,redmi9t,20260730-045703,mutation_7,10,45.4,65
arm1,redmi9t,20260730-045703,mutation_7,11,47.6,65
arm1,redmi9t,20260730-045703,mutation_7,12,38.6,60
arm1,redmi9t,20260730-045703,mutation_7,13,40.2,69
arm1,redmi9t,20260730-045703,mutation_7,14,47.3,64
arm1,redmi9t,20260730-045703,mutation_7,2,38.9,76
arm1,redmi9t,20260730-045703,mutation_7,3,38.3,76
arm1,redmi9t,20260730-045703,mutation_7,4,41.7,56
arm1,redmi9t,20260730-045703,mutation_7,5,40.2,76
arm1,redmi9t,20260730-045703,mutation_7,6,39.8,76
arm1,redmi9t,20260730-045703,mutation_7,7,38.0,76
arm1,redmi9t,20260730-045703,mutation_7,8,41.1,75
arm1,redmi9t,20260730-045703,mutation_7,9,43.6,71
arm1,redmi9t,20260730-045703,mutation_8,0,42.9,63
arm1,redmi9t,20260730-045703,mutation_8,1,39.2,59
arm1,redmi9t,20260730-045703,mutation_8,10,38.3,63
arm1,redmi9t,20260730-045703,mutation_8,11,40.2,57
arm1,redmi9t,20260730-045703,mutation_8,12,41.1,59
arm1,redmi9t,20260730-045703,mutation_8,13,45.1,69
arm1,redmi9t,20260730-045703,mutation_8,14,39.2,65
arm1,redmi9t,20260730-045703,mutation_8,2,38.3,62
arm1,redmi9t,20260730-045703,mutation_8,3,37.0,75
arm1,redmi9t,20260730-045703,mutation_8,4,44.2,76
arm1,redmi9t,20260730-045703,mutation_8,5,44.5,65
arm1,redmi9t,20260730-045703,mutation_8,6,41.7,58
arm1,redmi9t,20260730-045703,mutation_8,7,41.7,70
arm1,redmi9t,20260730-045703,mutation_8,8,44.2,63
arm1,redmi9t,20260730-045703,mutation_8,9,40.5,76
arm1,redmi9t,20260730-185830,base,0,43.9,49
arm1,redmi9t,20260730-185830,base,1,45.1,69
arm1,redmi9t,20260730-185830,base,10,44.2,54
arm1,redmi9t,20260730-185830,base,11,46.0,45
arm1,redmi9t,20260730-185830,base,12,45.7,51
arm1,redmi9t,20260730-185830,base,13,46.3,51
arm1,redmi9t,20260730-185830,base,14,42.9,63
arm1,redmi9t,20260730-185830,base,2,43.2,64
arm1,redmi9t,20260730-185830,base,3,42.6,45
arm1,redmi9t,20260730-185830,base,4,45.7,45
arm1,redmi9t,20260730-185830,base,5,44.2,52
arm1,redmi9t,20260730-185830,base,6,47.3,43
arm1,redmi9t,20260730-185830,base,7,42.3,67
arm1,redmi9t,20260730-185830,base,8,43.2,55
arm1,redmi9t,20260730-185830,base,9,43.9,69
arm1,redmi9t,20260730-185830,mutation_1,0,42.9,53
arm1,redmi9t,20260730-185830,mutation_1,1,44.2,69
arm1,redmi9t,20260730-185830,mutation_1,10,43.2,46
arm1,redmi9t,20260730-185830,mutation_1,11,46.3,44
arm1,redmi9t,20260730-185830,mutation_1,12,42.6,45
arm1,redmi9t,20260730-185830,mutation_1,13,43.9,42
arm1,redmi9t,20260730-185830,mutation_1,14,42.9,45
arm1,redmi9t,20260730-185830,mutation_1,2,42.9,59
arm1,redmi9t,20260730-185830,mutation_1,3,47.9,68
arm1,redmi9t,20260730-185830,mutation_1,4,43.2,50
arm1,redmi9t,20260730-185830,mutation_1,5,43.9,49
arm1,redmi9t,20260730-185830,mutation_1,6,48.2,68
arm1,redmi9t,20260730-185830,mutation_1,7,43.2,44
arm1,redmi9t,20260730-185830,mutation_1,8,58.1,69
arm1,redmi9t,20260730-185830,mutation_1,9,43.9,55
arm1,redmi9t,20260730-185830,mutation_2,0,42.6,66
arm1,redmi9t,20260730-185830,mutation_2,1,43.9,68
arm1,redmi9t,20260730-185830,mutation_2,10,44.2,60
arm1,redmi9t,20260730-185830,mutation_2,11,43.2,59
arm1,redmi9t,20260730-185830,mutation_2,12,42.6,58
arm1,redmi9t,20260730-185830,mutation_2,13,46.7,50
arm1,redmi9t,20260730-185830,mutation_2,14,43.6,52
arm1,redmi9t,20260730-185830,mutation_2,2,43.6,66
arm1,redmi9t,20260730-185830,mutation_2,3,45.1,52
arm1,redmi9t,20260730-185830,mutation_2,4,44.2,61
arm1,redmi9t,20260730-185830,mutation_2,5,43.9,43
arm1,redmi9t,20260730-185830,mutation_2,6,43.6,67
arm1,redmi9t,20260730-185830,mutation_2,7,42.9,54
arm1,redmi9t,20260730-185830,mutation_2,8,47.3,60
arm1,redmi9t,20260730-185830,mutation_2,9,49.7,66
arm1,redmi9t,20260730-185830,mutation_3,0,44.5,52
arm1,redmi9t,20260730-185830,mutation_3,1,42.6,54
arm1,redmi9t,20260730-185830,mutation_3,10,42.6,65
arm1,redmi9t,20260730-185830,mutation_3,11,43.6,64
arm1,redmi9t,20260730-185830,mutation_3,12,43.9,43
arm1,redmi9t,20260730-185830,mutation_3,13,47.6,53
arm1,redmi9t,20260730-185830,mutation_3,14,50.4,62
arm1,redmi9t,20260730-185830,mutation_3,2,43.9,58
arm1,redmi9t,20260730-185830,mutation_3,3,44.8,51
arm1,redmi9t,20260730-185830,mutation_3,4,43.2,66
arm1,redmi9t,20260730-185830,mutation_3,5,43.2,68
arm1,redmi9t,20260730-185830,mutation_3,6,44.2,67
arm1,redmi9t,20260730-185830,mutation_3,7,44.5,62
arm1,redmi9t,20260730-185830,mutation_3,8,43.2,48
arm1,redmi9t,20260730-185830,mutation_3,9,47.9,44
arm1,redmi9t,20260730-185830,mutation_4,0,45.1,64
arm1,redmi9t,20260730-185830,mutation_4,1,42.6,65
arm1,redmi9t,20260730-185830,mutation_4,10,44.5,43
arm1,redmi9t,20260730-185830,mutation_4,11,46.3,46
arm1,redmi9t,20260730-185830,mutation_4,12,45.4,65
arm1,redmi9t,20260730-185830,mutation_4,13,42.6,54
arm1,redmi9t,20260730-185830,mutation_4,14,45.1,69
arm1,redmi9t,20260730-185830,mutation_4,2,42.6,43
arm1,redmi9t,20260730-185830,mutation_4,3,46.7,69
arm1,redmi9t,20260730-185830,mutation_4,4,46.3,46
arm1,redmi9t,20260730-185830,mutation_4,5,43.2,61
arm1,redmi9t,20260730-185830,mutation_4,6,42.6,69
arm1,redmi9t,20260730-185830,mutation_4,7,47.0,63
arm1,redmi9t,20260730-185830,mutation_4,8,43.2,53
arm1,redmi9t,20260730-185830,mutation_4,9,44.2,47
arm1,redmi9t,20260730-185830,mutation_5,0,46.3,44
arm1,redmi9t,20260730-185830,mutation_5,1,45.4,62
arm1,redmi9t,20260730-185830,mutation_5,10,42.6,57
arm1,redmi9t,20260730-185830,mutation_5,11,42.3,55
arm1,redmi9t,20260730-185830,mutation_5,12,48.5,66
arm1,redmi9t,20260730-185830,mutation_5,13,48.8,56
arm1,redmi9t,20260730-185830,mutation_5,14,44.2,47
arm1,redmi9t,20260730-185830,mutation_5,2,42.9,46
arm1,redmi9t,20260730-185830,mutation_5,3,42.6,57
arm1,redmi9t,20260730-185830,mutation_5,4,43.9,55
arm1,redmi9t,20260730-185830,mutation_5,5,44.2,62
arm1,redmi9t,20260730-185830,mutation_5,6,44.8,56
arm1,redmi9t,20260730-185830,mutation_5,7,42.3,56
arm1,redmi9t,20260730-185830,mutation_5,8,47.0,42
arm1,redmi9t,20260730-185830,mutation_5,9,46.3,69
arm1,redmi9t,20260730-185830,mutation_6,0,48.8,65
arm1,redmi9t,20260730-185830,mutation_6,1,40.8,47
arm1,redmi9t,20260730-185830,mutation_6,10,47.6,69
arm1,redmi9t,20260730-185830,mutation_6,11,42.6,59
arm1,redmi9t,20260730-185830,mutation_6,12,45.4,57
arm1,redmi9t,20260730-185830,mutation_6,13,47.3,49
arm1,redmi9t,20260730-185830,mutation_6,14,43.6,69
arm1,redmi9t,20260730-185830,mutation_6,2,47.3,53
arm1,redmi9t,20260730-185830,mutation_6,3,43.9,68
arm1,redmi9t,20260730-185830,mutation_6,4,41.7,58
arm1,redmi9t,20260730-185830,mutation_6,5,44.5,59
arm1,redmi9t,20260730-185830,mutation_6,6,43.6,69
arm1,redmi9t,20260730-185830,mutation_6,7,42.9,49
arm1,redmi9t,20260730-185830,mutation_6,8,42.3,57
arm1,redmi9t,20260730-185830,mutation_6,9,42.6,51
arm1,redmi9t,20260730-185830,mutation_7,0,45.4,69
arm1,redmi9t,20260730-185830,mutation_7,1,46.0,50
arm1,redmi9t,20260730-185830,mutation_7,10,47.3,65
arm1,redmi9t,20260730-185830,mutation_7,11,44.5,60
arm1,redmi9t,20260730-185830,mutation_7,12,47.9,42
arm1,redmi9t,20260730-185830,mutation_7,13,43.2,52
arm1,redmi9t,20260730-185830,mutation_7,14,43.2,63
arm1,redmi9t,20260730-185830,mutation_7,2,43.9,67
arm1,redmi9t,20260730-185830,mutation_7,3,44.5,67
arm1,redmi9t,20260730-185830,mutation_7,4,44.5,68
arm1,redmi9t,20260730-185830,mutation_7,5,42.9,63
arm1,redmi9t,20260730-185830,mutation_7,6,46.7,66
arm1,redmi9t,20260730-185830,mutation_7,7,44.2,49
arm1,redmi9t,20260730-185830,mutation_7,8,44.5,61
arm1,redmi9t,20260730-185830,mutation_7,9,45.1,56
arm1,redmi9t,20260730-185830,mutation_8,0,47.3,55
arm1,redmi9t,20260730-185830,mutation_8,1,43.6,50
arm1,redmi9t,20260730-185830,mutation_8,10,43.9,48
arm1,redmi9t,20260730-185830,mutation_8,11,42.6,69
arm1,redmi9t,20260730-185830,mutation_8,12,43.2,54
arm1,redmi9t,20260730-185830,mutation_8,13,44.5,69
arm1,redmi9t,20260730-185830,mutation_8,14,47.3,48
arm1,redmi9t,20260730-185830,mutation_8,2,44.2,51
arm1,redmi9t,20260730-185830,mutation_8,3,45.4,46
arm1,redmi9t,20260730-185830,mutation_8,4,51.0,60
arm1,redmi9t,20260730-185830,mutation_8,5,46.0,50
arm1,redmi9t,20260730-185830,mutation_8,6,48.8,48
arm1,redmi9t,20260730-185830,mutation_8,7,43.9,58
arm1,redmi9t,20260730-185830,mutation_8,8,45.7,69
arm1,redmi9t,20260730-185830,mutation_8,9,51.9,48
arm1,redmi9t,20260731-005015,base,0,37.0,68
arm1,redmi9t,20260731-005015,base,1,44.8,78
arm1,redmi9t,20260731-005015,base,10,37.0,71
arm1,redmi9t,20260731-005015,base,11,37.0,65
arm1,redmi9t,20260731-005015,base,12,37.0,70
arm1,redmi9t,20260731-005015,base,13,37.0,64
arm1,redmi9t,20260731-005015,base,14,37.0,63
arm1,redmi9t,20260731-005015,base,2,37.0,72
arm1,redmi9t,20260731-005015,base,3,37.4,63
arm1,redmi9t,20260731-005015,base,4,37.0,65
arm1,redmi9t,20260731-005015,base,5,37.0,70
arm1,redmi9t,20260731-005015,base,6,37.0,73
arm1,redmi9t,20260731-005015,base,7,38.3,78
arm1,redmi9t,20260731-005015,base,8,37.0,79
arm1,redmi9t,20260731-005015,base,9,45.7,81
arm1,redmi9t,20260731-005015,mutation_1,0,37.0,71
arm1,redmi9t,20260731-005015,mutation_1,1,37.0,80
arm1,redmi9t,20260731-005015,mutation_1,10,37.0,67
arm1,redmi9t,20260731-005015,mutation_1,11,43.9,77
arm1,redmi9t,20260731-005015,mutation_1,12,37.0,66
arm1,redmi9t,20260731-005015,mutation_1,13,37.1,64
arm1,redmi9t,20260731-005015,mutation_1,14,37.0,66
arm1,redmi9t,20260731-005015,mutation_1,2,38.9,64
arm1,redmi9t,20260731-005015,mutation_1,3,43.2,77
arm1,redmi9t,20260731-005015,mutation_1,4,37.0,69
arm1,redmi9t,20260731-005015,mutation_1,5,37.0,68
arm1,redmi9t,20260731-005015,mutation_1,6,42.9,76
arm1,redmi9t,20260731-005015,mutation_1,7,37.0,74
arm1,redmi9t,20260731-005015,mutation_1,8,37.0,74
arm1,redmi9t,20260731-005015,mutation_1,9,37.0,73
arm1,redmi9t,20260731-005015,mutation_2,0,38.3,81
arm1,redmi9t,20260731-005015,mutation_2,1,37.0,64
arm1,redmi9t,20260731-005015,mutation_2,10,37.0,74
arm1,redmi9t,20260731-005015,mutation_2,11,38.9,76
arm1,redmi9t,20260731-005015,mutation_2,12,37.0,72
arm1,redmi9t,20260731-005015,mutation_2,13,37.0,69
arm1,redmi9t,20260731-005015,mutation_2,14,37.0,70
arm1,redmi9t,20260731-005015,mutation_2,2,37.7,80
arm1,redmi9t,20260731-005015,mutation_2,3,37.0,70
arm1,redmi9t,20260731-005015,mutation_2,4,37.0,75
arm1,redmi9t,20260731-005015,mutation_2,5,37.0,64
arm1,redmi9t,20260731-005015,mutation_2,6,37.0,71
arm1,redmi9t,20260731-005015,mutation_2,7,37.0,71
arm1,redmi9t,20260731-005015,mutation_2,8,37.0,75
arm1,redmi9t,20260731-005015,mutation_2,9,37.0,76
arm1,redmi9t,20260731-005015,mutation_3,0,37.0,70
arm1,redmi9t,20260731-005015,mutation_3,1,37.0,71
arm1,redmi9t,20260731-005015,mutation_3,10,38.3,75
arm1,redmi9t,20260731-005015,mutation_3,11,37.0,73
arm1,redmi9t,20260731-005015,mutation_3,12,37.0,68
arm1,redmi9t,20260731-005015,mutation_3,13,37.0,71
arm1,redmi9t,20260731-005015,mutation_3,14,37.0,75
arm1,redmi9t,20260731-005015,mutation_3,2,37.0,81
arm1,redmi9t,20260731-005015,mutation_3,3,37.0,70
arm1,redmi9t,20260731-005015,mutation_3,4,37.0,73
arm1,redmi9t,20260731-005015,mutation_3,5,37.0,76
arm1,redmi9t,20260731-005015,mutation_3,6,38.6,80
arm1,redmi9t,20260731-005015,mutation_3,7,39.2,76
arm1,redmi9t,20260731-005015,mutation_3,8,37.0,68
arm1,redmi9t,20260731-005015,mutation_3,9,37.0,65
arm1,redmi9t,20260731-005015,mutation_5,0,37.0,75
arm1,redmi9t,20260731-005015,mutation_5,1,37.4,79
arm1,redmi9t,20260731-005015,mutation_5,10,37.0,78
arm1,redmi9t,20260731-005015,mutation_5,11,37.0,67
arm1,redmi9t,20260731-005015,mutation_5,12,37.0,72
arm1,redmi9t,20260731-005015,mutation_5,13,37.0,72
arm1,redmi9t,20260731-005015,mutation_5,14,37.0,71
arm1,redmi9t,20260731-005015,mutation_5,2,37.0,80
arm1,redmi9t,20260731-005015,mutation_5,3,37.0,74
arm1,redmi9t,20260731-005015,mutation_5,4,37.0,66
arm1,redmi9t,20260731-005015,mutation_5,5,37.0,74
arm1,redmi9t,20260731-005015,mutation_5,6,37.0,76
arm1,redmi9t,20260731-005015,mutation_5,7,37.4,76
arm1,redmi9t,20260731-005015,mutation_5,8,38.6,79
arm1,redmi9t,20260731-005015,mutation_5,9,38.6,65
arm1,redmi9t,20260731-005015,mutation_6,0,37.0,65
arm1,redmi9t,20260731-005015,mutation_6,1,37.0,75
arm1,redmi9t,20260731-005015,mutation_6,10,37.0,69
arm1,redmi9t,20260731-005015,mutation_6,11,37.0,65
arm1,redmi9t,20260731-005015,mutation_6,12,37.1,81
arm1,redmi9t,20260731-005015,mutation_6,13,37.0,81
arm1,redmi9t,20260731-005015,mutation_6,14,37.0,67
arm1,redmi9t,20260731-005015,mutation_6,2,37.0,66
arm1,redmi9t,20260731-005015,mutation_6,3,51.9,77
arm1,redmi9t,20260731-005015,mutation_6,4,43.9,81
arm1,redmi9t,20260731-005015,mutation_6,5,42.9,77
arm1,redmi9t,20260731-005015,mutation_6,6,37.0,63
arm1,redmi9t,20260731-005015,mutation_6,7,39.8,80
arm1,redmi9t,20260731-005015,mutation_6,8,37.0,67
arm1,redmi9t,20260731-005015,mutation_6,9,45.7,81
arm1,redmi9t,20260731-005015,mutation_7,0,37.0,73
arm1,redmi9t,20260731-005015,mutation_7,1,37.0,67
arm1,redmi9t,20260731-005015,mutation_7,10,37.0,69
arm1,redmi9t,20260731-005015,mutation_7,11,37.1,69
arm1,redmi9t,20260731-005015,mutation_7,12,37.0,66
arm1,redmi9t,20260731-005015,mutation_7,13,37.0,72
arm1,redmi9t,20260731-005015,mutation_7,14,37.0,69
arm1,redmi9t,20260731-005015,mutation_7,2,39.5,81
arm1,redmi9t,20260731-005015,mutation_7,3,39.8,81
arm1,redmi9t,20260731-005015,mutation_7,4,37.0,64
arm1,redmi9t,20260731-005015,mutation_7,5,38.3,81
arm1,redmi9t,20260731-005015,mutation_7,6,44.8,81
arm1,redmi9t,20260731-005015,mutation_7,7,38.6,80
arm1,redmi9t,20260731-005015,mutation_7,8,37.0,79
arm1,redmi9t,20260731-005015,mutation_7,9,37.0,74
arm1,redmi9t,20260731-005015,mutation_8,0,37.0,68
arm1,redmi9t,20260731-005015,mutation_8,1,37.4,66
arm1,redmi9t,20260731-005015,mutation_8,10,43.9,77
arm1,redmi9t,20260731-005015,mutation_8,11,37.7,64
arm1,redmi9t,20260731-005015,mutation_8,12,39.2,77
arm1,redmi9t,20260731-005015,mutation_8,13,37.0,72
arm1,redmi9t,20260731-005015,mutation_8,14,37.1,69
arm1,redmi9t,20260731-005015,mutation_8,2,37.0,67
arm1,redmi9t,20260731-005015,mutation_8,3,37.0,79
arm1,redmi9t,20260731-005015,mutation_8,4,37.7,81
arm1,redmi9t,20260731-005015,mutation_8,5,37.1,69
arm1,redmi9t,20260731-005015,mutation_8,6,37.7,65
arm1,redmi9t,20260731-005015,mutation_8,7,37.0,74
arm1,redmi9t,20260731-005015,mutation_8,8,37.0,68
arm1,redmi9t,20260731-005015,mutation_8,9,38.0,81
arm1,redmi9t,20260731-060049,base,0,39.2,63
arm1,redmi9t,20260731-060049,base,1,37.0,79
arm1,redmi9t,20260731-060049,base,10,37.7,67
arm1,redmi9t,20260731-060049,base,11,37.0,60
arm1,redmi9t,20260731-060049,base,12,37.0,66
arm1,redmi9t,20260731-060049,base,13,37.1,65
arm1,redmi9t,20260731-060049,base,14,37.0,73
arm1,redmi9t,20260731-060049,base,2,37.0,74
arm1,redmi9t,20260731-060049,base,3,39.5,60
arm1,redmi9t,20260731-060049,base,4,38.3,60
arm1,redmi9t,20260731-060049,base,5,37.0,66
arm1,redmi9t,20260731-060049,base,6,37.0,59
arm1,redmi9t,20260731-060049,base,7,37.0,77
arm1,redmi9t,20260731-060049,base,8,37.0,68
arm1,redmi9t,20260731-060049,base,9,37.1,80
arm1,redmi9t,20260731-060049,mutation_1,0,37.0,67
arm1,redmi9t,20260731-060049,mutation_1,1,38.3,80
arm1,redmi9t,20260731-060049,mutation_1,10,37.0,62
arm1,redmi9t,20260731-060049,mutation_1,11,37.0,59
arm1,redmi9t,20260731-060049,mutation_1,12,37.1,61
arm1,redmi9t,20260731-060049,mutation_1,13,37.0,58
arm1,redmi9t,20260731-060049,mutation_1,14,37.4,61
arm1,redmi9t,20260731-060049,mutation_1,2,37.7,71
arm1,redmi9t,20260731-060049,mutation_1,3,37.0,78
arm1,redmi9t,20260731-060049,mutation_1,4,37.0,65
arm1,redmi9t,20260731-060049,mutation_1,5,42.6,64
arm1,redmi9t,20260731-060049,mutation_1,6,38.9,77
arm1,redmi9t,20260731-060049,mutation_1,7,38.0,60
arm1,redmi9t,20260731-060049,mutation_1,8,39.2,80
arm1,redmi9t,20260731-060049,mutation_1,9,37.0,68
arm1,redmi9t,20260731-060049,mutation_2,0,37.0,76
arm1,redmi9t,20260731-060049,mutation_2,1,37.0,78
arm1,redmi9t,20260731-060049,mutation_2,10,37.0,72
arm1,redmi9t,20260731-060049,mutation_2,11,37.4,71
arm1,redmi9t,20260731-060049,mutation_2,12,37.0,70
arm1,redmi9t,20260731-060049,mutation_2,13,37.1,64
arm1,redmi9t,20260731-060049,mutation_2,14,37.7,66
arm1,redmi9t,20260731-060049,mutation_2,2,37.0,75
arm1,redmi9t,20260731-060049,mutation_2,3,37.0,66
arm1,redmi9t,20260731-060049,mutation_2,4,38.9,72
arm1,redmi9t,20260731-060049,mutation_2,5,37.0,59
arm1,redmi9t,20260731-060049,mutation_2,6,37.0,77
arm1,redmi9t,20260731-060049,mutation_2,7,37.0,68
arm1,redmi9t,20260731-060049,mutation_2,8,39.2,71
arm1,redmi9t,20260731-060049,mutation_2,9,37.0,76
arm1,redmi9t,20260731-060049,mutation_3,0,38.9,66
arm1,redmi9t,20260731-060049,mutation_3,1,37.0,68
arm1,redmi9t,20260731-060049,mutation_3,10,37.0,75
arm1,redmi9t,20260731-060049,mutation_3,11,37.0,74
arm1,redmi9t,20260731-060049,mutation_3,12,38.0,59
arm1,redmi9t,20260731-060049,mutation_3,13,38.3,67
arm1,redmi9t,20260731-060049,mutation_3,14,40.5,73
arm1,redmi9t,20260731-060049,mutation_3,2,38.3,70
arm1,redmi9t,20260731-060049,mutation_3,3,37.0,66
arm1,redmi9t,20260731-060049,mutation_3,4,38.3,76
arm1,redmi9t,20260731-060049,mutation_3,5,37.0,77
arm1,redmi9t,20260731-060049,mutation_3,6,37.0,76
arm1,redmi9t,20260731-060049,mutation_3,7,37.0,72
arm1,redmi9t,20260731-060049,mutation_3,8,39.8,63
arm1,redmi9t,20260731-060049,mutation_3,9,37.0,60
arm1,redmi9t,20260731-060049,mutation_4,0,37.0,74
arm1,redmi9t,20260731-060049,mutation_4,1,37.0,75
arm1,redmi9t,20260731-060049,mutation_4,10,37.0,59
arm1,redmi9t,20260731-060049,mutation_4,11,37.0,61
arm1,redmi9t,20260731-060049,mutation_4,12,37.0,75
arm1,redmi9t,20260731-060049,mutation_4,13,37.0,68
arm1,redmi9t,20260731-060049,mutation_4,14,37.0,80
arm1,redmi9t,20260731-060049,mutation_4,2,41.4,59
arm1,redmi9t,20260731-060049,mutation_4,3,37.0,80
arm1,redmi9t,20260731-060049,mutation_4,4,37.4,61
arm1,redmi9t,20260731-060049,mutation_4,5,37.0,72
arm1,redmi9t,20260731-060049,mutation_4,6,37.0,78
arm1,redmi9t,20260731-060049,mutation_4,7,37.7,73
arm1,redmi9t,20260731-060049,mutation_4,8,37.0,67
arm1,redmi9t,20260731-060049,mutation_4,9,38.3,62
arm1,redmi9t,20260731-060049,mutation_5,0,38.3,60
arm1,redmi9t,20260731-060049,mutation_5,1,37.0,73
arm1,redmi9t,20260731-060049,mutation_5,10,37.0,69
arm1,redmi9t,20260731-060049,mutation_5,11,37.0,68
arm1,redmi9t,20260731-060049,mutation_5,12,37.0,75
arm1,redmi9t,20260731-060049,mutation_5,13,37.0,69
arm1,redmi9t,20260731-060049,mutation_5,14,37.7,62
arm1,redmi9t,20260731-060049,mutation_5,2,39.8,61
arm1,redmi9t,20260731-060049,mutation_5,3,38.3,70
arm1,redmi9t,20260731-060049,mutation_5,4,37.1,69
arm1,redmi9t,20260731-060049,mutation_5,5,37.0,72
arm1,redmi9t,20260731-060049,mutation_5,6,37.0,69
arm1,redmi9t,20260731-060049,mutation_5,7,37.0,69
arm1,redmi9t,20260731-060049,mutation_5,8,37.0,62
arm1,redmi9t,20260731-060049,mutation_5,9,37.0,80
arm1,redmi9t,20260731-060049,mutation_6,0,37.0,75
arm1,redmi9t,20260731-060049,mutation_6,1,37.0,62
arm1,redmi9t,20260731-060049,mutation_6,10,37.0,79
arm1,redmi9t,20260731-060049,mutation_6,11,37.0,71
arm1,redmi9t,20260731-060049,mutation_6,12,37.0,70
arm1,redmi9t,20260731-060049,mutation_6,13,37.7,63
arm1,redmi9t,20260731-060049,mutation_6,14,37.0,79
arm1,redmi9t,20260731-060049,mutation_6,2,37.4,67
arm1,redmi9t,20260731-060049,mutation_6,3,37.0,78
arm1,redmi9t,20260731-060049,mutation_6,4,37.1,70
arm1,redmi9t,20260731-060049,mutation_6,5,37.0,71
arm1,redmi9t,20260731-060049,mutation_6,6,37.0,80
arm1,redmi9t,20260731-060049,mutation_6,7,37.0,64
arm1,redmi9t,20260731-060049,mutation_6,8,37.0,69
arm1,redmi9t,20260731-060049,mutation_6,9,37.0,65
arm1,redmi9t,20260731-060049,mutation_7,0,37.0,79
arm1,redmi9t,20260731-060049,mutation_7,1,37.7,65
arm1,redmi9t,20260731-060049,mutation_7,10,37.0,74
arm1,redmi9t,20260731-060049,mutation_7,11,37.0,72
arm1,redmi9t,20260731-060049,mutation_7,12,37.0,74
arm1,redmi9t,20260731-060049,mutation_7,13,38.9,66
arm1,redmi9t,20260731-060049,mutation_7,14,37.0,73
arm1,redmi9t,20260731-060049,mutation_7,2,37.0,77
arm1,redmi9t,20260731-060049,mutation_7,3,37.0,77
arm1,redmi9t,20260731-060049,mutation_7,4,37.0,78
arm1,redmi9t,20260731-060049,mutation_7,5,37.0,73
arm1,redmi9t,20260731-060049,mutation_7,6,37.0,76
arm1,redmi9t,20260731-060049,mutation_7,7,37.0,64
arm1,redmi9t,20260731-060049,mutation_7,8,37.0,72
arm1,redmi9t,20260731-060049,mutation_7,9,37.0,69
arm1,redmi9t,20260731-060049,mutation_8,0,37.0,68
arm1,redmi9t,20260731-060049,mutation_8,1,38.9,65
arm1,redmi9t,20260731-060049,mutation_8,10,37.4,63
arm1,redmi9t,20260731-060049,mutation_8,11,37.0,79
arm1,redmi9t,20260731-060049,mutation_8,12,38.3,67
arm1,redmi9t,20260731-060049,mutation_8,13,37.0,80
arm1,redmi9t,20260731-060049,mutation_8,14,37.0,63
arm1,redmi9t,20260731-060049,mutation_8,2,37.4,65
arm1,redmi9t,20260731-060049,mutation_8,3,37.0,61
arm1,redmi9t,20260731-060049,mutation_8,4,38.9,71
arm1,redmi9t,20260731-060049,mutation_8,5,38.0,64
arm1,redmi9t,20260731-060049,mutation_8,6,37.0,63
arm1,redmi9t,20260731-060049,mutation_8,7,38.9,70
arm1,redmi9t,20260731-060049,mutation_8,8,37.0,80
arm1,redmi9t,20260731-060049,mutation_8,9,37.0,63
arm1,redmi9t,20260731-105505,base,0,43.2,50
arm1,redmi9t,20260731-105505,base,1,41.7,68
arm1,redmi9t,20260731-105505,base,10,42.0,54
arm1,redmi9t,20260731-105505,base,11,41.7,46
arm1,redmi9t,20260731-105505,base,12,43.9,52
arm1,redmi9t,20260731-105505,base,13,42.6,52
arm1,redmi9t,20260731-105505,base,14,42.3,63
arm1,redmi9t,20260731-105505,base,2,42.6,63
arm1,redmi9t,20260731-105505,base,3,42.9,46
arm1,redmi9t,20260731-105505,base,4,42.3,46
arm1,redmi9t,20260731-105505,base,5,42.6,53
arm1,redmi9t,20260731-105505,base,6,42.9,44
arm1,redmi9t,20260731-105505,base,7,42.3,66
arm1,redmi9t,20260731-105505,base,8,42.3,55
arm1,redmi9t,20260731-105505,base,9,42.6,68
arm1,redmi9t,20260731-105505,mutation_1,0,43.2,54
arm1,redmi9t,20260731-105505,mutation_1,1,42.3,68
arm1,redmi9t,20260731-105505,mutation_1,10,42.0,48
arm1,redmi9t,20260731-105505,mutation_1,11,44.2,45
arm1,redmi9t,20260731-105505,mutation_1,12,43.9,47
arm1,redmi9t,20260731-105505,mutation_1,13,43.6,44
arm1,redmi9t,20260731-105505,mutation_1,14,42.6,47
arm1,redmi9t,20260731-105505,mutation_1,2,42.3,59
arm1,redmi9t,20260731-105505,mutation_1,3,44.2,67
arm1,redmi9t,20260731-105505,mutation_1,4,43.9,51
arm1,redmi9t,20260731-105505,mutation_1,5,43.2,50
arm1,redmi9t,20260731-105505,mutation_1,6,43.6,67
arm1,redmi9t,20260731-105505,mutation_1,7,43.6,45
arm1,redmi9t,20260731-105505,mutation_1,8,49.7,68
arm1,redmi9t,20260731-105505,mutation_1,9,43.9,55
arm1,redmi9t,20260731-105505,mutation_2,0,41.7,66
arm1,redmi9t,20260731-105505,mutation_2,1,43.2,67
arm1,redmi9t,20260731-105505,mutation_2,10,41.7,60
arm1,redmi9t,20260731-105505,mutation_2,11,42.9,59
arm1,redmi9t,20260731-105505,mutation_2,12,42.6,58
arm1,redmi9t,20260731-105505,mutation_2,13,43.2,51
arm1,redmi9t,20260731-105505,mutation_2,14,42.3,53
arm1,redmi9t,20260731-105505,mutation_2,2,42.6,65
arm1,redmi9t,20260731-105505,mutation_2,3,42.9,53
arm1,redmi9t,20260731-105505,mutation_2,4,42.9,60
arm1,redmi9t,20260731-105505,mutation_2,5,43.2,45
arm1,redmi9t,20260731-105505,mutation_2,6,43.9,66
arm1,redmi9t,20260731-105505,mutation_2,7,42.9,55
arm1,redmi9t,20260731-105505,mutation_2,8,43.2,60
arm1,redmi9t,20260731-105505,mutation_2,9,43.9,66
arm1,redmi9t,20260731-105505,mutation_3,0,42.0,52
arm1,redmi9t,20260731-105505,mutation_3,1,42.6,55
arm1,redmi9t,20260731-105505,mutation_3,10,41.4,64
arm1,redmi9t,20260731-105505,mutation_3,11,42.0,64
arm1,redmi9t,20260731-105505,mutation_3,12,42.9,45
arm1,redmi9t,20260731-105505,mutation_3,13,42.3,53
arm1,redmi9t,20260731-105505,mutation_3,14,41.7,62
arm1,redmi9t,20260731-105505,mutation_3,2,41.7,58
arm1,redmi9t,20260731-105505,mutation_3,3,41.7,52
arm1,redmi9t,20260731-105505,mutation_3,4,42.3,65
arm1,redmi9t,20260731-105505,mutation_3,5,44.5,67
arm1,redmi9t,20260731-105505,mutation_3,6,44.5,66
arm1,redmi9t,20260731-105505,mutation_3,7,42.6,61
arm1,redmi9t,20260731-105505,mutation_3,8,42.3,49
arm1,redmi9t,20260731-105505,mutation_3,9,42.3,46
arm1,redmi9t,20260731-105505,mutation_4,0,42.3,63
arm1,redmi9t,20260731-105505,mutation_4,1,46.3,64
arm1,redmi9t,20260731-105505,mutation_4,10,44.5,44
arm1,redmi9t,20260731-105505,mutation_4,11,42.3,47
arm1,redmi9t,20260731-105505,mutation_4,12,45.7,65
arm1,redmi9t,20260731-105505,mutation_4,13,43.2,55
arm1,redmi9t,20260731-105505,mutation_4,14,42.3,68
arm1,redmi9t,20260731-105505,mutation_4,2,42.0,45
arm1,redmi9t,20260731-105505,mutation_4,3,45.4,68
arm1,redmi9t,20260731-105505,mutation_4,4,42.3,47
arm1,redmi9t,20260731-105505,mutation_4,5,42.0,61
arm1,redmi9t,20260731-105505,mutation_4,6,44.2,68
arm1,redmi9t,20260731-105505,mutation_4,7,42.0,62
arm1,redmi9t,20260731-105505,mutation_4,8,44.8,53
arm1,redmi9t,20260731-105505,mutation_4,9,42.6,48
arm1,redmi9t,20260731-105505,mutation_5,0,42.0,46
arm1,redmi9t,20260731-105505,mutation_5,1,43.6,62
arm1,redmi9t,20260731-105505,mutation_5,10,43.2,57
arm1,redmi9t,20260731-105505,mutation_5,11,42.0,56
arm1,redmi9t,20260731-105505,mutation_5,12,42.6,65
arm1,redmi9t,20260731-105505,mutation_5,13,43.2,56
arm1,redmi9t,20260731-105505,mutation_5,14,43.2,48
arm1,redmi9t,20260731-105505,mutation_5,2,43.2,47
arm1,redmi9t,20260731-105505,mutation_5,3,43.6,57
arm1,redmi9t,20260731-105505,mutation_5,4,42.0,56
arm1,redmi9t,20260731-105505,mutation_5,5,42.6,62
arm1,redmi9t,20260731-105505,mutation_5,6,43.2,56
arm1,redmi9t,20260731-105505,mutation_5,7,41.4,57
arm1,redmi9t,20260731-105505,mutation_5,8,42.0,48
arm1,redmi9t,20260731-105505,mutation_5,9,42.0,68
arm1,redmi9t,20260731-105505,mutation_6,0,44.2,64
arm1,redmi9t,20260731-105505,mutation_6,1,43.9,48
arm1,redmi9t,20260731-105505,mutation_6,10,44.5,68
arm1,redmi9t,20260731-105505,mutation_6,11,42.0,59
arm1,redmi9t,20260731-105505,mutation_6,12,42.6,58
arm1,redmi9t,20260731-105505,mutation_6,13,42.3,49
arm1,redmi9t,20260731-105505,mutation_6,14,44.2,68
arm1,redmi9t,20260731-105505,mutation_6,2,43.6,54
arm1,redmi9t,20260731-105505,mutation_6,3,44.8,67
arm1,redmi9t,20260731-105505,mutation_6,4,43.2,58
arm1,redmi9t,20260731-105505,mutation_6,5,44.2,59
arm1,redmi9t,20260731-105505,mutation_6,6,42.6,68
arm1,redmi9t,20260731-105505,mutation_6,7,42.9,50
arm1,redmi9t,20260731-105505,mutation_6,8,42.3,57
arm1,redmi9t,20260731-105505,mutation_6,9,42.9,51
arm1,redmi9t,20260731-105505,mutation_7,0,43.9,68
arm1,redmi9t,20260731-105505,mutation_7,1,43.9,51
arm1,redmi9t,20260731-105505,mutation_7,10,42.9,64
arm1,redmi9t,20260731-105505,mutation_7,11,42.0,60
arm1,redmi9t,20260731-105505,mutation_7,12,42.6,63
arm1,redmi9t,20260731-105505,mutation_7,13,42.9,53
arm1,redmi9t,20260731-105505,mutation_7,14,42.6,63
arm1,redmi9t,20260731-105505,mutation_7,2,42.9,66
arm1,redmi9t,20260731-105505,mutation_7,3,41.4,67
arm1,redmi9t,20260731-105505,mutation_7,4,43.9,67
arm1,redmi9t,20260731-105505,mutation_7,5,41.4,62
arm1,redmi9t,20260731-105505,mutation_7,6,44.5,65
arm1,redmi9t,20260731-105505,mutation_7,7,45.7,50
arm1,redmi9t,20260731-105505,mutation_7,8,42.0,61
arm1,redmi9t,20260731-105505,mutation_7,9,42.3,57
arm1,redmi9t,20260731-105505,mutation_8,0,41.7,56
arm1,redmi9t,20260731-105505,mutation_8,1,44.2,51
arm1,redmi9t,20260731-105505,mutation_8,10,42.6,49
arm1,redmi9t,20260731-105505,mutation_8,11,43.6,68
arm1,redmi9t,20260731-105505,mutation_8,12,43.2,54
arm1,redmi9t,20260731-105505,mutation_8,13,44.5,68
arm1,redmi9t,20260731-105505,mutation_8,14,42.9,49
arm1,redmi9t,20260731-105505,mutation_8,2,42.6,52
arm1,redmi9t,20260731-105505,mutation_8,3,43.2,47
arm1,redmi9t,20260731-105505,mutation_8,4,44.2,60
arm1,redmi9t,20260731-105505,mutation_8,5,42.0,50
arm1,redmi9t,20260731-105505,mutation_8,6,42.0,49
arm1,redmi9t,20260731-105505,mutation_8,7,42.6,58
arm1,redmi9t,20260731-105505,mutation_8,8,42.0,68
arm1,redmi9t,20260731-105505,mutation_8,9,42.6,49
arm1,redmi9t,20260731-171329,base,0,43.9,64
arm1,redmi9t,20260731-171329,base,1,42.0,81
arm1,redmi9t,20260731-171329,base,10,42.6,68
arm1,redmi9t,20260731-171329,base,11,42.6,61
arm1,redmi9t,20260731-171329,base,12,42.6,67
arm1,redmi9t,20260731-171329,base,13,44.8,66
arm1,redmi9t,20260731-171329,base,14,42.0,76
arm1,redmi9t,20260731-171329,base,2,40.8,76
arm1,redmi9t,20260731-171329,base,3,42.3,61
arm1,redmi9t,20260731-171329,base,4,40.8,61
arm1,redmi9t,20260731-171329,base,5,41.4,68
arm1,redmi9t,20260731-171329,base,6,41.4,59
arm1,redmi9t,20260731-171329,base,7,45.7,79
arm1,redmi9t,20260731-171329,base,8,42.3,70
arm1,redmi9t,20260731-171329,base,9,43.2,82
arm1,redmi9t,20260731-171329,mutation_1,0,41.7,68
arm1,redmi9t,20260731-171329,mutation_1,1,42.0,82
arm1,redmi9t,20260731-171329,mutation_1,10,41.1,63
arm1,redmi9t,20260731-171329,mutation_1,11,42.0,60
arm1,redmi9t,20260731-171329,mutation_1,12,43.2,61
arm1,redmi9t,20260731-171329,mutation_1,13,42.0,59
arm1,redmi9t,20260731-171329,mutation_1,14,42.0,62
arm1,redmi9t,20260731-171329,mutation_1,2,42.0,72
arm1,redmi9t,20260731-171329,mutation_1,3,41.7,80
arm1,redmi9t,20260731-171329,mutation_1,4,41.7,66
arm1,redmi9t,20260731-171329,mutation_1,5,41.4,65
arm1,redmi9t,20260731-171329,mutation_1,6,43.2,79
arm1,redmi9t,20260731-171329,mutation_1,7,42.9,60
arm1,redmi9t,20260731-171329,mutation_1,8,59.0,82
arm1,redmi9t,20260731-171329,mutation_1,9,42.3,69
arm1,redmi9t,20260731-171329,mutation_2,0,42.3,78
arm1,redmi9t,20260731-171329,mutation_2,1,43.2,80
arm1,redmi9t,20260731-171329,mutation_2,10,42.6,74
arm1,redmi9t,20260731-171329,mutation_2,11,37.7,73
arm1,redmi9t,20260731-171329,mutation_2,12,44.5,72
arm1,redmi9t,20260731-171329,mutation_2,13,42.9,65
arm1,redmi9t,20260731-171329,mutation_2,14,41.4,67
arm1,redmi9t,20260731-171329,mutation_2,2,42.6,78
arm1,redmi9t,20260731-171329,mutation_2,3,42.6,67
arm1,redmi9t,20260731-171329,mutation_2,4,42.0,74
arm1,redmi9t,20260731-171329,mutation_2,5,42.9,60
arm1,redmi9t,20260731-171329,mutation_2,6,42.6,79
arm1,redmi9t,20260731-171329,mutation_2,7,41.7,69
arm1,redmi9t,20260731-171329,mutation_2,8,42.3,74
arm1,redmi9t,20260731-171329,mutation_2,9,42.3,78
arm1,redmi9t,20260731-171329,mutation_3,0,42.6,67
arm1,redmi9t,20260731-171329,mutation_3,1,41.7,69
arm1,redmi9t,20260731-171329,mutation_3,10,41.4,77
arm1,redmi9t,20260731-171329,mutation_3,11,41.7,76
arm1,redmi9t,20260731-171329,mutation_3,12,42.3,60
arm1,redmi9t,20260731-171329,mutation_3,13,42.0,68
arm1,redmi9t,20260731-171329,mutation_3,14,43.2,75
arm1,redmi9t,20260731-171329,mutation_3,2,42.6,71
arm1,redmi9t,20260731-171329,mutation_3,3,45.1,67
arm1,redmi9t,20260731-171329,mutation_3,4,42.9,78
arm1,redmi9t,20260731-171329,mutation_3,5,42.6,80
arm1,redmi9t,20260731-171329,mutation_3,6,43.6,79
arm1,redmi9t,20260731-171329,mutation_3,7,42.0,75
arm1,redmi9t,20260731-171329,mutation_3,8,45.1,64
arm1,redmi9t,20260731-171329,mutation_3,9,42.0,61
arm1,redmi9t,20260731-171329,mutation_4,0,41.1,76
arm1,redmi9t,20260731-171329,mutation_4,1,41.7,77
arm1,redmi9t,20260731-171329,mutation_4,10,42.6,59
arm1,redmi9t,20260731-171329,mutation_4,11,42.0,62
arm1,redmi9t,20260731-171329,mutation_4,12,42.0,77
arm1,redmi9t,20260731-171329,mutation_4,13,42.6,69
arm1,redmi9t,20260731-171329,mutation_4,14,42.9,82
arm1,redmi9t,20260731-171329,mutation_4,2,46.7,59
arm1,redmi9t,20260731-171329,mutation_4,3,46.0,82
arm1,redmi9t,20260731-171329,mutation_4,4,42.6,62
arm1,redmi9t,20260731-171329,mutation_4,5,42.0,74
arm1,redmi9t,20260731-171329,mutation_4,6,41.4,80
arm1,redmi9t,20260731-171329,mutation_4,7,41.7,75
arm1,redmi9t,20260731-171329,mutation_4,8,42.3,68
arm1,redmi9t,20260731-171329,mutation_4,9,44.5,63
arm1,redmi9t,20260731-171329,mutation_5,0,42.3,60
arm1,redmi9t,20260731-171329,mutation_5,1,42.0,75
arm1,redmi9t,20260731-171329,mutation_5,10,41.7,71
arm1,redmi9t,20260731-171329,mutation_5,11,42.0,70
arm1,redmi9t,20260731-171329,mutation_5,12,42.3,77
arm1,redmi9t,20260731-171329,mutation_5,13,41.1,70
arm1,redmi9t,20260731-171329,mutation_5,14,43.2,63
arm1,redmi9t,20260731-171329,mutation_5,2,42.6,62
arm1,redmi9t,20260731-171329,mutation_5,3,41.7,71
arm1,redmi9t,20260731-171329,mutation_5,4,42.0,70
arm1,redmi9t,20260731-171329,mutation_5,5,42.6,75
arm1,redmi9t,20260731-171329,mutation_5,6,41.4,70
arm1,redmi9t,20260731-171329,mutation_5,7,41.4,71
arm1,redmi9t,20260731-171329,mutation_5,8,41.4,63
arm1,redmi9t,20260731-171329,mutation_5,9,42.6,81
arm1,redmi9t,20260731-171329,mutation_6,0,43.2,77
arm1,redmi9t,20260731-171329,mutation_6,1,42.0,63
arm1,redmi9t,20260731-171329,mutation_6,10,42.3,81
arm1,redmi9t,20260731-171329,mutation_6,11,41.4,72
arm1,redmi9t,20260731-171329,mutation_6,12,42.6,71
arm1,redmi9t,20260731-171329,mutation_6,13,42.3,64
arm1,redmi9t,20260731-171329,mutation_6,14,42.3,81
arm1,redmi9t,20260731-171329,mutation_6,2,42.3,68
arm1,redmi9t,20260731-171329,mutation_6,3,43.6,80
arm1,redmi9t,20260731-171329,mutation_6,4,42.6,72
arm1,redmi9t,20260731-171329,mutation_6,5,42.3,72
arm1,redmi9t,20260731-171329,mutation_6,6,42.6,82
arm1,redmi9t,20260731-171329,mutation_6,7,42.9,65
arm1,redmi9t,20260731-171329,mutation_6,8,42.0,71
arm1,redmi9t,20260731-171329,mutation_6,9,42.9,66
arm1,redmi9t,20260731-171329,mutation_7,0,43.6,81
arm1,redmi9t,20260731-171329,mutation_7,1,42.6,66
arm1,redmi9t,20260731-171329,mutation_7,10,42.9,77
arm1,redmi9t,20260731-171329,mutation_7,11,41.4,74
arm1,redmi9t,20260731-171329,mutation_7,12,42.6,76
arm1,redmi9t,20260731-171329,mutation_7,13,41.1,67
arm1,redmi9t,20260731-171329,mutation_7,14,42.9,76
arm1,redmi9t,20260731-171329,mutation_7,2,43.9,79
arm1,redmi9t,20260731-171329,mutation_7,3,43.2,79
arm1,redmi9t,20260731-171329,mutation_7,4,43.6,80
arm1,redmi9t,20260731-171329,mutation_7,5,42.6,75
arm1,redmi9t,20260731-171329,mutation_7,6,43.9,78
arm1,redmi9t,20260731-171329,mutation_7,7,42.6,65
arm1,redmi9t,20260731-171329,mutation_7,8,41.7,74
arm1,redmi9t,20260731-171329,mutation_7,9,42.0,70
arm1,redmi9t,20260731-171329,mutation_8,0,44.2,70
arm1,redmi9t,20260731-171329,mutation_8,1,42.9,66
arm1,redmi9t,20260731-171329,mutation_8,10,41.4,64
arm1,redmi9t,20260731-171329,mutation_8,11,43.9,81
arm1,redmi9t,20260731-171329,mutation_8,12,41.7,69
arm1,redmi9t,20260731-171329,mutation_8,13,43.2,82
arm1,redmi9t,20260731-171329,mutation_8,14,43.6,64
arm1,redmi9t,20260731-171329,mutation_8,2,42.6,66
arm1,redmi9t,20260731-171329,mutation_8,3,43.2,62
arm1,redmi9t,20260731-171329,mutation_8,4,51.3,59
arm1,redmi9t,20260731-171329,mutation_8,5,40.5,65
arm1,redmi9t,20260731-171329,mutation_8,6,41.7,64
arm1,redmi9t,20260731-171329,mutation_8,7,41.1,72
arm1,redmi9t,20260731-171329,mutation_8,8,43.6,82
arm1,redmi9t,20260731-171329,mutation_8,9,42.3,64
arm1,redmi9t,20260731-234616,base,0,42.0,61
arm1,redmi9t,20260731-234616,base,1,42.6,72
arm1,redmi9t,20260731-234616,base,10,42.3,65
arm1,redmi9t,20260731-234616,base,11,41.1,56
arm1,redmi9t,20260731-234616,base,12,41.7,63
arm1,redmi9t,20260731-234616,base,13,42.6,56
arm1,redmi9t,20260731-234616,base,14,42.3,54
arm1,redmi9t,20260731-234616,base,2,41.1,66
arm1,redmi9t,20260731-234616,base,3,42.6,54
arm1,redmi9t,20260731-234616,base,4,41.4,57
arm1,redmi9t,20260731-234616,base,5,43.2,64
arm1,redmi9t,20260731-234616,base,6,41.4,67
arm1,redmi9t,20260731-234616,base,7,42.9,72
arm1,redmi9t,20260731-234616,base,8,43.6,73
arm1,redmi9t,20260731-234616,base,9,51.9,76
arm1,redmi9t,20260731-234616,mutation_1,0,42.6,64
arm1,redmi9t,20260731-234616,mutation_1,1,44.5,74
arm1,redmi9t,20260731-234616,mutation_1,10,43.6,59
arm1,redmi9t,20260731-234616,mutation_1,11,43.2,72
arm1,redmi9t,20260731-234616,mutation_1,12,41.1,57
arm1,redmi9t,20260731-234616,mutation_1,13,42.9,55
arm1,redmi9t,20260731-234616,mutation_1,14,40.2,58
arm1,redmi9t,20260731-234616,mutation_1,2,42.3,55
arm1,redmi9t,20260731-234616,mutation_1,3,42.0,67
arm1,redmi9t,20260731-234616,mutation_1,4,42.6,62
arm1,redmi9t,20260731-234616,mutation_1,5,41.1,61
arm1,redmi9t,20260731-234616,mutation_1,6,42.3,71
arm1,redmi9t,20260731-234616,mutation_1,7,42.3,69
arm1,redmi9t,20260731-234616,mutation_1,8,42.9,68
arm1,redmi9t,20260731-234616,mutation_1,9,42.3,67
arm1,redmi9t,20260731-234616,mutation_2,0,43.9,75
arm1,redmi9t,20260731-234616,mutation_2,1,42.0,55
arm1,redmi9t,20260731-234616,mutation_2,10,42.6,68
arm1,redmi9t,20260731-234616,mutation_2,11,42.0,71
arm1,redmi9t,20260731-234616,mutation_2,12,41.7,66
arm1,redmi9t,20260731-234616,mutation_2,13,41.7,61
arm1,redmi9t,20260731-234616,mutation_2,14,44.2,63
arm1,redmi9t,20260731-234616,mutation_2,2,42.9,74
arm1,redmi9t,20260731-234616,mutation_2,3,42.0,64
arm1,redmi9t,20260731-234616,mutation_2,4,42.3,70
arm1,redmi9t,20260731-234616,mutation_2,5,41.1,55
arm1,redmi9t,20260731-234616,mutation_2,6,41.1,65
arm1,redmi9t,20260731-234616,mutation_2,7,40.8,65
arm1,redmi9t,20260731-234616,mutation_2,8,41.7,69
arm1,redmi9t,20260731-234616,mutation_2,9,41.1,70
arm1,redmi9t,20260731-234616,mutation_3,0,42.0,63
arm1,redmi9t,20260731-234616,mutation_3,1,42.3,65
arm1,redmi9t,20260731-234616,mutation_3,10,42.0,69
arm1,redmi9t,20260731-234616,mutation_3,11,41.7,67
arm1,redmi9t,20260731-234616,mutation_3,12,42.3,60
arm1,redmi9t,20260731-234616,mutation_3,13,42.9,64
arm1,redmi9t,20260731-234616,mutation_3,14,45.7,69
arm1,redmi9t,20260731-234616,mutation_3,2,42.6,75
arm1,redmi9t,20260731-234616,mutation_3,3,41.4,63
arm1,redmi9t,20260731-234616,mutation_3,4,42.3,67
arm1,redmi9t,20260731-234616,mutation_3,5,43.2,71
arm1,redmi9t,20260731-234616,mutation_3,6,42.0,73
arm1,redmi9t,20260731-234616,mutation_3,7,42.6,71
arm1,redmi9t,20260731-234616,mutation_3,8,41.7,60
arm1,redmi9t,20260731-234616,mutation_3,9,42.0,57
arm1,redmi9t,20260731-234616,mutation_4,0,42.0,70
arm1,redmi9t,20260731-234616,mutation_4,1,45.7,73
arm1,redmi9t,20260731-234616,mutation_4,10,42.9,72
arm1,redmi9t,20260731-234616,mutation_4,11,42.0,58
arm1,redmi9t,20260731-234616,mutation_4,12,41.4,66
arm1,redmi9t,20260731-234616,mutation_4,13,42.0,65
arm1,redmi9t,20260731-234616,mutation_4,14,41.4,64
arm1,redmi9t,20260731-234616,mutation_4,2,47.3,74
arm1,redmi9t,20260731-234616,mutation_4,3,42.6,69
arm1,redmi9t,20260731-234616,mutation_4,4,41.4,58
arm1,redmi9t,20260731-234616,mutation_4,5,41.4,68
arm1,redmi9t,20260731-234616,mutation_4,6,42.6,70
arm1,redmi9t,20260731-234616,mutation_4,7,41.4,70
arm1,redmi9t,20260731-234616,mutation_4,8,42.9,73
arm1,redmi9t,20260731-234616,mutation_4,9,42.9,56
arm1,redmi9t,20260731-234616,mutation_6,0,41.7,56
arm1,redmi9t,20260731-234616,mutation_6,1,43.2,69
arm1,redmi9t,20260731-234616,mutation_6,10,43.6,62
arm1,redmi9t,20260731-234616,mutation_6,11,41.4,56
arm1,redmi9t,20260731-234616,mutation_6,12,42.3,75
arm1,redmi9t,20260731-234616,mutation_6,13,43.6,74
arm1,redmi9t,20260731-234616,mutation_6,14,43.9,59
arm1,redmi9t,20260731-234616,mutation_6,2,42.6,58
arm1,redmi9t,20260731-234616,mutation_6,3,40.8,72
arm1,redmi9t,20260731-234616,mutation_6,4,45.1,75
arm1,redmi9t,20260731-234616,mutation_6,5,43.2,71
arm1,redmi9t,20260731-234616,mutation_6,6,41.4,54
arm1,redmi9t,20260731-234616,mutation_6,7,44.2,74
arm1,redmi9t,20260731-234616,mutation_6,8,43.2,59
arm1,redmi9t,20260731-234616,mutation_6,9,43.6,76
arm1,redmi9t,20260731-234616,mutation_7,0,41.4,67
arm1,redmi9t,20260731-234616,mutation_7,1,43.2,59
arm1,redmi9t,20260731-234616,mutation_7,10,43.6,62
arm1,redmi9t,20260731-234616,mutation_7,11,42.0,63
arm1,redmi9t,20260731-234616,mutation_7,12,42.0,58
arm1,redmi9t,20260731-234616,mutation_7,13,41.1,66
arm1,redmi9t,20260731-234616,mutation_7,14,41.7,61
arm1,redmi9t,20260731-234616,mutation_7,2,42.6,76
arm1,redmi9t,20260731-234616,mutation_7,3,42.6,75
arm1,redmi9t,20260731-234616,mutation_7,4,42.3,54
arm1,redmi9t,20260731-234616,mutation_7,5,43.2,76
arm1,redmi9t,20260731-234616,mutation_7,6,41.7,75
arm1,redmi9t,20260731-234616,mutation_7,7,43.6,74
arm1,redmi9t,20260731-234616,mutation_7,8,42.9,73
arm1,redmi9t,20260731-234616,mutation_7,9,41.1,68
arm1,redmi9t,20260731-234616,mutation_8,0,42.0,60
arm1,redmi9t,20260731-234616,mutation_8,1,43.2,57
arm1,redmi9t,20260731-234616,mutation_8,10,40.8,61
arm1,redmi9t,20260731-234616,mutation_8,11,42.6,55
arm1,redmi9t,20260731-234616,mutation_8,12,42.0,57
arm1,redmi9t,20260731-234616,mutation_8,13,41.4,66
arm1,redmi9t,20260731-234616,mutation_8,14,42.9,62
arm1,redmi9t,20260731-234616,mutation_8,2,42.9,60
arm1,redmi9t,20260731-234616,mutation_8,3,43.9,72
arm1,redmi9t,20260731-234616,mutation_8,4,42.6,75
arm1,redmi9t,20260731-234616,mutation_8,5,43.9,62
arm1,redmi9t,20260731-234616,mutation_8,6,44.2,56
arm1,redmi9t,20260731-234616,mutation_8,7,42.3,68
arm1,redmi9t,20260731-234616,mutation_8,8,41.4,60
arm1,redmi9t,20260731-234616,mutation_8,9,42.9,76
arm1,redmi9t,20260801-054437,base,0,40.8,66
arm1,redmi9t,20260801-054437,base,1,39.2,77
arm1,redmi9t,20260801-054437,base,10,39.8,69
arm1,redmi9t,20260801-054437,base,11,42.3,63
arm1,redmi9t,20260801-054437,base,12,39.8,68
arm1,redmi9t,20260801-054437,base,13,41.1,62
arm1,redmi9t,20260801-054437,base,14,40.8,60
arm1,redmi9t,20260801-054437,base,2,42.3,71
arm1,redmi9t,20260801-054437,base,3,41.4,61
arm1,redmi9t,20260801-054437,base,4,41.7,63
arm1,redmi9t,20260801-054437,base,5,40.2,69
arm1,redmi9t,20260801-054437,base,6,38.0,72
arm1,redmi9t,20260801-054437,base,7,40.2,77
arm1,redmi9t,20260801-054437,base,8,38.0,78
arm1,redmi9t,20260801-054437,base,9,47.9,83
arm1,redmi9t,20260801-054437,mutation_1,0,39.8,69
arm1,redmi9t,20260801-054437,mutation_1,1,37.7,80
arm1,redmi9t,20260801-054437,mutation_1,10,41.7,65
arm1,redmi9t,20260801-054437,mutation_1,11,42.0,76
arm1,redmi9t,20260801-054437,mutation_1,12,43.2,64
arm1,redmi9t,20260801-054437,mutation_1,13,41.7,61
arm1,redmi9t,20260801-054437,mutation_1,14,40.2,64
arm1,redmi9t,20260801-054437,mutation_1,2,41.4,61
arm1,redmi9t,20260801-054437,mutation_1,3,38.6,71
arm1,redmi9t,20260801-054437,mutation_1,4,39.8,67
arm1,redmi9t,20260801-054437,mutation_1,5,40.5,66
arm1,redmi9t,20260801-054437,mutation_1,6,38.9,76
arm1,redmi9t,20260801-054437,mutation_1,7,38.6,73
arm1,redmi9t,20260801-054437,mutation_1,8,39.5,73
arm1,redmi9t,20260801-054437,mutation_1,9,38.0,72
arm1,redmi9t,20260801-054437,mutation_2,0,41.1,82
arm1,redmi9t,20260801-054437,mutation_2,1,41.1,61
arm1,redmi9t,20260801-054437,mutation_2,10,40.5,73
arm1,redmi9t,20260801-054437,mutation_2,11,41.1,76
arm1,redmi9t,20260801-054437,mutation_2,12,41.1,71
arm1,redmi9t,20260801-054437,mutation_2,13,39.8,67
arm1,redmi9t,20260801-054437,mutation_2,14,39.2,68
arm1,redmi9t,20260801-054437,mutation_2,2,38.0,80
arm1,redmi9t,20260801-054437,mutation_2,3,43.2,68
arm1,redmi9t,20260801-054437,mutation_2,4,39.2,75
arm1,redmi9t,20260801-054437,mutation_2,5,41.1,61
arm1,redmi9t,20260801-054437,mutation_2,6,39.8,70
arm1,redmi9t,20260801-054437,mutation_2,7,40.2,70
arm1,redmi9t,20260801-054437,mutation_2,8,37.7,74
arm1,redmi9t,20260801-054437,mutation_2,9,38.9,75
arm1,redmi9t,20260801-054437,mutation_3,0,40.5,68
arm1,redmi9t,20260801-054437,mutation_3,1,39.2,70
arm1,redmi9t,20260801-054437,mutation_3,10,38.6,74
arm1,redmi9t,20260801-054437,mutation_3,11,38.6,72
arm1,redmi9t,20260801-054437,mutation_3,12,40.5,66
arm1,redmi9t,20260801-054437,mutation_3,13,39.2,69
arm1,redmi9t,20260801-054437,mutation_3,14,40.8,74
arm1,redmi9t,20260801-054437,mutation_3,2,39.2,81
arm1,redmi9t,20260801-054437,mutation_3,3,39.5,68
arm1,redmi9t,20260801-054437,mutation_3,4,39.5,71
arm1,redmi9t,20260801-054437,mutation_3,5,39.5,75
arm1,redmi9t,20260801-054437,mutation_3,6,38.0,79
arm1,redmi9t,20260801-054437,mutation_3,7,41.7,60
arm1,redmi9t,20260801-054437,mutation_3,8,40.2,65
arm1,redmi9t,20260801-054437,mutation_3,9,40.2,63
arm1,redmi9t,20260801-054437,mutation_4,0,37.7,74
arm1,redmi9t,20260801-054437,mutation_4,1,51.9,60
arm1,redmi9t,20260801-054437,mutation_4,10,39.2,77
arm1,redmi9t,20260801-054437,mutation_4,11,40.2,64
arm1,redmi9t,20260801-054437,mutation_4,12,38.0,70
arm1,redmi9t,20260801-054437,mutation_4,13,38.3,70
arm1,redmi9t,20260801-054437,mutation_4,14,40.2,69
arm1,redmi9t,20260801-054437,mutation_4,2,37.4,79
arm1,redmi9t,20260801-054437,mutation_4,3,39.5,73
arm1,redmi9t,20260801-054437,mutation_4,4,40.5,64
arm1,redmi9t,20260801-054437,mutation_4,5,39.8,73
arm1,redmi9t,20260801-054437,mutation_4,6,37.4,75
arm1,redmi9t,20260801-054437,mutation_4,7,38.3,75
arm1,redmi9t,20260801-054437,mutation_4,8,39.5,78
arm1,redmi9t,20260801-054437,mutation_4,9,41.7,62
arm1,redmi9t,20260801-054437,mutation_5,0,40.5,63
arm1,redmi9t,20260801-054437,mutation_5,1,39.8,74
arm1,redmi9t,20260801-054437,mutation_5,10,42.0,67
arm1,redmi9t,20260801-054437,mutation_5,11,41.1,62
arm1,redmi9t,20260801-054437,mutation_5,12,38.9,81
arm1,redmi9t,20260801-054437,mutation_5,13,37.4,80
arm1,redmi9t,20260801-054437,mutation_5,14,41.4,65
arm1,redmi9t,20260801-054437,mutation_5,2,41.1,64
arm1,redmi9t,20260801-054437,mutation_5,3,39.8,77
arm1,redmi9t,20260801-054437,mutation_5,4,38.9,80
arm1,redmi9t,20260801-054437,mutation_5,5,37.7,76
arm1,redmi9t,20260801-054437,mutation_5,6,41.7,60
arm1,redmi9t,20260801-054437,mutation_5,7,39.8,79
arm1,redmi9t,20260801-054437,mutation_5,8,40.5,65
arm1,redmi9t,20260801-054437,mutation_5,9,40.8,83
arm1,redmi9t,20260801-054437,mutation_7,0,39.5,72
arm1,redmi9t,20260801-054437,mutation_7,1,40.2,65
arm1,redmi9t,20260801-054437,mutation_7,10,40.5,67
arm1,redmi9t,20260801-054437,mutation_7,11,39.2,68
arm1,redmi9t,20260801-054437,mutation_7,12,40.2,64
arm1,redmi9t,20260801-054437,mutation_7,13,39.8,70
arm1,redmi9t,20260801-054437,mutation_7,14,40.8,67
arm1,redmi9t,20260801-054437,mutation_7,2,39.8,82
arm1,redmi9t,20260801-054437,mutation_7,3,39.8,81
arm1,redmi9t,20260801-054437,mutation_7,4,41.1,61
arm1,redmi9t,20260801-054437,mutation_7,5,39.2,83
arm1,redmi9t,20260801-054437,mutation_7,6,39.8,81
arm1,redmi9t,20260801-054437,mutation_7,7,38.9,79
arm1,redmi9t,20260801-054437,mutation_7,8,38.3,78
arm1,redmi9t,20260801-054437,mutation_7,9,39.2,72
arm1,redmi9t,20260801-054437,mutation_8,0,40.8,66
arm1,redmi9t,20260801-054437,mutation_8,1,41.4,63
arm1,redmi9t,20260801-054437,mutation_8,10,40.5,66
arm1,redmi9t,20260801-054437,mutation_8,11,44.8,62
arm1,redmi9t,20260801-054437,mutation_8,12,41.1,63
arm1,redmi9t,20260801-054437,mutation_8,13,38.6,71
arm1,redmi9t,20260801-054437,mutation_8,14,40.2,67
arm1,redmi9t,20260801-054437,mutation_8,2,40.5,65
arm1,redmi9t,20260801-054437,mutation_8,3,38.9,77
arm1,redmi9t,20260801-054437,mutation_8,4,38.0,81
arm1,redmi9t,20260801-054437,mutation_8,5,39.5,68
arm1,redmi9t,20260801-054437,mutation_8,6,40.2,62
arm1,redmi9t,20260801-054437,mutation_8,7,38.9,72
arm1,redmi9t,20260801-054437,mutation_8,8,40.5,66
arm1,redmi9t,20260801-054437,mutation_8,9,41.1,82
arm1,redmi9t,20260801-110540,base,0,41.4,64
arm1,redmi9t,20260801-110540,base,1,41.1,80
arm1,redmi9t,20260801-110540,base,10,41.1,68
arm1,redmi9t,20260801-110540,base,11,42.6,60
arm1,redmi9t,20260801-110540,base,12,42.6,66
arm1,redmi9t,20260801-110540,base,13,41.1,65
arm1,redmi9t,20260801-110540,base,14,42.0,75
arm1,redmi9t,20260801-110540,base,2,41.4,75
arm1,redmi9t,20260801-110540,base,3,42.3,60
arm1,redmi9t,20260801-110540,base,4,41.4,60
arm1,redmi9t,20260801-110540,base,5,42.0,67
arm1,redmi9t,20260801-110540,base,6,41.7,58
arm1,redmi9t,20260801-110540,base,7,40.8,78
arm1,redmi9t,20260801-110540,base,8,42.0,69
arm1,redmi9t,20260801-110540,base,9,43.2,80
arm1,redmi9t,20260801-110540,mutation_1,0,42.0,67
arm1,redmi9t,20260801-110540,mutation_1,1,44.8,80
arm1,redmi9t,20260801-110540,mutation_1,10,41.7,62
arm1,redmi9t,20260801-110540,mutation_1,11,41.7,59
arm1,redmi9t,20260801-110540,mutation_1,12,41.1,61
arm1,redmi9t,20260801-110540,mutation_1,13,42.3,58
arm1,redmi9t,20260801-110540,mutation_1,14,42.3,61
arm1,redmi9t,20260801-110540,mutation_1,2,42.3,72
arm1,redmi9t,20260801-110540,mutation_1,3,42.3,79
arm1,redmi9t,20260801-110540,mutation_1,4,41.7,65
arm1,redmi9t,20260801-110540,mutation_1,5,42.3,64
arm1,redmi9t,20260801-110540,mutation_1,6,41.4,78
arm1,redmi9t,20260801-110540,mutation_1,7,42.3,59
arm1,redmi9t,20260801-110540,mutation_1,8,52.5,80
arm1,redmi9t,20260801-110540,mutation_1,9,42.3,69
arm1,redmi9t,20260801-110540,mutation_2,0,40.8,77
arm1,redmi9t,20260801-110540,mutation_2,1,40.5,79
arm1,redmi9t,20260801-110540,mutation_2,10,41.4,73
arm1,redmi9t,20260801-110540,mutation_2,11,41.1,72
arm1,redmi9t,20260801-110540,mutation_2,12,41.4,71
arm1,redmi9t,20260801-110540,mutation_2,13,44.8,65
arm1,redmi9t,20260801-110540,mutation_2,14,41.7,66
arm1,redmi9t,20260801-110540,mutation_2,2,41.7,77
arm1,redmi9t,20260801-110540,mutation_2,3,42.3,67
arm1,redmi9t,20260801-110540,mutation_2,4,42.0,73
arm1,redmi9t,20260801-110540,mutation_2,5,41.1,59
arm1,redmi9t,20260801-110540,mutation_2,6,41.1,78
arm1,redmi9t,20260801-110540,mutation_2,7,42.0,68
arm1,redmi9t,20260801-110540,mutation_2,8,41.7,72
arm1,redmi9t,20260801-110540,mutation_2,9,41.4,77
arm1,redmi9t,20260801-110540,mutation_3,0,43.9,66
arm1,redmi9t,20260801-110540,mutation_3,1,42.0,68
arm1,redmi9t,20260801-110540,mutation_3,10,41.1,76
arm1,redmi9t,20260801-110540,mutation_3,11,42.0,75
arm1,redmi9t,20260801-110540,mutation_3,12,41.4,59
arm1,redmi9t,20260801-110540,mutation_3,13,41.7,67
arm1,redmi9t,20260801-110540,mutation_3,14,42.3,74
arm1,redmi9t,20260801-110540,mutation_3,2,41.1,71
arm1,redmi9t,20260801-110540,mutation_3,3,42.0,66
arm1,redmi9t,20260801-110540,mutation_3,4,44.8,77
arm1,redmi9t,20260801-110540,mutation_3,5,41.4,79
arm1,redmi9t,20260801-110540,mutation_3,6,41.4,78
arm1,redmi9t,20260801-110540,mutation_3,7,41.7,74
arm1,redmi9t,20260801-110540,mutation_3,8,41.7,63
arm1,redmi9t,20260801-110540,mutation_3,9,41.4,60
arm1,redmi9t,20260801-110540,mutation_4,0,41.4,75
arm1,redmi9t,20260801-110540,mutation_4,1,40.8,76
arm1,redmi9t,20260801-110540,mutation_4,10,42.3,58
arm1,redmi9t,20260801-110540,mutation_4,11,41.4,62
arm1,redmi9t,20260801-110540,mutation_4,12,40.8,76
arm1,redmi9t,20260801-110540,mutation_4,13,42.0,68
arm1,redmi9t,20260801-110540,mutation_4,14,42.0,80
arm1,redmi9t,20260801-110540,mutation_4,2,42.0,59
arm1,redmi9t,20260801-110540,mutation_4,3,45.1,80
arm1,redmi9t,20260801-110540,mutation_4,4,41.4,61
arm1,redmi9t,20260801-110540,mutation_4,5,42.3,73
arm1,redmi9t,20260801-110540,mutation_4,6,41.1,79
arm1,redmi9t,20260801-110540,mutation_4,7,42.3,74
arm1,redmi9t,20260801-110540,mutation_4,8,42.3,67
arm1,redmi9t,20260801-110540,mutation_4,9,42.3,62
arm1,redmi9t,20260801-110540,mutation_5,0,42.0,60
arm1,redmi9t,20260801-110540,mutation_5,1,40.8,74
arm1,redmi9t,20260801-110540,mutation_5,10,41.1,70
arm1,redmi9t,20260801-110540,mutation_5,11,42.0,69
arm1,redmi9t,20260801-110540,mutation_5,12,41.1,77
arm1,redmi9t,20260801-110540,mutation_5,13,41.7,70
arm1,redmi9t,20260801-110540,mutation_5,14,41.4,62
arm1,redmi9t,20260801-110540,mutation_5,2,41.7,61
arm1,redmi9t,20260801-110540,mutation_5,3,42.0,71
arm1,redmi9t,20260801-110540,mutation_5,4,42.0,69
arm1,redmi9t,20260801-110540,mutation_5,5,40.5,74
arm1,redmi9t,20260801-110540,mutation_5,6,42.0,70
arm1,redmi9t,20260801-110540,mutation_5,7,41.7,70
arm1,redmi9t,20260801-110540,mutation_5,8,42.3,62
arm1,redmi9t,20260801-110540,mutation_5,9,42.6,80
arm1,redmi9t,20260801-110540,mutation_6,0,42.0,76
arm1,redmi9t,20260801-110540,mutation_6,1,41.4,62
arm1,redmi9t,20260801-110540,mutation_6,10,42.3,79
arm1,redmi9t,20260801-110540,mutation_6,11,42.0,72
arm1,redmi9t,20260801-110540,mutation_6,12,40.8,71
arm1,redmi9t,20260801-110540,mutation_6,13,44.2,64
arm1,redmi9t,20260801-110540,mutation_6,14,41.7,80
arm1,redmi9t,20260801-110540,mutation_6,2,42.0,68
arm1,redmi9t,20260801-110540,mutation_6,3,40.8,79
arm1,redmi9t,20260801-110540,mutation_6,4,42.3,71
arm1,redmi9t,20260801-110540,mutation_6,5,42.6,72
arm1,redmi9t,20260801-110540,mutation_6,6,42.3,80
arm1,redmi9t,20260801-110540,mutation_6,7,41.4,64
arm1,redmi9t,20260801-110540,mutation_6,8,41.1,70
arm1,redmi9t,20260801-110540,mutation_6,9,41.7,65
arm1,redmi9t,20260801-110540,mutation_7,0,41.4,80
arm1,redmi9t,20260801-110540,mutation_7,1,41.4,65
arm1,redmi9t,20260801-110540,mutation_7,10,42.0,76
arm1,redmi9t,20260801-110540,mutation_7,11,42.0,73
arm1,redmi9t,20260801-110540,mutation_7,12,41.1,75
arm1,redmi9t,20260801-110540,mutation_7,13,41.4,67
arm1,redmi9t,20260801-110540,mutation_7,14,41.1,75
arm1,redmi9t,20260801-110540,mutation_7,2,41.7,78
arm1,redmi9t,20260801-110540,mutation_7,3,40.8,78
arm1,redmi9t,20260801-110540,mutation_7,4,41.4,79
arm1,redmi9t,20260801-110540,mutation_7,5,42.3,74
arm1,redmi9t,20260801-110540,mutation_7,6,40.5,77
arm1,redmi9t,20260801-110540,mutation_7,7,42.3,64
arm1,redmi9t,20260801-110540,mutation_7,8,41.4,73
arm1,redmi9t,20260801-110540,mutation_7,9,41.4,70
arm1,redmi9t,20260801-110540,mutation_8,0,41.1,69
arm1,redmi9t,20260801-110540,mutation_8,1,41.7,65
arm1,redmi9t,20260801-110540,mutation_8,10,42.3,63
arm1,redmi9t,20260801-110540,mutation_8,11,42.3,80
arm1,redmi9t,20260801-110540,mutation_8,12,41.1,68
arm1,redmi9t,20260801-110540,mutation_8,13,45.1,80
arm1,redmi9t,20260801-110540,mutation_8,14,46.0,63
arm1,redmi9t,20260801-110540,mutation_8,2,43.2,66
arm1,redmi9t,20260801-110540,mutation_8,3,41.7,61
arm1,redmi9t,20260801-110540,mutation_8,4,42.0,72
arm1,redmi9t,20260801-110540,mutation_8,5,41.4,64
arm1,redmi9t,20260801-110540,mutation_8,6,42.0,63
arm1,redmi9t,20260801-110540,mutation_8,7,41.4,71
arm1,redmi9t,20260801-110540,mutation_8,8,41.7,80
arm1,redmi9t,20260801-110540,mutation_8,9,41.4,63
arm1,redmi9t,20260801-200535,base,0,42.9,67
arm1,redmi9t,20260801-200535,base,1,39.5,81
arm1,redmi9t,20260801-200535,base,10,38.6,71
arm1,redmi9t,20260801-200535,base,11,37.4,64
arm1,redmi9t,20260801-200535,base,12,38.3,69
arm1,redmi9t,20260801-200535,base,13,38.0,69
arm1,redmi9t,20260801-200535,base,14,38.6,76
arm1,redmi9t,20260801-200535,base,2,38.9,77
arm1,redmi9t,20260801-200535,base,3,37.0,64
arm1,redmi9t,20260801-200535,base,4,37.0,64
arm1,redmi9t,20260801-200535,base,5,38.3,70
arm1,redmi9t,20260801-200535,base,6,37.4,62
arm1,redmi9t,20260801-200535,base,7,39.2,79
arm1,redmi9t,20260801-200535,base,8,38.0,72
arm1,redmi9t,20260801-200535,base,9,40.5,83
arm1,redmi9t,20260801-200535,mutation_1,0,38.0,70
arm1,redmi9t,20260801-200535,mutation_1,1,40.2,82
arm1,redmi9t,20260801-200535,mutation_1,10,38.6,65
arm1,redmi9t,20260801-200535,mutation_1,11,38.0,63
arm1,redmi9t,20260801-200535,mutation_1,12,38.9,64
arm1,redmi9t,20260801-200535,mutation_1,13,37.0,62
arm1,redmi9t,20260801-200535,mutation_1,14,37.0,64
arm1,redmi9t,20260801-200535,mutation_1,2,39.5,74
arm1,redmi9t,20260801-200535,mutation_1,3,39.2,80
arm1,redmi9t,20260801-200535,mutation_1,4,38.3,68
arm1,redmi9t,20260801-200535,mutation_1,5,37.7,67
arm1,redmi9t,20260801-200535,mutation_1,6,38.0,79
arm1,redmi9t,20260801-200535,mutation_1,7,37.0,63
arm1,redmi9t,20260801-200535,mutation_1,8,51.6,83
arm1,redmi9t,20260801-200535,mutation_1,9,38.3,71
arm1,redmi9t,20260801-200535,mutation_2,0,39.2,78
arm1,redmi9t,20260801-200535,mutation_2,1,39.2,80
arm1,redmi9t,20260801-200535,mutation_2,10,38.3,75
arm1,redmi9t,20260801-200535,mutation_2,11,38.6,74
arm1,redmi9t,20260801-200535,mutation_2,12,38.6,74
arm1,redmi9t,20260801-200535,mutation_2,13,37.7,68
arm1,redmi9t,20260801-200535,mutation_2,14,37.7,69
arm1,redmi9t,20260801-200535,mutation_2,2,38.6,78
arm1,redmi9t,20260801-200535,mutation_2,3,39.8,70
arm1,redmi9t,20260801-200535,mutation_2,4,38.9,75
arm1,redmi9t,20260801-200535,mutation_2,5,39.2,63
arm1,redmi9t,20260801-200535,mutation_2,6,39.2,79
arm1,redmi9t,20260801-200535,mutation_2,7,38.3,71
arm1,redmi9t,20260801-200535,mutation_2,8,38.9,75
arm1,redmi9t,20260801-200535,mutation_2,9,39.2,79
arm1,redmi9t,20260801-200535,mutation_3,0,37.4,69
arm1,redmi9t,20260801-200535,mutation_3,1,38.9,71
arm1,redmi9t,20260801-200535,mutation_3,10,39.5,77
arm1,redmi9t,20260801-200535,mutation_3,11,38.9,77
arm1,redmi9t,20260801-200535,mutation_3,12,37.1,63
arm1,redmi9t,20260801-200535,mutation_3,13,38.0,70
arm1,redmi9t,20260801-200535,mutation_3,14,38.6,76
arm1,redmi9t,20260801-200535,mutation_3,2,38.3,73
arm1,redmi9t,20260801-200535,mutation_3,3,37.4,69
arm1,redmi9t,20260801-200535,mutation_3,4,38.9,78
arm1,redmi9t,20260801-200535,mutation_3,5,39.2,80
arm1,redmi9t,20260801-200535,mutation_3,6,39.8,79
arm1,redmi9t,20260801-200535,mutation_3,7,38.6,76
arm1,redmi9t,20260801-200535,mutation_3,8,38.3,66
arm1,redmi9t,20260801-200535,mutation_3,9,37.0,63
arm1,redmi9t,20260801-200535,mutation_4,0,39.8,77
arm1,redmi9t,20260801-200535,mutation_4,1,38.9,78
arm1,redmi9t,20260801-200535,mutation_4,10,37.0,62
arm1,redmi9t,20260801-200535,mutation_4,11,38.0,65
arm1,redmi9t,20260801-200535,mutation_4,12,39.5,78
arm1,redmi9t,20260801-200535,mutation_4,13,37.7,71
arm1,redmi9t,20260801-200535,mutation_4,14,39.5,82
arm1,redmi9t,20260801-200535,mutation_4,2,38.3,62
arm1,redmi9t,20260801-200535,mutation_4,3,44.2,83
arm1,redmi9t,20260801-200535,mutation_4,4,37.1,64
arm1,redmi9t,20260801-200535,mutation_4,5,38.3,75
arm1,redmi9t,20260801-200535,mutation_4,6,39.2,81
arm1,redmi9t,20260801-200535,mutation_4,7,38.9,76
arm1,redmi9t,20260801-200535,mutation_4,8,37.7,70
arm1,redmi9t,20260801-200535,mutation_4,9,41.1,66
arm1,redmi9t,20260801-200535,mutation_5,0,37.0,63
arm1,redmi9t,20260801-200535,mutation_5,1,38.9,76
arm1,redmi9t,20260801-200535,mutation_5,10,38.9,73
arm1,redmi9t,20260801-200535,mutation_5,11,38.0,72
arm1,redmi9t,20260801-200535,mutation_5,12,39.2,78
arm1,redmi9t,20260801-200535,mutation_5,13,38.9,72
arm1,redmi9t,20260801-200535,mutation_5,14,37.1,66
arm1,redmi9t,20260801-200535,mutation_5,2,38.6,65
arm1,redmi9t,20260801-200535,mutation_5,3,39.2,73
arm1,redmi9t,20260801-200535,mutation_5,4,38.6,72
arm1,redmi9t,20260801-200535,mutation_5,5,38.9,76
arm1,redmi9t,20260801-200535,mutation_5,6,39.2,72
arm1,redmi9t,20260801-200535,mutation_5,7,38.9,73
arm1,redmi9t,20260801-200535,mutation_5,8,37.0,65
arm1,redmi9t,20260801-200535,mutation_5,9,39.5,82
arm1,redmi9t,20260801-200535,mutation_6,0,39.8,77
arm1,redmi9t,20260801-200535,mutation_6,1,39.2,65
arm1,redmi9t,20260801-200535,mutation_6,10,39.5,81
arm1,redmi9t,20260801-200535,mutation_6,11,39.2,74
arm1,redmi9t,20260801-200535,mutation_6,12,39.2,73
arm1,redmi9t,20260801-200535,mutation_6,13,37.4,67
arm1,redmi9t,20260801-200535,mutation_6,14,39.2,82
arm1,redmi9t,20260801-200535,mutation_6,2,39.5,71
arm1,redmi9t,20260801-200535,mutation_6,3,38.9,81
arm1,redmi9t,20260801-200535,mutation_6,4,38.6,74
arm1,redmi9t,20260801-200535,mutation_6,5,40.5,74
arm1,redmi9t,20260801-200535,mutation_6,6,39.5,82
arm1,redmi9t,20260801-200535,mutation_6,7,38.0,67
arm1,redmi9t,20260801-200535,mutation_6,8,39.5,73
arm1,redmi9t,20260801-200535,mutation_6,9,39.2,68
arm1,redmi9t,20260801-200535,mutation_7,0,41.1,81
arm1,redmi9t,20260801-200535,mutation_7,1,37.7,68
arm1,redmi9t,20260801-200535,mutation_7,10,39.2,77
arm1,redmi9t,20260801-200535,mutation_7,11,39.2,75
arm1,redmi9t,20260801-200535,mutation_7,12,39.2,77
arm1,redmi9t,20260801-200535,mutation_7,13,38.6,70
arm1,redmi9t,20260801-200535,mutation_7,14,38.6,76
arm1,redmi9t,20260801-200535,mutation_7,2,38.9,79
arm1,redmi9t,20260801-200535,mutation_7,3,39.2,79
arm1,redmi9t,20260801-200535,mutation_7,4,39.2,80
arm1,redmi9t,20260801-200535,mutation_7,5,38.9,76
arm1,redmi9t,20260801-200535,mutation_7,6,38.9,78
arm1,redmi9t,20260801-200535,mutation_7,7,37.4,67
arm1,redmi9t,20260801-200535,mutation_7,8,39.2,75
arm1,redmi9t,20260801-200535,mutation_7,9,43.9,73
arm1,redmi9t,20260801-200535,mutation_8,0,38.3,72
arm1,redmi9t,20260801-200535,mutation_8,1,38.3,68
arm1,redmi9t,20260801-200535,mutation_8,10,38.3,66
arm1,redmi9t,20260801-200535,mutation_8,11,39.2,81
arm1,redmi9t,20260801-200535,mutation_8,12,40.2,71
arm1,redmi9t,20260801-200535,mutation_8,13,42.6,83
arm1,redmi9t,20260801-200535,mutation_8,14,38.3,66
arm1,redmi9t,20260801-200535,mutation_8,2,37.7,69
arm1,redmi9t,20260801-200535,mutation_8,3,37.4,65
arm1,redmi9t,20260801-200535,mutation_8,4,38.9,75
arm1,redmi9t,20260801-200535,mutation_8,5,37.7,68
arm1,redmi9t,20260801-200535,mutation_8,6,37.4,67
arm1,redmi9t,20260801-200535,mutation_8,7,38.3,74
arm1,redmi9t,20260801-200535,mutation_8,8,40.5,82
arm1,redmi9t,20260801-200535,mutation_8,9,37.1,67
arm1,redmi9t,20260802-015854,base,0,38.3,64
arm1,redmi9t,20260802-015854,base,1,42.3,82
arm1,redmi9t,20260802-015854,base,10,37.0,69
arm1,redmi9t,20260802-015854,base,11,38.0,61
arm1,redmi9t,20260802-015854,base,12,38.3,67
arm1,redmi9t,20260802-015854,base,13,37.4,66
arm1,redmi9t,20260802-015854,base,14,38.3,76
arm1,redmi9t,20260802-015854,base,2,38.0,77
arm1,redmi9t,20260802-015854,base,3,38.6,61
arm1,redmi9t,20260802-015854,base,4,38.0,60
arm1,redmi9t,20260802-015854,base,5,37.7,68
arm1,redmi9t,20260802-015854,base,6,37.4,59
arm1,redmi9t,20260802-015854,base,7,39.8,80
arm1,redmi9t,20260802-015854,base,8,38.6,70
arm1,redmi9t,20260802-015854,base,9,39.5,83
arm1,redmi9t,20260802-015854,mutation_1,0,37.4,68
arm1,redmi9t,20260802-015854,mutation_1,1,43.6,83
arm1,redmi9t,20260802-015854,mutation_1,10,37.7,62
arm1,redmi9t,20260802-015854,mutation_1,11,38.3,60
arm1,redmi9t,20260802-015854,mutation_1,12,38.0,61
arm1,redmi9t,20260802-015854,mutation_1,13,37.4,59
arm1,redmi9t,20260802-015854,mutation_1,14,37.7,61
arm1,redmi9t,20260802-015854,mutation_1,2,40.2,73
arm1,redmi9t,20260802-015854,mutation_1,3,39.2,81
arm1,redmi9t,20260802-015854,mutation_1,4,38.3,66
arm1,redmi9t,20260802-015854,mutation_1,5,38.3,65
arm1,redmi9t,20260802-015854,mutation_1,6,41.4,80
arm1,redmi9t,20260802-015854,mutation_1,7,37.7,60
arm1,redmi9t,20260802-015854,mutation_1,8,44.2,84
arm1,redmi9t,20260802-015854,mutation_1,9,38.0,70
arm1,redmi9t,20260802-015854,mutation_2,0,39.5,79
arm1,redmi9t,20260802-015854,mutation_2,1,39.5,81
arm1,redmi9t,20260802-015854,mutation_2,10,38.0,74
arm1,redmi9t,20260802-015854,mutation_2,11,39.2,73
arm1,redmi9t,20260802-015854,mutation_2,12,38.0,73
arm1,redmi9t,20260802-015854,mutation_2,13,37.4,65
arm1,redmi9t,20260802-015854,mutation_2,14,38.0,67
arm1,redmi9t,20260802-015854,mutation_2,2,38.6,78
arm1,redmi9t,20260802-015854,mutation_2,3,37.7,68
arm1,redmi9t,20260802-015854,mutation_2,4,39.2,74
arm1,redmi9t,20260802-015854,mutation_2,5,38.3,60
arm1,redmi9t,20260802-015854,mutation_2,6,39.5,80
arm1,redmi9t,20260802-015854,mutation_2,7,38.0,69
arm1,redmi9t,20260802-015854,mutation_2,8,38.9,74
arm1,redmi9t,20260802-015854,mutation_2,9,38.9,79
arm1,redmi9t,20260802-015854,mutation_3,0,37.7,67
arm1,redmi9t,20260802-015854,mutation_3,1,38.3,70
arm1,redmi9t,20260802-015854,mutation_3,10,38.9,78
arm1,redmi9t,20260802-015854,mutation_3,11,38.3,77
arm1,redmi9t,20260802-015854,mutation_3,12,39.2,59
arm1,redmi9t,20260802-015854,mutation_3,13,37.4,68
arm1,redmi9t,20260802-015854,mutation_3,14,38.3,75
arm1,redmi9t,20260802-015854,mutation_3,2,40.2,72
arm1,redmi9t,20260802-015854,mutation_3,3,37.7,67
arm1,redmi9t,20260802-015854,mutation_3,4,39.2,78
arm1,redmi9t,20260802-015854,mutation_3,5,39.8,80
arm1,redmi9t,20260802-015854,mutation_3,6,39.5,79
arm1,redmi9t,20260802-015854,mutation_3,7,38.3,75
arm1,redmi9t,20260802-015854,mutation_3,8,38.9,63
arm1,redmi9t,20260802-015854,mutation_3,9,37.7,60
arm1,redmi9t,20260802-015854,mutation_4,0,38.3,77
arm1,redmi9t,20260802-015854,mutation_4,1,38.9,78
arm1,redmi9t,20260802-015854,mutation_4,10,37.1,59
arm1,redmi9t,20260802-015854,mutation_4,11,38.3,62
arm1,redmi9t,20260802-015854,mutation_4,12,39.5,78
arm1,redmi9t,20260802-015854,mutation_4,13,37.7,70
arm1,redmi9t,20260802-015854,mutation_4,14,39.5,83
arm1,redmi9t,20260802-015854,mutation_4,2,38.3,59
arm1,redmi9t,20260802-015854,mutation_4,3,38.3,84
arm1,redmi9t,20260802-015854,mutation_4,4,37.7,61
arm1,redmi9t,20260802-015854,mutation_4,5,39.2,74
arm1,redmi9t,20260802-015854,mutation_4,6,40.2,81
arm1,redmi9t,20260802-015854,mutation_4,7,38.6,76
arm1,redmi9t,20260802-015854,mutation_4,8,39.2,68
arm1,redmi9t,20260802-015854,mutation_4,9,37.4,63
arm1,redmi9t,20260802-015854,mutation_5,0,37.7,60
arm1,redmi9t,20260802-015854,mutation_5,1,38.3,75
arm1,redmi9t,20260802-015854,mutation_5,10,42.9,72
arm1,redmi9t,20260802-015854,mutation_5,11,37.7,70
arm1,redmi9t,20260802-015854,mutation_5,12,40.2,78
arm1,redmi9t,20260802-015854,mutation_5,13,38.0,71
arm1,redmi9t,20260802-015854,mutation_5,14,39.2,63
arm1,redmi9t,20260802-015854,mutation_5,2,38.3,62
arm1,redmi9t,20260802-015854,mutation_5,3,38.0,72
arm1,redmi9t,20260802-015854,mutation_5,4,38.0,71
arm1,redmi9t,20260802-015854,mutation_5,5,38.3,75
arm1,redmi9t,20260802-015854,mutation_5,6,37.7,71
arm1,redmi9t,20260802-015854,mutation_5,7,38.0,71
arm1,redmi9t,20260802-015854,mutation_5,8,37.4,63
arm1,redmi9t,20260802-015854,mutation_5,9,43.2,83
arm1,redmi9t,20260802-015854,mutation_6,0,38.9,77
arm1,redmi9t,20260802-015854,mutation_6,1,38.6,62
arm1,redmi9t,20260802-015854,mutation_6,10,39.5,82
arm1,redmi9t,20260802-015854,mutation_6,11,38.0,73
arm1,redmi9t,20260802-015854,mutation_6,12,38.0,72
arm1,redmi9t,20260802-015854,mutation_6,13,37.4,64
arm1,redmi9t,20260802-015854,mutation_6,14,42.0,82
arm1,redmi9t,20260802-015854,mutation_6,2,37.7,69
arm1,redmi9t,20260802-015854,mutation_6,3,39.2,81
arm1,redmi9t,20260802-015854,mutation_6,4,38.0,73
arm1,redmi9t,20260802-015854,mutation_6,5,38.3,73
arm1,redmi9t,20260802-015854,mutation_6,6,40.5,83
arm1,redmi9t,20260802-015854,mutation_6,7,37.7,64
arm1,redmi9t,20260802-015854,mutation_6,8,39.8,71
arm1,redmi9t,20260802-015854,mutation_6,9,38.0,66
arm1,redmi9t,20260802-015854,mutation_7,0,39.5,82
arm1,redmi9t,20260802-015854,mutation_7,1,37.0,65
arm1,redmi9t,20260802-015854,mutation_7,10,38.3,77
arm1,redmi9t,20260802-015854,mutation_7,11,38.0,74
arm1,redmi9t,20260802-015854,mutation_7,12,39.2,76
arm1,redmi9t,20260802-015854,mutation_7,13,40.2,67
arm1,redmi9t,20260802-015854,mutation_7,14,39.8,76
arm1,redmi9t,20260802-015854,mutation_7,2,39.5,79
arm1,redmi9t,20260802-015854,mutation_7,3,40.5,80
arm1,redmi9t,20260802-015854,mutation_7,4,39.5,81
arm1,redmi9t,20260802-015854,mutation_7,5,38.6,76
arm1,redmi9t,20260802-015854,mutation_7,6,39.2,79
arm1,redmi9t,20260802-015854,mutation_7,7,38.0,65
arm1,redmi9t,20260802-015854,mutation_7,8,39.2,75
arm1,redmi9t,20260802-015854,mutation_7,9,38.0,71
arm1,redmi9t,20260802-015854,mutation_8,0,38.0,70
arm1,redmi9t,20260802-015854,mutation_8,1,38.0,66
arm1,redmi9t,20260802-015854,mutation_8,10,42.0,63
arm1,redmi9t,20260802-015854,mutation_8,11,40.8,82
arm1,redmi9t,20260802-015854,mutation_8,12,38.0,69
arm1,redmi9t,20260802-015854,mutation_8,13,39.2,84
arm1,redmi9t,20260802-015854,mutation_8,14,41.1,63
arm1,redmi9t,20260802-015854,mutation_8,2,38.0,67
arm1,redmi9t,20260802-015854,mutation_8,3,38.0,62
arm1,redmi9t,20260802-015854,mutation_8,4,38.0,74
arm1,redmi9t,20260802-015854,mutation_8,5,37.7,65
arm1,redmi9t,20260802-015854,mutation_8,6,37.7,64
arm1,redmi9t,20260802-015854,mutation_8,7,41.7,72
arm1,redmi9t,20260802-015854,mutation_8,8,40.8,83
arm1,redmi9t,20260802-015854,mutation_8,9,38.3,64
arm1,redmi9t,20260802-072907,base,0,39.2,64
arm1,redmi9t,20260802-072907,base,1,38.3,83
arm1,redmi9t,20260802-072907,base,10,45.4,68
arm1,redmi9t,20260802-072907,base,11,39.5,61
arm1,redmi9t,20260802-072907,base,12,39.5,66
arm1,redmi9t,20260802-072907,base,13,46.7,66
arm1,redmi9t,20260802-072907,base,14,40.5,76
arm1,redmi9t,20260802-072907,base,2,39.5,77
arm1,redmi9t,20260802-072907,base,3,38.9,60
arm1,redmi9t,20260802-072907,base,4,39.8,60
arm1,redmi9t,20260802-072907,base,5,39.2,67
arm1,redmi9t,20260802-072907,base,6,38.3,58
arm1,redmi9t,20260802-072907,base,7,38.0,81
arm1,redmi9t,20260802-072907,base,8,38.3,69
arm1,redmi9t,20260802-072907,base,9,41.1,84
arm1,redmi9t,20260802-072907,mutation_1,0,38.6,68
arm1,redmi9t,20260802-072907,mutation_1,1,41.7,84
arm1,redmi9t,20260802-072907,mutation_1,10,38.9,62
arm1,redmi9t,20260802-072907,mutation_1,11,39.2,59
arm1,redmi9t,20260802-072907,mutation_1,12,39.8,61
arm1,redmi9t,20260802-072907,mutation_1,13,39.8,58
arm1,redmi9t,20260802-072907,mutation_1,14,40.2,61
arm1,redmi9t,20260802-072907,mutation_1,2,39.2,73
arm1,redmi9t,20260802-072907,mutation_1,3,38.6,82
arm1,redmi9t,20260802-072907,mutation_1,4,38.9,65
arm1,redmi9t,20260802-072907,mutation_1,5,38.9,64
arm1,redmi9t,20260802-072907,mutation_1,6,37.4,81
arm1,redmi9t,20260802-072907,mutation_1,7,38.9,60
arm1,redmi9t,20260802-072907,mutation_1,8,44.2,84
arm1,redmi9t,20260802-072907,mutation_1,9,44.2,69
arm1,redmi9t,20260802-072907,mutation_2,0,39.2,79
arm1,redmi9t,20260802-072907,mutation_2,1,37.0,82
arm1,redmi9t,20260802-072907,mutation_2,10,40.2,74
arm1,redmi9t,20260802-072907,mutation_2,11,37.7,73
arm1,redmi9t,20260802-072907,mutation_2,12,38.3,72
arm1,redmi9t,20260802-072907,mutation_2,13,38.6,65
arm1,redmi9t,20260802-072907,mutation_2,14,38.9,67
arm1,redmi9t,20260802-072907,mutation_2,2,37.4,79
arm1,redmi9t,20260802-072907,mutation_2,3,39.2,67
arm1,redmi9t,20260802-072907,mutation_2,4,37.0,74
arm1,redmi9t,20260802-072907,mutation_2,5,40.8,59
arm1,redmi9t,20260802-072907,mutation_2,6,37.0,81
arm1,redmi9t,20260802-072907,mutation_2,7,38.0,69
arm1,redmi9t,20260802-072907,mutation_2,8,37.0,74
arm1,redmi9t,20260802-072907,mutation_2,9,38.0,80
arm1,redmi9t,20260802-072907,mutation_3,0,39.2,67
arm1,redmi9t,20260802-072907,mutation_3,1,38.6,69
arm1,redmi9t,20260802-072907,mutation_3,10,37.4,78
arm1,redmi9t,20260802-072907,mutation_3,11,38.9,77
arm1,redmi9t,20260802-072907,mutation_3,12,43.2,59
arm1,redmi9t,20260802-072907,mutation_3,13,38.6,68
arm1,redmi9t,20260802-072907,mutation_3,14,38.0,76
arm1,redmi9t,20260802-072907,mutation_3,2,40.2,72
arm1,redmi9t,20260802-072907,mutation_3,3,39.5,66
arm1,redmi9t,20260802-072907,mutation_3,4,40.2,79
arm1,redmi9t,20260802-072907,mutation_3,5,38.6,82
arm1,redmi9t,20260802-072907,mutation_3,6,38.3,80
arm1,redmi9t,20260802-072907,mutation_3,7,42.9,75
arm1,redmi9t,20260802-072907,mutation_3,8,40.2,63
arm1,redmi9t,20260802-072907,mutation_3,9,38.6,60
arm1,redmi9t,20260802-072907,mutation_4,0,40.5,77
arm1,redmi9t,20260802-072907,mutation_4,1,38.0,78
arm1,redmi9t,20260802-072907,mutation_4,10,38.9,59
arm1,redmi9t,20260802-072907,mutation_4,11,39.2,62
arm1,redmi9t,20260802-072907,mutation_4,12,37.0,78
arm1,redmi9t,20260802-072907,mutation_4,13,39.8,69
arm1,redmi9t,20260802-072907,mutation_4,14,37.1,84
arm1,redmi9t,20260802-072907,mutation_4,2,39.2,59
arm1,redmi9t,20260802-072907,mutation_4,3,42.3,84
arm1,redmi9t,20260802-072907,mutation_4,4,39.2,61
arm1,redmi9t,20260802-072907,mutation_4,5,37.0,74
arm1,redmi9t,20260802-072907,mutation_4,6,45.7,83
arm1,redmi9t,20260802-072907,mutation_4,7,46.0,76
arm1,redmi9t,20260802-072907,mutation_4,8,40.2,68
arm1,redmi9t,20260802-072907,mutation_4,9,43.9,63
arm1,redmi9t,20260802-072907,mutation_5,0,38.9,60
arm1,redmi9t,20260802-072907,mutation_5,1,37.7,75
arm1,redmi9t,20260802-072907,mutation_5,10,40.8,71
arm1,redmi9t,20260802-072907,mutation_5,11,37.7,70
arm1,redmi9t,20260802-072907,mutation_5,12,37.0,79
arm1,redmi9t,20260802-072907,mutation_5,13,40.8,71
arm1,redmi9t,20260802-072907,mutation_5,14,39.2,63
arm1,redmi9t,20260802-072907,mutation_5,2,39.2,61
arm1,redmi9t,20260802-072907,mutation_5,3,38.0,72
arm1,redmi9t,20260802-072907,mutation_5,4,38.9,70
arm1,redmi9t,20260802-072907,mutation_5,5,37.4,75
arm1,redmi9t,20260802-072907,mutation_5,6,38.9,71
arm1,redmi9t,20260802-072907,mutation_5,7,38.6,71
arm1,redmi9t,20260802-072907,mutation_5,8,38.9,62
arm1,redmi9t,20260802-072907,mutation_5,9,37.4,84
arm1,redmi9t,20260802-072907,mutation_6,0,37.4,78
arm1,redmi9t,20260802-072907,mutation_6,1,38.9,62
arm1,redmi9t,20260802-072907,mutation_6,10,41.1,83
arm1,redmi9t,20260802-072907,mutation_6,11,37.1,73
arm1,redmi9t,20260802-072907,mutation_6,12,40.5,72
arm1,redmi9t,20260802-072907,mutation_6,13,43.2,64
arm1,redmi9t,20260802-072907,mutation_6,14,37.0,84
arm1,redmi9t,20260802-072907,mutation_6,2,38.9,68
arm1,redmi9t,20260802-072907,mutation_6,3,43.2,82
arm1,redmi9t,20260802-072907,mutation_6,4,38.0,72
arm1,redmi9t,20260802-072907,mutation_6,5,38.6,73
arm1,redmi9t,20260802-072907,mutation_6,6,39.5,84
arm1,redmi9t,20260802-072907,mutation_6,7,40.2,64
arm1,redmi9t,20260802-072907,mutation_6,8,37.7,71
arm1,redmi9t,20260802-072907,mutation_6,9,39.5,66
arm1,redmi9t,20260802-072907,mutation_7,0,37.1,83
arm1,redmi9t,20260802-072907,mutation_7,1,38.9,65
arm1,redmi9t,20260802-072907,mutation_7,10,38.3,77
arm1,redmi9t,20260802-072907,mutation_7,11,37.0,74
arm1,redmi9t,20260802-072907,mutation_7,12,38.6,77
arm1,redmi9t,20260802-072907,mutation_7,13,39.5,67
arm1,redmi9t,20260802-072907,mutation_7,14,38.0,76
arm1,redmi9t,20260802-072907,mutation_7,2,37.0,80
arm1,redmi9t,20260802-072907,mutation_7,3,44.2,81
arm1,redmi9t,20260802-072907,mutation_7,4,37.7,82
arm1,redmi9t,20260802-072907,mutation_7,5,43.6,76
arm1,redmi9t,20260802-072907,mutation_7,6,38.6,79
arm1,redmi9t,20260802-072907,mutation_7,7,38.9,65
arm1,redmi9t,20260802-072907,mutation_7,8,40.5,75
arm1,redmi9t,20260802-072907,mutation_7,9,42.9,71
arm1,redmi9t,20260802-072907,mutation_8,0,38.6,70
arm1,redmi9t,20260802-072907,mutation_8,1,38.3,66
arm1,redmi9t,20260802-072907,mutation_8,10,39.2,63
arm1,redmi9t,20260802-072907,mutation_8,11,39.2,83
arm1,redmi9t,20260802-072907,mutation_8,12,38.3,69
arm1,redmi9t,20260802-072907,mutation_8,13,41.7,84
arm1,redmi9t,20260802-072907,mutation_8,14,40.2,63
arm1,redmi9t,20260802-072907,mutation_8,2,40.2,66
arm1,redmi9t,20260802-072907,mutation_8,3,39.5,62
arm1,redmi9t,20260802-072907,mutation_8,4,37.4,73
arm1,redmi9t,20260802-072907,mutation_8,5,39.5,65
arm1,redmi9t,20260802-072907,mutation_8,6,38.9,63
arm1,redmi9t,20260802-072907,mutation_8,7,39.2,72
arm1,redmi9t,20260802-072907,mutation_8,8,45.1,84
arm1,redmi9t,20260802-072907,mutation_8,9,42.3,64
arm1,redmi9t,20260802-170732,base,0,40.2,65
arm1,redmi9t,20260802-170732,base,1,42.3,83
arm1,redmi9t,20260802-170732,base,10,40.2,69
arm1,redmi9t,20260802-170732,base,11,40.2,62
arm1,redmi9t,20260802-170732,base,12,39.8,67
arm1,redmi9t,20260802-170732,base,13,39.8,67
arm1,redmi9t,20260802-170732,base,14,41.7,77
arm1,redmi9t,20260802-170732,base,2,39.5,77
arm1,redmi9t,20260802-170732,base,3,40.2,62
arm1,redmi9t,20260802-170732,base,4,40.5,61
arm1,redmi9t,20260802-170732,base,5,40.2,68
arm1,redmi9t,20260802-170732,base,6,42.6,60
arm1,redmi9t,20260802-170732,base,7,44.5,81
arm1,redmi9t,20260802-170732,base,8,40.2,70
arm1,redmi9t,20260802-170732,base,9,43.2,84
arm1,redmi9t,20260802-170732,mutation_1,0,40.8,69
arm1,redmi9t,20260802-170732,mutation_1,1,41.1,84
arm1,redmi9t,20260802-170732,mutation_1,10,39.8,63
arm1,redmi9t,20260802-170732,mutation_1,11,40.2,61
arm1,redmi9t,20260802-170732,mutation_1,12,40.8,62
arm1,redmi9t,20260802-170732,mutation_1,13,40.2,59
arm1,redmi9t,20260802-170732,mutation_1,14,40.2,62
arm1,redmi9t,20260802-170732,mutation_1,2,42.0,73
arm1,redmi9t,20260802-170732,mutation_1,3,40.8,82
arm1,redmi9t,20260802-170732,mutation_1,4,39.8,66
arm1,redmi9t,20260802-170732,mutation_1,5,41.7,65
arm1,redmi9t,20260802-170732,mutation_1,6,41.7,81
arm1,redmi9t,20260802-170732,mutation_1,7,40.5,61
arm1,redmi9t,20260802-170732,mutation_1,8,46.7,85
arm1,redmi9t,20260802-170732,mutation_1,9,39.8,70
arm1,redmi9t,20260802-170732,mutation_2,0,40.2,80
arm1,redmi9t,20260802-170732,mutation_2,1,40.5,82
arm1,redmi9t,20260802-170732,mutation_2,10,38.9,74
arm1,redmi9t,20260802-170732,mutation_2,11,40.5,73
arm1,redmi9t,20260802-170732,mutation_2,12,40.2,73
arm1,redmi9t,20260802-170732,mutation_2,13,43.2,66
arm1,redmi9t,20260802-170732,mutation_2,14,42.3,68
arm1,redmi9t,20260802-170732,mutation_2,2,38.6,79
arm1,redmi9t,20260802-170732,mutation_2,3,40.2,68
arm1,redmi9t,20260802-170732,mutation_2,4,39.8,75
arm1,redmi9t,20260802-170732,mutation_2,5,42.0,60
arm1,redmi9t,20260802-170732,mutation_2,6,40.2,81
arm1,redmi9t,20260802-170732,mutation_2,7,39.8,69
arm1,redmi9t,20260802-170732,mutation_2,8,39.8,74
arm1,redmi9t,20260802-170732,mutation_2,9,42.3,80
arm1,redmi9t,20260802-170732,mutation_3,0,42.0,67
arm1,redmi9t,20260802-170732,mutation_3,1,38.6,69
arm1,redmi9t,20260802-170732,mutation_3,10,42.3,78
arm1,redmi9t,20260802-170732,mutation_3,11,40.2,77
arm1,redmi9t,20260802-170732,mutation_3,12,39.5,60
arm1,redmi9t,20260802-170732,mutation_3,13,39.8,68
arm1,redmi9t,20260802-170732,mutation_3,14,38.9,76
arm1,redmi9t,20260802-170732,mutation_3,2,40.2,72
arm1,redmi9t,20260802-170732,mutation_3,3,39.8,67
arm1,redmi9t,20260802-170732,mutation_3,4,42.9,79
arm1,redmi9t,20260802-170732,mutation_3,5,41.4,81
arm1,redmi9t,20260802-170732,mutation_3,6,40.5,80
arm1,redmi9t,20260802-170732,mutation_3,7,39.8,75
arm1,redmi9t,20260802-170732,mutation_3,8,44.5,61
arm1,redmi9t,20260802-170732,mutation_3,9,39.8,61
arm1,redmi9t,20260802-170732,mutation_4,0,40.5,77
arm1,redmi9t,20260802-170732,mutation_4,1,39.8,78
arm1,redmi9t,20260802-170732,mutation_4,10,39.8,60
arm1,redmi9t,20260802-170732,mutation_4,11,40.5,63
arm1,redmi9t,20260802-170732,mutation_4,12,41.1,78
arm1,redmi9t,20260802-170732,mutation_4,13,41.1,70
arm1,redmi9t,20260802-170732,mutation_4,14,44.2,84
arm1,redmi9t,20260802-170732,mutation_4,2,40.2,60
arm1,redmi9t,20260802-170732,mutation_4,3,42.0,85
arm1,redmi9t,20260802-170732,mutation_4,4,39.8,62
arm1,redmi9t,20260802-170732,mutation_4,5,39.5,75
arm1,redmi9t,20260802-170732,mutation_4,6,39.8,82
arm1,redmi9t,20260802-170732,mutation_4,7,45.7,76
arm1,redmi9t,20260802-170732,mutation_4,8,40.2,68
arm1,redmi9t,20260802-170732,mutation_4,9,39.5,64
arm1,redmi9t,20260802-170732,mutation_5,0,40.2,61
arm1,redmi9t,20260802-170732,mutation_5,1,39.8,75
arm1,redmi9t,20260802-170732,mutation_5,10,39.5,72
arm1,redmi9t,20260802-170732,mutation_5,11,39.8,70
arm1,redmi9t,20260802-170732,mutation_5,12,40.8,79
arm1,redmi9t,20260802-170732,mutation_5,13,40.2,71
arm1,redmi9t,20260802-170732,mutation_5,14,39.8,64
arm1,redmi9t,20260802-170732,mutation_5,2,41.7,63
arm1,redmi9t,20260802-170732,mutation_5,3,40.2,72
arm1,redmi9t,20260802-170732,mutation_5,4,39.5,71
arm1,redmi9t,20260802-170732,mutation_5,5,40.8,75
arm1,redmi9t,20260802-170732,mutation_5,6,39.5,71
arm1,redmi9t,20260802-170732,mutation_5,7,40.2,71
arm1,redmi9t,20260802-170732,mutation_5,8,40.2,64
arm1,redmi9t,20260802-170732,mutation_5,9,39.8,84
arm1,redmi9t,20260802-170732,mutation_6,0,39.5,78
arm1,redmi9t,20260802-170732,mutation_6,1,41.7,63
arm1,redmi9t,20260802-170732,mutation_6,10,41.4,83
arm1,redmi9t,20260802-170732,mutation_6,11,40.5,73
arm1,redmi9t,20260802-170732,mutation_6,12,40.5,72
arm1,redmi9t,20260802-170732,mutation_6,13,40.8,65
arm1,redmi9t,20260802-170732,mutation_6,14,39.8,83
arm1,redmi9t,20260802-170732,mutation_6,2,39.8,69
arm1,redmi9t,20260802-170732,mutation_6,3,39.8,82
arm1,redmi9t,20260802-170732,mutation_6,4,39.8,73
arm1,redmi9t,20260802-170732,mutation_6,5,39.8,73
arm1,redmi9t,20260802-170732,mutation_6,6,40.8,84
arm1,redmi9t,20260802-170732,mutation_6,7,40.8,65
arm1,redmi9t,20260802-170732,mutation_6,8,39.2,72
arm1,redmi9t,20260802-170732,mutation_6,9,40.2,67
arm1,redmi9t,20260802-170732,mutation_7,0,46.0,83
arm1,redmi9t,20260802-170732,mutation_7,1,40.2,66
arm1,redmi9t,20260802-170732,mutation_7,10,39.5,78
arm1,redmi9t,20260802-170732,mutation_7,11,39.8,74
arm1,redmi9t,20260802-170732,mutation_7,12,39.8,77
arm1,redmi9t,20260802-170732,mutation_7,13,40.5,68
arm1,redmi9t,20260802-170732,mutation_7,14,46.0,77
arm1,redmi9t,20260802-170732,mutation_7,2,40.8,80
arm1,redmi9t,20260802-170732,mutation_7,3,40.8,81
arm1,redmi9t,20260802-170732,mutation_7,4,41.4,82
arm1,redmi9t,20260802-170732,mutation_7,5,39.8,76
arm1,redmi9t,20260802-170732,mutation_7,6,42.0,80
arm1,redmi9t,20260802-170732,mutation_7,7,39.8,65
arm1,redmi9t,20260802-170732,mutation_7,8,39.5,75
arm1,redmi9t,20260802-170732,mutation_7,9,39.2,71
arm1,redmi9t,20260802-170732,mutation_8,0,39.5,71
arm1,redmi9t,20260802-170732,mutation_8,1,39.8,66
arm1,redmi9t,20260802-170732,mutation_8,10,40.5,64
arm1,redmi9t,20260802-170732,mutation_8,11,40.5,83
arm1,redmi9t,20260802-170732,mutation_8,12,40.2,69
arm1,redmi9t,20260802-170732,mutation_8,13,40.5,85
arm1,redmi9t,20260802-170732,mutation_8,14,40.5,64
arm1,redmi9t,20260802-170732,mutation_8,2,40.5,67
arm1,redmi9t,20260802-170732,mutation_8,3,39.8,63
arm1,redmi9t,20260802-170732,mutation_8,4,42.0,74
arm1,redmi9t,20260802-170732,mutation_8,5,41.4,66
arm1,redmi9t,20260802-170732,mutation_8,6,39.8,64
arm1,redmi9t,20260802-170732,mutation_8,7,40.5,72
arm1,redmi9t,20260802-170732,mutation_8,8,42.9,84
arm1,redmi9t,20260802-170732,mutation_8,9,41.4,65
arm1,redmi9t,20260802-231733,base,0,39.5,65
arm1,redmi9t,20260802-231733,base,1,41.4,80
arm1,redmi9t,20260802-231733,base,10,39.5,69
arm1,redmi9t,20260802-231733,base,11,38.9,62
arm1,redmi9t,20260802-231733,base,12,40.8,67
arm1,redmi9t,20260802-231733,base,13,42.3,66
arm1,redmi9t,20260802-231733,base,14,45.4,75
arm1,redmi9t,20260802-231733,base,2,39.8,75
arm1,redmi9t,20260802-231733,base,3,43.6,62
arm1,redmi9t,20260802-231733,base,4,39.5,61
arm1,redmi9t,20260802-231733,base,5,39.8,68
arm1,redmi9t,20260802-231733,base,6,43.2,56
arm1,redmi9t,20260802-231733,base,7,42.3,78
arm1,redmi9t,20260802-231733,base,8,39.5,69
arm1,redmi9t,20260802-231733,base,9,43.9,81
arm1,redmi9t,20260802-231733,mutation_1,0,40.5,68
arm1,redmi9t,20260802-231733,mutation_1,1,42.3,80
arm1,redmi9t,20260802-231733,mutation_1,10,41.1,63
arm1,redmi9t,20260802-231733,mutation_1,11,45.7,57
arm1,redmi9t,20260802-231733,mutation_1,12,39.5,62
arm1,redmi9t,20260802-231733,mutation_1,13,42.0,56
arm1,redmi9t,20260802-231733,mutation_1,14,39.5,62
arm1,redmi9t,20260802-231733,mutation_1,2,39.5,72
arm1,redmi9t,20260802-231733,mutation_1,3,41.4,79
arm1,redmi9t,20260802-231733,mutation_1,4,38.9,66
arm1,redmi9t,20260802-231733,mutation_1,5,39.5,65
arm1,redmi9t,20260802-231733,mutation_1,6,40.5,78
arm1,redmi9t,20260802-231733,mutation_1,7,43.6,57
arm1,redmi9t,20260802-231733,mutation_1,8,46.7,81
arm1,redmi9t,20260802-231733,mutation_1,9,40.2,69
arm1,redmi9t,20260802-231733,mutation_2,0,40.2,77
arm1,redmi9t,20260802-231733,mutation_2,1,43.6,79
arm1,redmi9t,20260802-231733,mutation_2,10,39.5,73
arm1,redmi9t,20260802-231733,mutation_2,11,43.6,72
arm1,redmi9t,20260802-231733,mutation_2,12,40.2,72
arm1,redmi9t,20260802-231733,mutation_2,13,38.9,66
arm1,redmi9t,20260802-231733,mutation_2,14,40.2,67
arm1,redmi9t,20260802-231733,mutation_2,2,41.4,77
arm1,redmi9t,20260802-231733,mutation_2,3,39.8,67
arm1,redmi9t,20260802-231733,mutation_2,4,39.8,73
arm1,redmi9t,20260802-231733,mutation_2,5,42.9,57
arm1,redmi9t,20260802-231733,mutation_2,6,39.8,78
arm1,redmi9t,20260802-231733,mutation_2,7,39.2,69
arm1,redmi9t,20260802-231733,mutation_2,8,40.2,73
arm1,redmi9t,20260802-231733,mutation_2,9,38.3,77
arm1,redmi9t,20260802-231733,mutation_3,0,39.8,67
arm1,redmi9t,20260802-231733,mutation_3,1,40.2,69
arm1,redmi9t,20260802-231733,mutation_3,10,39.8,76
arm1,redmi9t,20260802-231733,mutation_3,11,39.5,76
arm1,redmi9t,20260802-231733,mutation_3,12,44.8,56
arm1,redmi9t,20260802-231733,mutation_3,13,39.5,68
arm1,redmi9t,20260802-231733,mutation_3,14,42.0,74
arm1,redmi9t,20260802-231733,mutation_3,2,39.5,71
arm1,redmi9t,20260802-231733,mutation_3,3,39.2,67
arm1,redmi9t,20260802-231733,mutation_3,4,40.5,77
arm1,redmi9t,20260802-231733,mutation_3,5,42.0,79
arm1,redmi9t,20260802-231733,mutation_3,6,51.0,57
arm1,redmi9t,20260802-231733,mutation_3,7,39.5,74
arm1,redmi9t,20260802-231733,mutation_3,8,38.6,64
arm1,redmi9t,20260802-231733,mutation_3,9,45.1,57
arm1,redmi9t,20260802-231733,mutation_4,0,39.2,75
arm1,redmi9t,20260802-231733,mutation_4,1,43.2,76
arm1,redmi9t,20260802-231733,mutation_4,10,42.6,56
arm1,redmi9t,20260802-231733,mutation_4,11,39.5,63
arm1,redmi9t,20260802-231733,mutation_4,12,44.2,76
arm1,redmi9t,20260802-231733,mutation_4,13,40.2,69
arm1,redmi9t,20260802-231733,mutation_4,14,46.7,80
arm1,redmi9t,20260802-231733,mutation_4,2,42.0,56
arm1,redmi9t,20260802-231733,mutation_4,3,46.0,81
arm1,redmi9t,20260802-231733,mutation_4,4,39.5,62
arm1,redmi9t,20260802-231733,mutation_4,5,39.8,73
arm1,redmi9t,20260802-231733,mutation_4,6,43.2,79
arm1,redmi9t,20260802-231733,mutation_4,7,39.8,75
arm1,redmi9t,20260802-231733,mutation_4,8,40.2,68
arm1,redmi9t,20260802-231733,mutation_4,9,38.6,64
arm1,redmi9t,20260802-231733,mutation_5,0,43.6,57
arm1,redmi9t,20260802-231733,mutation_5,1,40.5,74
arm1,redmi9t,20260802-231733,mutation_5,10,41.4,71
arm1,redmi9t,20260802-231733,mutation_5,11,40.5,70
arm1,redmi9t,20260802-231733,mutation_5,12,40.2,77
arm1,redmi9t,20260802-231733,mutation_5,13,42.3,70
arm1,redmi9t,20260802-231733,mutation_5,14,39.2,63
arm1,redmi9t,20260802-231733,mutation_5,2,38.0,62
arm1,redmi9t,20260802-231733,mutation_5,3,39.5,71
arm1,redmi9t,20260802-231733,mutation_5,4,39.8,70
arm1,redmi9t,20260802-231733,mutation_5,5,39.8,74
arm1,redmi9t,20260802-231733,mutation_5,6,41.1,70
arm1,redmi9t,20260802-231733,mutation_5,7,42.6,71
arm1,redmi9t,20260802-231733,mutation_5,8,39.2,63
arm1,redmi9t,20260802-231733,mutation_5,9,40.5,80
arm1,redmi9t,20260802-231733,mutation_6,0,43.6,76
arm1,redmi9t,20260802-231733,mutation_6,1,39.8,63
arm1,redmi9t,20260802-231733,mutation_6,10,43.6,79
arm1,redmi9t,20260802-231733,mutation_6,11,39.5,72
arm1,redmi9t,20260802-231733,mutation_6,12,39.5,71
arm1,redmi9t,20260802-231733,mutation_6,13,38.9,65
arm1,redmi9t,20260802-231733,mutation_6,14,40.8,80
arm1,redmi9t,20260802-231733,mutation_6,2,39.5,68
arm1,redmi9t,20260802-231733,mutation_6,3,42.3,79
arm1,redmi9t,20260802-231733,mutation_6,4,39.5,72
arm1,redmi9t,20260802-231733,mutation_6,5,39.8,72
arm1,redmi9t,20260802-231733,mutation_6,6,44.2,80
arm1,redmi9t,20260802-231733,mutation_6,7,39.2,65
arm1,redmi9t,20260802-231733,mutation_6,8,39.5,71
arm1,redmi9t,20260802-231733,mutation_6,9,39.8,66
arm1,redmi9t,20260802-231733,mutation_7,0,41.7,80
arm1,redmi9t,20260802-231733,mutation_7,1,38.9,66
arm1,redmi9t,20260802-231733,mutation_7,10,39.2,76
arm1,redmi9t,20260802-231733,mutation_7,11,39.8,73
arm1,redmi9t,20260802-231733,mutation_7,12,41.4,75
arm1,redmi9t,20260802-231733,mutation_7,13,38.9,67
arm1,redmi9t,20260802-231733,mutation_7,14,39.8,75
arm1,redmi9t,20260802-231733,mutation_7,2,43.6,78
arm1,redmi9t,20260802-231733,mutation_7,3,48.2,78
arm1,redmi9t,20260802-231733,mutation_7,4,44.2,79
arm1,redmi9t,20260802-231733,mutation_7,5,39.5,74
arm1,redmi9t,20260802-231733,mutation_7,6,40.2,77
arm1,redmi9t,20260802-231733,mutation_7,7,41.4,65
arm1,redmi9t,20260802-231733,mutation_7,8,38.9,74
arm1,redmi9t,20260802-231733,mutation_7,9,44.5,70
arm1,redmi9t,20260802-231733,mutation_8,0,39.8,70
arm1,redmi9t,20260802-231733,mutation_8,1,43.2,66
arm1,redmi9t,20260802-231733,mutation_8,10,39.5,64
arm1,redmi9t,20260802-231733,mutation_8,11,42.0,80
arm1,redmi9t,20260802-231733,mutation_8,12,43.2,69
arm1,redmi9t,20260802-231733,mutation_8,13,40.8,81
arm1,redmi9t,20260802-231733,mutation_8,14,39.5,64
arm1,redmi9t,20260802-231733,mutation_8,2,40.5,67
arm1,redmi9t,20260802-231733,mutation_8,3,38.3,63
arm1,redmi9t,20260802-231733,mutation_8,4,39.8,73
arm1,redmi9t,20260802-231733,mutation_8,5,43.9,65
arm1,redmi9t,20260802-231733,mutation_8,6,38.6,64
arm1,redmi9t,20260802-231733,mutation_8,7,40.2,72
arm1,redmi9t,20260802-231733,mutation_8,8,40.5,81
arm1,redmi9t,20260802-231733,mutation_8,9,38.9,64
arm1,redmi9t,20260803-051049,base,0,42.3,62
arm1,redmi9t,20260803-051049,base,1,43.9,81
arm1,redmi9t,20260803-051049,base,10,42.6,67
arm1,redmi9t,20260803-051049,base,11,42.9,58
arm1,redmi9t,20260803-051049,base,12,43.2,65
arm1,redmi9t,20260803-051049,base,13,42.0,64
arm1,redmi9t,20260803-051049,base,14,43.9,74
arm1,redmi9t,20260803-051049,base,2,43.2,75
arm1,redmi9t,20260803-051049,base,3,42.0,58
arm1,redmi9t,20260803-051049,base,4,46.3,57
arm1,redmi9t,20260803-051049,base,5,44.2,66
arm1,redmi9t,20260803-051049,base,6,42.6,55
arm1,redmi9t,20260803-051049,base,7,44.5,79
arm1,redmi9t,20260803-051049,base,8,42.3,68
arm1,redmi9t,20260803-051049,base,9,44.5,81
arm1,redmi9t,20260803-051049,mutation_1,0,42.6,66
arm1,redmi9t,20260803-051049,mutation_1,1,43.6,81
arm1,redmi9t,20260803-051049,mutation_1,10,46.7,59
arm1,redmi9t,20260803-051049,mutation_1,11,42.6,57
arm1,redmi9t,20260803-051049,mutation_1,12,43.6,58
arm1,redmi9t,20260803-051049,mutation_1,13,43.2,55
arm1,redmi9t,20260803-051049,mutation_1,14,47.3,58
arm1,redmi9t,20260803-051049,mutation_1,2,43.9,71
arm1,redmi9t,20260803-051049,mutation_1,3,42.9,79
arm1,redmi9t,20260803-051049,mutation_1,4,43.6,63
arm1,redmi9t,20260803-051049,mutation_1,5,46.0,62
arm1,redmi9t,20260803-051049,mutation_1,6,42.9,79
arm1,redmi9t,20260803-051049,mutation_1,7,44.5,57
arm1,redmi9t,20260803-051049,mutation_1,8,55.3,81
arm1,redmi9t,20260803-051049,mutation_1,9,49.1,68
arm1,redmi9t,20260803-051049,mutation_2,0,45.7,78
arm1,redmi9t,20260803-051049,mutation_2,1,49.4,80
arm1,redmi9t,20260803-051049,mutation_2,10,43.2,72
arm1,redmi9t,20260803-051049,mutation_2,11,42.0,72
arm1,redmi9t,20260803-051049,mutation_2,12,43.6,71
arm1,redmi9t,20260803-051049,mutation_2,13,42.0,63
arm1,redmi9t,20260803-051049,mutation_2,14,43.2,65
arm1,redmi9t,20260803-051049,mutation_2,2,42.6,77
arm1,redmi9t,20260803-051049,mutation_2,3,42.3,65
arm1,redmi9t,20260803-051049,mutation_2,4,42.9,73
arm1,redmi9t,20260803-051049,mutation_2,5,42.3,56
arm1,redmi9t,20260803-051049,mutation_2,6,47.9,78
arm1,redmi9t,20260803-051049,mutation_2,7,41.7,67
arm1,redmi9t,20260803-051049,mutation_2,8,43.9,72
arm1,redmi9t,20260803-051049,mutation_2,9,43.2,78
arm1,redmi9t,20260803-051049,mutation_3,0,42.6,65
arm1,redmi9t,20260803-051049,mutation_3,1,43.9,67
arm1,redmi9t,20260803-051049,mutation_3,10,42.6,76
arm1,redmi9t,20260803-051049,mutation_3,11,43.9,76
arm1,redmi9t,20260803-051049,mutation_3,12,44.5,56
arm1,redmi9t,20260803-051049,mutation_3,13,44.2,66
arm1,redmi9t,20260803-051049,mutation_3,14,43.2,74
arm1,redmi9t,20260803-051049,mutation_3,2,42.3,70
arm1,redmi9t,20260803-051049,mutation_3,3,44.8,64
arm1,redmi9t,20260803-051049,mutation_3,4,42.6,77
arm1,redmi9t,20260803-051049,mutation_3,5,42.9,79
arm1,redmi9t,20260803-051049,mutation_3,6,43.9,78
arm1,redmi9t,20260803-051049,mutation_3,7,41.7,73
arm1,redmi9t,20260803-051049,mutation_3,8,43.9,61
arm1,redmi9t,20260803-051049,mutation_3,9,42.9,57
arm1,redmi9t,20260803-051049,mutation_4,0,45.7,75
arm1,redmi9t,20260803-051049,mutation_4,1,41.7,76
arm1,redmi9t,20260803-051049,mutation_4,10,43.2,56
arm1,redmi9t,20260803-051049,mutation_4,11,42.0,59
arm1,redmi9t,20260803-051049,mutation_4,12,41.7,77
arm1,redmi9t,20260803-051049,mutation_4,13,45.4,67
arm1,redmi9t,20260803-051049,mutation_4,14,43.6,81
arm1,redmi9t,20260803-051049,mutation_4,2,42.6,56
arm1,redmi9t,20260803-051049,mutation_4,3,45.1,81
arm1,redmi9t,20260803-051049,mutation_4,4,44.8,58
arm1,redmi9t,20260803-051049,mutation_4,5,44.8,73
arm1,redmi9t,20260803-051049,mutation_4,6,42.0,80
arm1,redmi9t,20260803-051049,mutation_4,7,42.3,74
arm1,redmi9t,20260803-051049,mutation_4,8,42.9,66
arm1,redmi9t,20260803-051049,mutation_4,9,45.1,60
arm1,redmi9t,20260803-051049,mutation_5,0,42.9,57
arm1,redmi9t,20260803-051049,mutation_5,1,44.2,74
arm1,redmi9t,20260803-051049,mutation_5,10,45.7,69
arm1,redmi9t,20260803-051049,mutation_5,11,42.3,68
arm1,redmi9t,20260803-051049,mutation_5,12,42.6,77
arm1,redmi9t,20260803-051049,mutation_5,13,42.3,69
arm1,redmi9t,20260803-051049,mutation_5,14,45.7,60
arm1,redmi9t,20260803-051049,mutation_5,2,43.2,59
arm1,redmi9t,20260803-051049,mutation_5,3,43.6,70
arm1,redmi9t,20260803-051049,mutation_5,4,50.4,68
arm1,redmi9t,20260803-051049,mutation_5,5,42.9,73
arm1,redmi9t,20260803-051049,mutation_5,6,42.0,69
arm1,redmi9t,20260803-051049,mutation_5,7,42.3,69
arm1,redmi9t,20260803-051049,mutation_5,8,42.9,60
arm1,redmi9t,20260803-051049,mutation_5,9,42.0,81
arm1,redmi9t,20260803-051049,mutation_6,0,41.7,76
arm1,redmi9t,20260803-051049,mutation_6,1,42.6,60
arm1,redmi9t,20260803-051049,mutation_6,10,44.5,80
arm1,redmi9t,20260803-051049,mutation_6,11,42.3,71
arm1,redmi9t,20260803-051049,mutation_6,12,43.9,70
arm1,redmi9t,20260803-051049,mutation_6,13,42.6,62
arm1,redmi9t,20260803-051049,mutation_6,14,44.2,81
arm1,redmi9t,20260803-051049,mutation_6,2,43.2,66
arm1,redmi9t,20260803-051049,mutation_6,3,45.7,80
arm1,redmi9t,20260803-051049,mutation_6,4,42.3,71
arm1,redmi9t,20260803-051049,mutation_6,5,41.7,71
arm1,redmi9t,20260803-051049,mutation_6,6,45.1,81
arm1,redmi9t,20260803-051049,mutation_6,7,45.4,62
arm1,redmi9t,20260803-051049,mutation_6,8,43.2,69
arm1,redmi9t,20260803-051049,mutation_6,9,41.7,64
arm1,redmi9t,20260803-051049,mutation_7,0,47.9,81
arm1,redmi9t,20260803-051049,mutation_7,1,43.6,63
arm1,redmi9t,20260803-051049,mutation_7,10,42.9,76
arm1,redmi9t,20260803-051049,mutation_7,11,44.2,72
arm1,redmi9t,20260803-051049,mutation_7,12,42.9,75
arm1,redmi9t,20260803-051049,mutation_7,13,42.0,65
arm1,redmi9t,20260803-051049,mutation_7,14,42.9,75
arm1,redmi9t,20260803-051049,mutation_7,2,42.0,78
arm1,redmi9t,20260803-051049,mutation_7,3,43.6,79
arm1,redmi9t,20260803-051049,mutation_7,4,44.5,80
arm1,redmi9t,20260803-051049,mutation_7,5,42.9,74
arm1,redmi9t,20260803-051049,mutation_7,6,44.5,77
arm1,redmi9t,20260803-051049,mutation_7,7,43.6,62
arm1,redmi9t,20260803-051049,mutation_7,8,42.9,73
arm1,redmi9t,20260803-051049,mutation_7,9,43.9,69
arm1,redmi9t,20260803-051049,mutation_8,0,47.0,68
arm1,redmi9t,20260803-051049,mutation_8,1,42.9,63
arm1,redmi9t,20260803-051049,mutation_8,10,43.6,61
arm1,redmi9t,20260803-051049,mutation_8,11,43.9,81
arm1,redmi9t,20260803-051049,mutation_8,12,43.6,67
arm1,redmi9t,20260803-051049,mutation_8,13,45.4,81
arm1,redmi9t,20260803-051049,mutation_8,14,42.6,61
arm1,redmi9t,20260803-051049,mutation_8,2,44.2,64
arm1,redmi9t,20260803-051049,mutation_8,3,43.2,59
arm1,redmi9t,20260803-051049,mutation_8,4,46.0,72
arm1,redmi9t,20260803-051049,mutation_8,5,42.6,63
arm1,redmi9t,20260803-051049,mutation_8,6,42.3,61
arm1,redmi9t,20260803-051049,mutation_8,7,42.9,70
arm1,redmi9t,20260803-051049,mutation_8,8,45.4,81
arm1,redmi9t,20260803-051049,mutation_8,9,42.3,61
arm1,redmi9t,20260803-122848,base,0,44.8,61
arm1,redmi9t,20260803-122848,base,1,46.3,81
arm1,redmi9t,20260803-122848,base,10,45.4,66
arm1,redmi9t,20260803-122848,base,11,44.8,57
arm1,redmi9t,20260803-122848,base,12,46.3,64
arm1,redmi9t,20260803-122848,base,13,44.5,63
arm1,redmi9t,20260803-122848,base,14,46.7,74
arm1,redmi9t,20260803-122848,base,2,50.7,74
arm1,redmi9t,20260803-122848,base,3,43.9,57
arm1,redmi9t,20260803-122848,base,4,44.5,56
arm1,redmi9t,20260803-122848,base,5,45.1,65
arm1,redmi9t,20260803-122848,base,6,45.7,55
arm1,redmi9t,20260803-122848,base,7,44.8,78
arm1,redmi9t,20260803-122848,base,8,44.5,67
arm1,redmi9t,20260803-122848,base,9,43.9,83
arm1,redmi9t,20260803-122848,mutation_1,0,44.8,66
arm1,redmi9t,20260803-122848,mutation_1,1,44.8,82
arm1,redmi9t,20260803-122848,mutation_1,10,45.1,58
arm1,redmi9t,20260803-122848,mutation_1,11,47.0,56
arm1,redmi9t,20260803-122848,mutation_1,12,49.7,57
arm1,redmi9t,20260803-122848,mutation_1,13,43.9,54
arm1,redmi9t,20260803-122848,mutation_1,14,47.0,57
arm1,redmi9t,20260803-122848,mutation_1,2,44.5,71
arm1,redmi9t,20260803-122848,mutation_1,3,44.8,79
arm1,redmi9t,20260803-122848,mutation_1,4,43.9,63
arm1,redmi9t,20260803-122848,mutation_1,5,45.1,62
arm1,redmi9t,20260803-122848,mutation_1,6,44.2,79
arm1,redmi9t,20260803-122848,mutation_1,7,44.5,56
arm1,redmi9t,20260803-122848,mutation_1,8,51.3,83
arm1,redmi9t,20260803-122848,mutation_1,9,44.2,67
arm1,redmi9t,20260803-122848,mutation_2,0,44.8,77
arm1,redmi9t,20260803-122848,mutation_2,1,42.3,79
arm1,redmi9t,20260803-122848,mutation_2,10,43.9,72
arm1,redmi9t,20260803-122848,mutation_2,11,44.2,71
arm1,redmi9t,20260803-122848,mutation_2,12,45.1,70
arm1,redmi9t,20260803-122848,mutation_2,13,44.2,62
arm1,redmi9t,20260803-122848,mutation_2,14,44.8,64
arm1,redmi9t,20260803-122848,mutation_2,2,47.0,76
arm1,redmi9t,20260803-122848,mutation_2,3,45.1,65
arm1,redmi9t,20260803-122848,mutation_2,4,45.1,72
arm1,redmi9t,20260803-122848,mutation_2,5,48.2,55
arm1,redmi9t,20260803-122848,mutation_2,6,45.1,78
arm1,redmi9t,20260803-122848,mutation_2,7,46.0,67
arm1,redmi9t,20260803-122848,mutation_2,8,45.1,71
arm1,redmi9t,20260803-122848,mutation_2,9,44.8,77
arm1,redmi9t,20260803-122848,mutation_3,0,46.0,64
arm1,redmi9t,20260803-122848,mutation_3,1,45.1,67
arm1,redmi9t,20260803-122848,mutation_3,10,47.3,75
arm1,redmi9t,20260803-122848,mutation_3,11,47.0,75
arm1,redmi9t,20260803-122848,mutation_3,12,43.9,55
arm1,redmi9t,20260803-122848,mutation_3,13,43.9,65
arm1,redmi9t,20260803-122848,mutation_3,14,46.3,73
arm1,redmi9t,20260803-122848,mutation_3,2,45.4,70
arm1,redmi9t,20260803-122848,mutation_3,3,48.2,64
arm1,redmi9t,20260803-122848,mutation_3,4,47.6,76
arm1,redmi9t,20260803-122848,mutation_3,5,43.6,79
arm1,redmi9t,20260803-122848,mutation_3,6,44.5,77
arm1,redmi9t,20260803-122848,mutation_3,7,45.4,73
arm1,redmi9t,20260803-122848,mutation_3,8,45.4,60
arm1,redmi9t,20260803-122848,mutation_3,9,44.2,56
arm1,redmi9t,20260803-122848,mutation_4,0,46.7,74
arm1,redmi9t,20260803-122848,mutation_4,1,45.4,75
arm1,redmi9t,20260803-122848,mutation_4,10,43.2,55
arm1,redmi9t,20260803-122848,mutation_4,11,43.6,58
arm1,redmi9t,20260803-122848,mutation_4,12,46.7,76
arm1,redmi9t,20260803-122848,mutation_4,13,44.8,67
arm1,redmi9t,20260803-122848,mutation_4,14,43.6,82
arm1,redmi9t,20260803-122848,mutation_4,2,45.7,55
arm1,redmi9t,20260803-122848,mutation_4,3,44.5,83
arm1,redmi9t,20260803-122848,mutation_4,4,43.9,58
arm1,redmi9t,20260803-122848,mutation_4,5,43.9,72
arm1,redmi9t,20260803-122848,mutation_4,6,48.2,80
arm1,redmi9t,20260803-122848,mutation_4,7,44.2,74
arm1,redmi9t,20260803-122848,mutation_4,8,44.2,65
arm1,redmi9t,20260803-122848,mutation_4,9,44.2,60
arm1,redmi9t,20260803-122848,mutation_5,0,43.9,56
arm1,redmi9t,20260803-122848,mutation_5,1,44.5,73
arm1,redmi9t,20260803-122848,mutation_5,10,49.7,69
arm1,redmi9t,20260803-122848,mutation_5,11,46.3,68
arm1,redmi9t,20260803-122848,mutation_5,12,48.5,76
arm1,redmi9t,20260803-122848,mutation_5,13,43.6,68
arm1,redmi9t,20260803-122848,mutation_5,14,43.6,60
arm1,redmi9t,20260803-122848,mutation_5,2,43.2,58
arm1,redmi9t,20260803-122848,mutation_5,3,48.8,69
arm1,redmi9t,20260803-122848,mutation_5,4,44.8,68
arm1,redmi9t,20260803-122848,mutation_5,5,45.4,73
arm1,redmi9t,20260803-122848,mutation_5,6,43.9,68
arm1,redmi9t,20260803-122848,mutation_5,7,44.5,69
arm1,redmi9t,20260803-122848,mutation_5,8,49.1,59
arm1,redmi9t,20260803-122848,mutation_5,9,44.8,82
arm1,redmi9t,20260803-122848,mutation_6,0,47.6,75
arm1,redmi9t,20260803-122848,mutation_6,1,42.6,59
arm1,redmi9t,20260803-122848,mutation_6,10,50.4,81
arm1,redmi9t,20260803-122848,mutation_6,11,44.5,71
arm1,redmi9t,20260803-122848,mutation_6,12,47.0,70
arm1,redmi9t,20260803-122848,mutation_6,13,44.2,61
arm1,redmi9t,20260803-122848,mutation_6,14,43.2,81
arm1,redmi9t,20260803-122848,mutation_6,2,47.6,66
arm1,redmi9t,20260803-122848,mutation_6,3,50.1,80
arm1,redmi9t,20260803-122848,mutation_6,4,46.7,70
arm1,redmi9t,20260803-122848,mutation_6,5,44.2,71
arm1,redmi9t,20260803-122848,mutation_6,6,45.4,82
arm1,redmi9t,20260803-122848,mutation_6,7,46.0,61
arm1,redmi9t,20260803-122848,mutation_6,8,43.9,69
arm1,redmi9t,20260803-122848,mutation_6,9,43.9,63
arm1,redmi9t,20260803-122848,mutation_7,0,45.4,81
arm1,redmi9t,20260803-122848,mutation_7,1,45.1,63
arm1,redmi9t,20260803-122848,mutation_7,10,46.7,75
arm1,redmi9t,20260803-122848,mutation_7,11,45.1,72
arm1,redmi9t,20260803-122848,mutation_7,12,47.6,74
arm1,redmi9t,20260803-122848,mutation_7,13,45.1,65
arm1,redmi9t,20260803-122848,mutation_7,14,44.2,74
arm1,redmi9t,20260803-122848,mutation_7,2,43.9,77
arm1,redmi9t,20260803-122848,mutation_7,3,43.2,78
arm1,redmi9t,20260803-122848,mutation_7,4,44.5,80
arm1,redmi9t,20260803-122848,mutation_7,5,44.5,73
arm1,redmi9t,20260803-122848,mutation_7,6,44.2,77
arm1,redmi9t,20260803-122848,mutation_7,7,44.2,62
arm1,redmi9t,20260803-122848,mutation_7,8,45.7,72
arm1,redmi9t,20260803-122848,mutation_7,9,44.5,69
arm1,redmi9t,20260803-122848,mutation_8,0,46.7,68
arm1,redmi9t,20260803-122848,mutation_8,1,44.2,63
arm1,redmi9t,20260803-122848,mutation_8,10,43.9,60
arm1,redmi9t,20260803-122848,mutation_8,11,46.3,81
arm1,redmi9t,20260803-122848,mutation_8,12,50.4,66
arm1,redmi9t,20260803-122848,mutation_8,13,46.0,83
arm1,redmi9t,20260803-122848,mutation_8,14,45.1,60
arm1,redmi9t,20260803-122848,mutation_8,2,44.2,64
arm1,redmi9t,20260803-122848,mutation_8,3,44.2,58
arm1,redmi9t,20260803-122848,mutation_8,4,44.8,71
arm1,redmi9t,20260803-122848,mutation_8,5,45.1,62
arm1,redmi9t,20260803-122848,mutation_8,6,45.1,61
arm1,redmi9t,20260803-122848,mutation_8,7,45.1,70
arm1,redmi9t,20260803-122848,mutation_8,8,43.9,83
arm1,redmi9t,20260803-122848,mutation_8,9,45.4,61
arm1,redmi9t,20260803-193022,base,0,40.2,53
arm1,redmi9t,20260803-193022,base,1,43.6,82
arm1,redmi9t,20260803-193022,base,10,39.2,57
arm1,redmi9t,20260803-193022,base,11,41.1,51
arm1,redmi9t,20260803-193022,base,12,44.8,55
arm1,redmi9t,20260803-193022,base,13,40.2,55
arm1,redmi9t,20260803-193022,base,14,41.1,75
arm1,redmi9t,20260803-193022,base,2,41.7,76
arm1,redmi9t,20260803-193022,base,3,39.8,51
arm1,redmi9t,20260803-193022,base,4,39.2,51
arm1,redmi9t,20260803-193022,base,5,40.8,56
arm1,redmi9t,20260803-193022,base,6,40.8,61
arm1,redmi9t,20260803-193022,base,7,39.8,79
arm1,redmi9t,20260803-193022,base,8,40.2,58
arm1,redmi9t,20260803-193022,base,9,44.2,84
arm1,redmi9t,20260803-193022,mutation_1,0,39.8,57
arm1,redmi9t,20260803-193022,mutation_1,1,44.8,83
arm1,redmi9t,20260803-193022,mutation_1,10,39.8,52
arm1,redmi9t,20260803-193022,mutation_1,11,52.8,62
arm1,redmi9t,20260803-193022,mutation_1,12,40.2,51
arm1,redmi9t,20260803-193022,mutation_1,13,46.0,61
arm1,redmi9t,20260803-193022,mutation_1,14,42.6,51
arm1,redmi9t,20260803-193022,mutation_1,2,40.5,61
arm1,redmi9t,20260803-193022,mutation_1,3,40.5,79
arm1,redmi9t,20260803-193022,mutation_1,4,40.2,55
arm1,redmi9t,20260803-193022,mutation_1,5,40.2,54
arm1,redmi9t,20260803-193022,mutation_1,6,41.4,79
arm1,redmi9t,20260803-193022,mutation_1,7,38.6,50
arm1,redmi9t,20260803-193022,mutation_1,8,53.1,84
arm1,redmi9t,20260803-193022,mutation_1,9,39.8,58
arm1,redmi9t,20260803-193022,mutation_2,0,40.8,78
arm1,redmi9t,20260803-193022,mutation_2,1,40.2,80
arm1,redmi9t,20260803-193022,mutation_2,10,39.8,74
arm1,redmi9t,20260803-193022,mutation_2,11,48.5,61
arm1,redmi9t,20260803-193022,mutation_2,12,39.8,60
arm1,redmi9t,20260803-193022,mutation_2,13,41.7,54
arm1,redmi9t,20260803-193022,mutation_2,14,44.2,56
arm1,redmi9t,20260803-193022,mutation_2,2,44.8,77
arm1,redmi9t,20260803-193022,mutation_2,3,39.8,56
arm1,redmi9t,20260803-193022,mutation_2,4,40.2,74
arm1,redmi9t,20260803-193022,mutation_2,5,49.7,62
arm1,redmi9t,20260803-193022,mutation_2,6,51.6,79
arm1,redmi9t,20260803-193022,mutation_2,7,39.5,57
arm1,redmi9t,20260803-193022,mutation_2,8,39.8,74
arm1,redmi9t,20260803-193022,mutation_2,9,41.1,78
arm1,redmi9t,20260803-193022,mutation_3,0,47.3,56
arm1,redmi9t,20260803-193022,mutation_3,1,39.5,58
arm1,redmi9t,20260803-193022,mutation_3,10,41.1,77
arm1,redmi9t,20260803-193022,mutation_3,11,40.2,76
arm1,redmi9t,20260803-193022,mutation_3,12,43.6,61
arm1,redmi9t,20260803-193022,mutation_3,13,39.5,56
arm1,redmi9t,20260803-193022,mutation_3,14,44.5,75
arm1,redmi9t,20260803-193022,mutation_3,2,42.0,60
arm1,redmi9t,20260803-193022,mutation_3,3,39.8,55
arm1,redmi9t,20260803-193022,mutation_3,4,47.6,78
arm1,redmi9t,20260803-193022,mutation_3,5,41.4,79
arm1,redmi9t,20260803-193022,mutation_3,6,41.7,78
arm1,redmi9t,20260803-193022,mutation_3,7,39.2,75
arm1,redmi9t,20260803-193022,mutation_3,8,40.5,53
arm1,redmi9t,20260803-193022,mutation_3,9,44.5,50
arm1,redmi9t,20260803-193022,mutation_4,0,44.2,76
arm1,redmi9t,20260803-193022,mutation_4,1,38.9,77
arm1,redmi9t,20260803-193022,mutation_4,10,46.0,61
arm1,redmi9t,20260803-193022,mutation_4,11,40.5,52
arm1,redmi9t,20260803-193022,mutation_4,12,40.2,77
arm1,redmi9t,20260803-193022,mutation_4,13,39.8,58
arm1,redmi9t,20260803-193022,mutation_4,14,47.3,83
arm1,redmi9t,20260803-193022,mutation_4,2,40.5,61
arm1,redmi9t,20260803-193022,mutation_4,3,47.6,84
arm1,redmi9t,20260803-193022,mutation_4,4,47.9,51
arm1,redmi9t,20260803-193022,mutation_4,5,40.5,74
arm1,redmi9t,20260803-193022,mutation_4,6,50.4,80
arm1,redmi9t,20260803-193022,mutation_4,7,42.0,75
arm1,redmi9t,20260803-193022,mutation_4,8,39.5,57
arm1,redmi9t,20260803-193022,mutation_4,9,39.8,52
arm1,redmi9t,20260803-193022,mutation_5,0,45.4,50
arm1,redmi9t,20260803-193022,mutation_5,1,40.8,75
arm1,redmi9t,20260803-193022,mutation_5,10,39.2,60
arm1,redmi9t,20260803-193022,mutation_5,11,48.2,58
arm1,redmi9t,20260803-193022,mutation_5,12,39.8,77
arm1,redmi9t,20260803-193022,mutation_5,13,42.6,59
arm1,redmi9t,20260803-193022,mutation_5,14,46.0,52
arm1,redmi9t,20260803-193022,mutation_5,2,42.9,51
arm1,redmi9t,20260803-193022,mutation_5,3,41.1,60
arm1,redmi9t,20260803-193022,mutation_5,4,39.8,59
arm1,redmi9t,20260803-193022,mutation_5,5,39.5,75
arm1,redmi9t,20260803-193022,mutation_5,6,41.4,59
arm1,redmi9t,20260803-193022,mutation_5,7,39.8,59
arm1,redmi9t,20260803-193022,mutation_5,8,49.1,52
arm1,redmi9t,20260803-193022,mutation_5,9,45.7,83
arm1,redmi9t,20260803-193022,mutation_6,0,49.1,77
arm1,redmi9t,20260803-193022,mutation_6,1,39.2,52
arm1,redmi9t,20260803-193022,mutation_6,10,45.7,82
arm1,redmi9t,20260803-193022,mutation_6,11,40.2,61
arm1,redmi9t,20260803-193022,mutation_6,12,47.6,60
arm1,redmi9t,20260803-193022,mutation_6,13,41.1,53
arm1,redmi9t,20260803-193022,mutation_6,14,47.3,83
arm1,redmi9t,20260803-193022,mutation_6,2,39.2,57
arm1,redmi9t,20260803-193022,mutation_6,3,44.5,80
arm1,redmi9t,20260803-193022,mutation_6,4,41.1,60
arm1,redmi9t,20260803-193022,mutation_6,5,44.2,61
arm1,redmi9t,20260803-193022,mutation_6,6,44.5,83
arm1,redmi9t,20260803-193022,mutation_6,7,39.5,54
arm1,redmi9t,20260803-193022,mutation_6,8,39.2,59
arm1,redmi9t,20260803-193022,mutation_6,9,40.2,55
arm1,redmi9t,20260803-193022,mutation_7,0,44.2,82
arm1,redmi9t,20260803-193022,mutation_7,1,45.4,54
arm1,redmi9t,20260803-193022,mutation_7,10,45.7,76
arm1,redmi9t,20260803-193022,mutation_7,11,40.2,74
arm1,redmi9t,20260803-193022,mutation_7,12,40.2,76
arm1,redmi9t,20260803-193022,mutation_7,13,45.1,56
arm1,redmi9t,20260803-193022,mutation_7,14,40.8,76
arm1,redmi9t,20260803-193022,mutation_7,2,45.4,78
arm1,redmi9t,20260803-193022,mutation_7,3,40.8,79
arm1,redmi9t,20260803-193022,mutation_7,4,41.1,80
arm1,redmi9t,20260803-193022,mutation_7,5,40.2,75
arm1,redmi9t,20260803-193022,mutation_7,6,41.1,78
arm1,redmi9t,20260803-193022,mutation_7,7,39.5,54
arm1,redmi9t,20260803-193022,mutation_7,8,39.8,74
arm1,redmi9t,20260803-193022,mutation_7,9,39.8,59
arm1,redmi9t,20260803-193022,mutation_8,0,42.6,58
arm1,redmi9t,20260803-193022,mutation_8,1,39.2,55
arm1,redmi9t,20260803-193022,mutation_8,10,40.5,53
arm1,redmi9t,20260803-193022,mutation_8,11,43.6,82
arm1,redmi9t,20260803-193022,mutation_8,12,39.5,57
arm1,redmi9t,20260803-193022,mutation_8,13,43.6,84
arm1,redmi9t,20260803-193022,mutation_8,14,40.2,53
arm1,redmi9t,20260803-193022,mutation_8,2,39.8,55
arm1,redmi9t,20260803-193022,mutation_8,3,39.8,52
arm1,redmi9t,20260803-193022,mutation_8,4,45.7,61
arm1,redmi9t,20260803-193022,mutation_8,5,40.2,54
arm1,redmi9t,20260803-193022,mutation_8,6,48.8,53
arm1,redmi9t,20260803-193022,mutation_8,7,39.5,60
arm1,redmi9t,20260803-193022,mutation_8,8,46.3,84
arm1,redmi9t,20260803-193022,mutation_8,9,47.9,53
arm1,redmi9t,20260804-043817,base,0,42.6,55
arm1,redmi9t,20260804-043817,base,1,44.5,77
arm1,redmi9t,20260804-043817,base,10,42.6,61
arm1,redmi9t,20260804-043817,base,11,44.2,52
arm1,redmi9t,20260804-043817,base,12,41.7,58
arm1,redmi9t,20260804-043817,base,13,41.1,58
arm1,redmi9t,20260804-043817,base,14,44.8,71
arm1,redmi9t,20260804-043817,base,2,47.0,72
arm1,redmi9t,20260804-043817,base,3,47.3,51
arm1,redmi9t,20260804-043817,base,4,43.2,51
arm1,redmi9t,20260804-043817,base,5,43.6,60
arm1,redmi9t,20260804-043817,base,6,44.8,49
arm1,redmi9t,20260804-043817,base,7,43.2,75
arm1,redmi9t,20260804-043817,base,8,45.1,63
arm1,redmi9t,20260804-043817,base,9,42.9,78
arm1,redmi9t,20260804-043817,mutation_1,0,43.2,61
arm1,redmi9t,20260804-043817,mutation_1,1,44.8,78
arm1,redmi9t,20260804-043817,mutation_1,10,43.2,53
arm1,redmi9t,20260804-043817,mutation_1,11,45.7,50
arm1,redmi9t,20260804-043817,mutation_1,12,43.6,52
arm1,redmi9t,20260804-043817,mutation_1,13,44.2,49
arm1,redmi9t,20260804-043817,mutation_1,14,42.9,52
arm1,redmi9t,20260804-043817,mutation_1,2,42.9,67
arm1,redmi9t,20260804-043817,mutation_1,3,42.3,76
arm1,redmi9t,20260804-043817,mutation_1,4,43.2,57
arm1,redmi9t,20260804-043817,mutation_1,5,42.0,56
arm1,redmi9t,20260804-043817,mutation_1,6,43.6,75
arm1,redmi9t,20260804-043817,mutation_1,7,44.2,51
arm1,redmi9t,20260804-043817,mutation_1,8,56.5,78
arm1,redmi9t,20260804-043817,mutation_1,9,43.2,62
arm1,redmi9t,20260804-043817,mutation_2,0,44.2,74
arm1,redmi9t,20260804-043817,mutation_2,1,41.7,76
arm1,redmi9t,20260804-043817,mutation_2,10,47.9,68
arm1,redmi9t,20260804-043817,mutation_2,11,45.1,68
arm1,redmi9t,20260804-043817,mutation_2,12,43.9,67
arm1,redmi9t,20260804-043817,mutation_2,13,43.9,56
arm1,redmi9t,20260804-043817,mutation_2,14,41.1,59
arm1,redmi9t,20260804-043817,mutation_2,2,45.4,73
arm1,redmi9t,20260804-043817,mutation_2,3,43.6,60
arm1,redmi9t,20260804-043817,mutation_2,4,44.5,69
arm1,redmi9t,20260804-043817,mutation_2,5,42.6,50
arm1,redmi9t,20260804-043817,mutation_2,6,47.9,75
arm1,redmi9t,20260804-043817,mutation_2,7,42.3,62
arm1,redmi9t,20260804-043817,mutation_2,8,43.2,68
arm1,redmi9t,20260804-043817,mutation_2,9,42.9,74
arm1,redmi9t,20260804-043817,mutation_3,0,41.7,59
arm1,redmi9t,20260804-043817,mutation_3,1,42.9,62
arm1,redmi9t,20260804-043817,mutation_3,10,43.2,72
arm1,redmi9t,20260804-043817,mutation_3,11,48.2,72
arm1,redmi9t,20260804-043817,mutation_3,12,42.0,50
arm1,redmi9t,20260804-043817,mutation_3,13,44.2,60
arm1,redmi9t,20260804-043817,mutation_3,14,42.6,70
arm1,redmi9t,20260804-043817,mutation_3,2,43.9,66
arm1,redmi9t,20260804-043817,mutation_3,3,45.1,58
arm1,redmi9t,20260804-043817,mutation_3,4,43.9,73
arm1,redmi9t,20260804-043817,mutation_3,5,42.6,76
arm1,redmi9t,20260804-043817,mutation_3,6,44.5,74
arm1,redmi9t,20260804-043817,mutation_3,7,43.6,69
arm1,redmi9t,20260804-043817,mutation_3,8,42.3,54
arm1,redmi9t,20260804-043817,mutation_3,9,45.1,51
arm1,redmi9t,20260804-043817,mutation_4,0,47.9,71
arm1,redmi9t,20260804-043817,mutation_4,1,45.7,73
arm1,redmi9t,20260804-043817,mutation_4,10,42.6,50
arm1,redmi9t,20260804-043817,mutation_4,11,43.2,53
arm1,redmi9t,20260804-043817,mutation_4,12,44.2,73
arm1,redmi9t,20260804-043817,mutation_4,13,42.0,62
arm1,redmi9t,20260804-043817,mutation_4,14,46.3,78
arm1,redmi9t,20260804-043817,mutation_4,2,42.6,50
arm1,redmi9t,20260804-043817,mutation_4,3,47.6,78
arm1,redmi9t,20260804-043817,mutation_4,4,42.9,52
arm1,redmi9t,20260804-043817,mutation_4,5,42.3,69
arm1,redmi9t,20260804-043817,mutation_4,6,43.6,77
arm1,redmi9t,20260804-043817,mutation_4,7,43.2,71
arm1,redmi9t,20260804-043817,mutation_4,8,42.3,60
arm1,redmi9t,20260804-043817,mutation_4,9,45.1,54
arm1,redmi9t,20260804-043817,mutation_5,0,44.2,51
arm1,redmi9t,20260804-043817,mutation_5,1,44.5,70
arm1,redmi9t,20260804-043817,mutation_5,10,43.6,66
arm1,redmi9t,20260804-043817,mutation_5,11,42.6,63
arm1,redmi9t,20260804-043817,mutation_5,12,42.9,73
arm1,redmi9t,20260804-043817,mutation_5,13,43.9,64
arm1,redmi9t,20260804-043817,mutation_5,14,43.2,54
arm1,redmi9t,20260804-043817,mutation_5,2,49.4,52
arm1,redmi9t,20260804-043817,mutation_5,3,43.6,66
arm1,redmi9t,20260804-043817,mutation_5,4,43.2,64
arm1,redmi9t,20260804-043817,mutation_5,5,42.9,70
arm1,redmi9t,20260804-043817,mutation_5,6,44.5,64
arm1,redmi9t,20260804-043817,mutation_5,7,42.6,65
arm1,redmi9t,20260804-043817,mutation_5,8,42.3,53
arm1,redmi9t,20260804-043817,mutation_5,9,45.7,78
arm1,redmi9t,20260804-043817,mutation_6,0,43.9,72
arm1,redmi9t,20260804-043817,mutation_6,1,44.5,53
arm1,redmi9t,20260804-043817,mutation_6,10,43.6,77
arm1,redmi9t,20260804-043817,mutation_6,11,43.6,67
arm1,redmi9t,20260804-043817,mutation_6,12,46.3,66
arm1,redmi9t,20260804-043817,mutation_6,13,42.3,55
arm1,redmi9t,20260804-043817,mutation_6,14,47.0,77
arm1,redmi9t,20260804-043817,mutation_6,2,40.8,61
arm1,redmi9t,20260804-043817,mutation_6,3,46.3,76
arm1,redmi9t,20260804-043817,mutation_6,4,46.3,67
arm1,redmi9t,20260804-043817,mutation_6,5,43.2,67
arm1,redmi9t,20260804-043817,mutation_6,6,43.2,78
arm1,redmi9t,20260804-043817,mutation_6,7,42.0,56
arm1,redmi9t,20260804-043817,mutation_6,8,47.9,65
arm1,redmi9t,20260804-043817,mutation_6,9,42.6,58
arm1,redmi9t,20260804-043817,mutation_7,0,44.5,77
arm1,redmi9t,20260804-043817,mutation_7,1,43.9,57
arm1,redmi9t,20260804-043817,mutation_7,10,46.7,72
arm1,redmi9t,20260804-043817,mutation_7,11,42.9,69
arm1,redmi9t,20260804-043817,mutation_7,12,46.7,71
arm1,redmi9t,20260804-043817,mutation_7,13,42.9,59
arm1,redmi9t,20260804-043817,mutation_7,14,43.9,71
arm1,redmi9t,20260804-043817,mutation_7,2,42.9,74
arm1,redmi9t,20260804-043817,mutation_7,3,43.6,75
arm1,redmi9t,20260804-043817,mutation_7,4,43.9,76
arm1,redmi9t,20260804-043817,mutation_7,5,42.6,70
arm1,redmi9t,20260804-043817,mutation_7,6,43.6,74
arm1,redmi9t,20260804-043817,mutation_7,7,42.9,56
arm1,redmi9t,20260804-043817,mutation_7,8,42.3,69
arm1,redmi9t,20260804-043817,mutation_7,9,43.6,64
arm1,redmi9t,20260804-043817,mutation_8,0,42.3,63
arm1,redmi9t,20260804-043817,mutation_8,1,42.3,57
arm1,redmi9t,20260804-043817,mutation_8,10,42.6,54
arm1,redmi9t,20260804-043817,mutation_8,11,43.6,77
arm1,redmi9t,20260804-043817,mutation_8,12,44.2,61
arm1,redmi9t,20260804-043817,mutation_8,13,43.6,78
arm1,redmi9t,20260804-043817,mutation_8,14,47.0,54
arm1,redmi9t,20260804-043817,mutation_8,2,45.4,58
arm1,redmi9t,20260804-043817,mutation_8,3,47.0,53
arm1,redmi9t,20260804-043817,mutation_8,4,47.6,68
arm1,redmi9t,20260804-043817,mutation_8,5,42.9,56
arm1,redmi9t,20260804-043817,mutation_8,6,43.6,55
arm1,redmi9t,20260804-043817,mutation_8,7,46.0,66
arm1,redmi9t,20260804-043817,mutation_8,8,44.8,78
arm1,redmi9t,20260804-043817,mutation_8,9,43.2,55
arm1,redmi9t,20260804-113740,base,0,50.1,59
arm1,redmi9t,20260804-113740,base,1,43.2,71
arm1,redmi9t,20260804-113740,base,10,46.3,63
arm1,redmi9t,20260804-113740,base,11,44.5,53
arm1,redmi9t,20260804-113740,base,12,44.2,61
arm1,redmi9t,20260804-113740,base,13,44.2,53
arm1,redmi9t,20260804-113740,base,14,43.9,51
arm1,redmi9t,20260804-113740,base,2,47.3,65
arm1,redmi9t,20260804-113740,base,3,42.6,51
arm1,redmi9t,20260804-113740,base,4,45.4,54
arm1,redmi9t,20260804-113740,base,5,46.7,62
arm1,redmi9t,20260804-113740,base,6,46.0,66
arm1,redmi9t,20260804-113740,base,7,42.6,71
arm1,redmi9t,20260804-113740,base,8,43.9,72
arm1,redmi9t,20260804-113740,base,9,63.0,78
arm1,redmi9t,20260804-113740,mutation_1,0,44.5,62
arm1,redmi9t,20260804-113740,mutation_1,1,49.1,74
arm1,redmi9t,20260804-113740,mutation_1,10,42.6,56
arm1,redmi9t,20260804-113740,mutation_1,11,44.2,70
arm1,redmi9t,20260804-113740,mutation_1,12,42.9,54
arm1,redmi9t,20260804-113740,mutation_1,13,44.8,52
arm1,redmi9t,20260804-113740,mutation_1,14,43.9,55
arm1,redmi9t,20260804-113740,mutation_1,2,44.5,52
arm1,redmi9t,20260804-113740,mutation_1,3,44.8,65
arm1,redmi9t,20260804-113740,mutation_1,4,44.2,60
arm1,redmi9t,20260804-113740,mutation_1,5,45.4,59
arm1,redmi9t,20260804-113740,mutation_1,6,42.9,70
arm1,redmi9t,20260804-113740,mutation_1,7,42.9,67
arm1,redmi9t,20260804-113740,mutation_1,8,50.4,67
arm1,redmi9t,20260804-113740,mutation_1,9,43.9,66
arm1,redmi9t,20260804-113740,mutation_3,0,51.3,77
arm1,redmi9t,20260804-113740,mutation_3,1,46.3,52
arm1,redmi9t,20260804-113740,mutation_3,10,43.2,66
arm1,redmi9t,20260804-113740,mutation_3,11,42.6,69
arm1,redmi9t,20260804-113740,mutation_3,12,42.9,65
arm1,redmi9t,20260804-113740,mutation_3,13,43.2,59
arm1,redmi9t,20260804-113740,mutation_3,14,42.9,61
arm1,redmi9t,20260804-113740,mutation_3,2,48.5,74
arm1,redmi9t,20260804-113740,mutation_3,3,45.1,61
arm1,redmi9t,20260804-113740,mutation_3,4,43.2,68
arm1,redmi9t,20260804-113740,mutation_3,5,44.5,52
arm1,redmi9t,20260804-113740,mutation_3,6,46.7,63
arm1,redmi9t,20260804-113740,mutation_3,7,45.7,63
arm1,redmi9t,20260804-113740,mutation_3,8,43.2,68
arm1,redmi9t,20260804-113740,mutation_3,9,43.2,69
arm1,redmi9t,20260804-113740,mutation_4,0,43.6,61
arm1,redmi9t,20260804-113740,mutation_4,1,46.0,63
arm1,redmi9t,20260804-113740,mutation_4,10,46.3,68
arm1,redmi9t,20260804-113740,mutation_4,11,46.7,66
arm1,redmi9t,20260804-113740,mutation_4,12,46.0,58
arm1,redmi9t,20260804-113740,mutation_4,13,42.9,62
arm1,redmi9t,20260804-113740,mutation_4,14,47.3,68
arm1,redmi9t,20260804-113740,mutation_4,2,46.7,75
arm1,redmi9t,20260804-113740,mutation_4,3,44.2,61
arm1,redmi9t,20260804-113740,mutation_4,4,44.2,65
arm1,redmi9t,20260804-113740,mutation_4,5,43.6,69
arm1,redmi9t,20260804-113740,mutation_4,6,44.5,72
arm1,redmi9t,20260804-113740,mutation_4,7,43.2,69
arm1,redmi9t,20260804-113740,mutation_4,8,43.6,57
arm1,redmi9t,20260804-113740,mutation_4,9,47.0,54
arm1,redmi9t,20260804-113740,mutation_5,0,43.9,68
arm1,redmi9t,20260804-113740,mutation_5,1,44.5,72
arm1,redmi9t,20260804-113740,mutation_5,10,44.2,70
arm1,redmi9t,20260804-113740,mutation_5,11,42.9,55
arm1,redmi9t,20260804-113740,mutation_5,12,42.9,64
arm1,redmi9t,20260804-113740,mutation_5,13,43.9,64
arm1,redmi9t,20260804-113740,mutation_5,14,46.0,63
arm1,redmi9t,20260804-113740,mutation_5,2,48.2,73
arm1,redmi9t,20260804-113740,mutation_5,3,46.7,67
arm1,redmi9t,20260804-113740,mutation_5,4,45.4,55
arm1,redmi9t,20260804-113740,mutation_5,5,46.0,67
arm1,redmi9t,20260804-113740,mutation_5,6,43.9,69
arm1,redmi9t,20260804-113740,mutation_5,7,42.6,68
arm1,redmi9t,20260804-113740,mutation_5,8,45.1,72
arm1,redmi9t,20260804-113740,mutation_5,9,46.7,53
arm1,redmi9t,20260804-113740,mutation_6,0,45.1,53
arm1,redmi9t,20260804-113740,mutation_6,1,44.2,67
arm1,redmi9t,20260804-113740,mutation_6,10,43.6,59
arm1,redmi9t,20260804-113740,mutation_6,11,45.1,53
arm1,redmi9t,20260804-113740,mutation_6,12,46.7,76
arm1,redmi9t,20260804-113740,mutation_6,13,47.9,74
arm1,redmi9t,20260804-113740,mutation_6,14,43.9,57
arm1,redmi9t,20260804-113740,mutation_6,2,43.9,55
arm1,redmi9t,20260804-113740,mutation_6,3,44.5,71
arm1,redmi9t,20260804-113740,mutation_6,4,50.1,74
arm1,redmi9t,20260804-113740,mutation_6,5,42.9,70
arm1,redmi9t,20260804-113740,mutation_6,6,45.7,51
arm1,redmi9t,20260804-113740,mutation_6,7,50.7,73
arm1,redmi9t,20260804-113740,mutation_6,8,43.9,56
arm1,redmi9t,20260804-113740,mutation_6,9,50.4,78
arm1,redmi9t,20260804-113740,mutation_7,0,49.4,65
arm1,redmi9t,20260804-113740,mutation_7,1,47.0,56
arm1,redmi9t,20260804-113740,mutation_7,10,47.3,60
arm1,redmi9t,20260804-113740,mutation_7,11,43.2,60
arm1,redmi9t,20260804-113740,mutation_7,12,43.2,55
arm1,redmi9t,20260804-113740,mutation_7,13,42.9,64
arm1,redmi9t,20260804-113740,mutation_7,14,42.6,59
arm1,redmi9t,20260804-113740,mutation_7,2,49.1,77
arm1,redmi9t,20260804-113740,mutation_7,3,51.3,76
arm1,redmi9t,20260804-113740,mutation_7,4,43.9,51
arm1,redmi9t,20260804-113740,mutation_7,5,47.0,77
arm1,redmi9t,20260804-113740,mutation_7,6,47.6,76
arm1,redmi9t,20260804-113740,mutation_7,7,43.2,72
arm1,redmi9t,20260804-113740,mutation_7,8,47.6,71
arm1,redmi9t,20260804-113740,mutation_7,9,43.9,66
arm1,redmi9t,20260804-113740,mutation_8,0,44.2,58
arm1,redmi9t,20260804-113740,mutation_8,1,46.3,54
arm1,redmi9t,20260804-113740,mutation_8,10,49.1,58
arm1,redmi9t,20260804-113740,mutation_8,11,44.2,52
arm1,redmi9t,20260804-113740,mutation_8,12,46.7,54
arm1,redmi9t,20260804-113740,mutation_8,13,44.2,65
arm1,redmi9t,20260804-113740,mutation_8,14,43.6,60
arm1,redmi9t,20260804-113740,mutation_8,2,42.9,57
arm1,redmi9t,20260804-113740,mutation_8,3,48.5,71
arm1,redmi9t,20260804-113740,mutation_8,4,48.2,75
arm1,redmi9t,20260804-113740,mutation_8,5,43.6,60
arm1,redmi9t,20260804-113740,mutation_8,6,44.5,53
arm1,redmi9t,20260804-113740,mutation_8,7,42.9,66
arm1,redmi9t,20260804-113740,mutation_8,8,42.6,57
arm1,redmi9t,20260804-113740,mutation_8,9,51.6,77
arm1,redmi9t,20260804-202904,base,0,41.4,67
arm1,redmi9t,20260804-202904,base,1,40.8,79
arm1,redmi9t,20260804-202904,base,10,45.1,71
arm1,redmi9t,20260804-202904,base,11,41.4,63
arm1,redmi9t,20260804-202904,base,12,49.1,69
arm1,redmi9t,20260804-202904,base,13,39.8,69
arm1,redmi9t,20260804-202904,base,14,43.6,70
arm1,redmi9t,20260804-202904,base,2,44.2,71
arm1,redmi9t,20260804-202904,base,3,42.6,63
arm1,redmi9t,20260804-202904,base,4,39.8,63
arm1,redmi9t,20260804-202904,base,5,39.8,70
arm1,redmi9t,20260804-202904,base,6,46.3,61
arm1,redmi9t,20260804-202904,base,7,45.1,74
arm1,redmi9t,20260804-202904,base,8,40.2,72
arm1,redmi9t,20260804-202904,base,9,41.1,80
arm1,redmi9t,20260804-202904,mutation_1,0,43.6,71
arm1,redmi9t,20260804-202904,mutation_1,1,39.2,80
arm1,redmi9t,20260804-202904,mutation_1,10,42.0,65
arm1,redmi9t,20260804-202904,mutation_1,11,40.2,62
arm1,redmi9t,20260804-202904,mutation_1,12,42.3,63
arm1,redmi9t,20260804-202904,mutation_1,13,44.5,61
arm1,redmi9t,20260804-202904,mutation_1,14,39.5,64
arm1,redmi9t,20260804-202904,mutation_1,2,40.2,75
arm1,redmi9t,20260804-202904,mutation_1,3,44.5,75
arm1,redmi9t,20260804-202904,mutation_1,4,43.2,68
arm1,redmi9t,20260804-202904,mutation_1,5,39.8,67
arm1,redmi9t,20260804-202904,mutation_1,6,44.5,75
arm1,redmi9t,20260804-202904,mutation_1,7,40.2,62
arm1,redmi9t,20260804-202904,mutation_1,8,44.5,81
arm1,redmi9t,20260804-202904,mutation_1,9,42.9,72
arm1,redmi9t,20260804-202904,mutation_2,0,46.0,74
arm1,redmi9t,20260804-202904,mutation_2,1,43.6,75
arm1,redmi9t,20260804-202904,mutation_2,10,42.0,76
arm1,redmi9t,20260804-202904,mutation_2,11,38.9,76
arm1,redmi9t,20260804-202904,mutation_2,12,43.2,75
arm1,redmi9t,20260804-202904,mutation_2,13,42.0,68
arm1,redmi9t,20260804-202904,mutation_2,14,43.9,69
arm1,redmi9t,20260804-202904,mutation_2,2,46.0,73
arm1,redmi9t,20260804-202904,mutation_2,3,41.7,70
arm1,redmi9t,20260804-202904,mutation_2,4,43.2,69
arm1,redmi9t,20260804-202904,mutation_2,5,44.8,62
arm1,redmi9t,20260804-202904,mutation_2,6,47.9,74
arm1,redmi9t,20260804-202904,mutation_2,7,42.0,72
arm1,redmi9t,20260804-202904,mutation_2,8,48.5,76
arm1,redmi9t,20260804-202904,mutation_2,9,43.6,74
arm1,redmi9t,20260804-202904,mutation_3,0,40.5,69
arm1,redmi9t,20260804-202904,mutation_3,1,40.2,72
arm1,redmi9t,20260804-202904,mutation_3,10,43.9,72
arm1,redmi9t,20260804-202904,mutation_3,11,45.7,71
arm1,redmi9t,20260804-202904,mutation_3,12,45.1,62
arm1,redmi9t,20260804-202904,mutation_3,13,39.2,70
arm1,redmi9t,20260804-202904,mutation_3,14,45.4,70
arm1,redmi9t,20260804-202904,mutation_3,2,39.5,75
arm1,redmi9t,20260804-202904,mutation_3,3,41.4,69
arm1,redmi9t,20260804-202904,mutation_3,4,43.6,73
arm1,redmi9t,20260804-202904,mutation_3,5,44.8,75
arm1,redmi9t,20260804-202904,mutation_3,6,45.1,74
arm1,redmi9t,20260804-202904,mutation_3,7,43.6,69
arm1,redmi9t,20260804-202904,mutation_3,8,41.1,66
arm1,redmi9t,20260804-202904,mutation_3,9,39.8,63
arm1,redmi9t,20260804-202904,mutation_4,0,44.2,71
arm1,redmi9t,20260804-202904,mutation_4,1,46.7,72
arm1,redmi9t,20260804-202904,mutation_4,10,39.8,61
arm1,redmi9t,20260804-202904,mutation_4,11,39.8,64
arm1,redmi9t,20260804-202904,mutation_4,12,50.4,72
arm1,redmi9t,20260804-202904,mutation_4,13,41.1,72
arm1,redmi9t,20260804-202904,mutation_4,14,45.7,80
arm1,redmi9t,20260804-202904,mutation_4,2,39.8,62
arm1,redmi9t,20260804-202904,mutation_4,3,40.8,81
arm1,redmi9t,20260804-202904,mutation_4,4,40.5,64
arm1,redmi9t,20260804-202904,mutation_4,5,45.7,69
arm1,redmi9t,20260804-202904,mutation_4,6,46.3,76
arm1,redmi9t,20260804-202904,mutation_4,7,44.2,70
arm1,redmi9t,20260804-202904,mutation_4,8,41.4,71
arm1,redmi9t,20260804-202904,mutation_4,9,40.2,65
arm1,redmi9t,20260804-202904,mutation_5,0,41.1,63
arm1,redmi9t,20260804-202904,mutation_5,1,43.2,70
arm1,redmi9t,20260804-202904,mutation_5,10,43.6,74
arm1,redmi9t,20260804-202904,mutation_5,11,40.2,73
arm1,redmi9t,20260804-202904,mutation_5,12,45.7,73
arm1,redmi9t,20260804-202904,mutation_5,13,39.8,73
arm1,redmi9t,20260804-202904,mutation_5,14,41.7,65
arm1,redmi9t,20260804-202904,mutation_5,2,39.8,64
arm1,redmi9t,20260804-202904,mutation_5,3,44.8,74
arm1,redmi9t,20260804-202904,mutation_5,4,42.0,73
arm1,redmi9t,20260804-202904,mutation_5,5,44.5,69
arm1,redmi9t,20260804-202904,mutation_5,6,41.7,73
arm1,redmi9t,20260804-202904,mutation_5,7,41.1,74
arm1,redmi9t,20260804-202904,mutation_5,8,46.3,65
arm1,redmi9t,20260804-202904,mutation_5,9,40.8,79
arm1,redmi9t,20260804-202904,mutation_6,0,44.8,72
arm1,redmi9t,20260804-202904,mutation_6,1,38.9,65
arm1,redmi9t,20260804-202904,mutation_6,10,53.1,76
arm1,redmi9t,20260804-202904,mutation_6,11,40.5,75
arm1,redmi9t,20260804-202904,mutation_6,12,40.8,74
arm1,redmi9t,20260804-202904,mutation_6,13,40.5,66
arm1,redmi9t,20260804-202904,mutation_6,14,39.5,79
arm1,redmi9t,20260804-202904,mutation_6,2,39.8,71
arm1,redmi9t,20260804-202904,mutation_6,3,45.4,76
arm1,redmi9t,20260804-202904,mutation_6,4,42.3,75
arm1,redmi9t,20260804-202904,mutation_6,5,43.6,76
arm1,redmi9t,20260804-202904,mutation_6,6,40.5,80
arm1,redmi9t,20260804-202904,mutation_6,7,40.2,67
arm1,redmi9t,20260804-202904,mutation_6,8,40.5,74
arm1,redmi9t,20260804-202904,mutation_6,9,41.1,68
arm1,redmi9t,20260804-202904,mutation_7,0,40.2,79
arm1,redmi9t,20260804-202904,mutation_7,1,42.0,68
arm1,redmi9t,20260804-202904,mutation_7,10,43.6,72
arm1,redmi9t,20260804-202904,mutation_7,11,45.4,77
arm1,redmi9t,20260804-202904,mutation_7,12,44.5,71
arm1,redmi9t,20260804-202904,mutation_7,13,40.2,70
arm1,redmi9t,20260804-202904,mutation_7,14,45.1,71
arm1,redmi9t,20260804-202904,mutation_7,2,47.9,74
arm1,redmi9t,20260804-202904,mutation_7,3,45.4,75
arm1,redmi9t,20260804-202904,mutation_7,4,44.5,76
arm1,redmi9t,20260804-202904,mutation_7,5,44.2,70
arm1,redmi9t,20260804-202904,mutation_7,6,46.3,73
arm1,redmi9t,20260804-202904,mutation_7,7,39.8,67
arm1,redmi9t,20260804-202904,mutation_7,8,47.9,69
arm1,redmi9t,20260804-202904,mutation_7,9,39.8,73
arm1,redmi9t,20260804-202904,mutation_8,0,40.5,73
arm1,redmi9t,20260804-202904,mutation_8,1,40.8,68
arm1,redmi9t,20260804-202904,mutation_8,10,40.2,66
arm1,redmi9t,20260804-202904,mutation_8,11,40.5,79
arm1,redmi9t,20260804-202904,mutation_8,12,39.8,72
arm1,redmi9t,20260804-202904,mutation_8,13,40.2,80
arm1,redmi9t,20260804-202904,mutation_8,14,40.2,66
arm1,redmi9t,20260804-202904,mutation_8,2,40.2,69
arm1,redmi9t,20260804-202904,mutation_8,3,45.1,64
arm1,redmi9t,20260804-202904,mutation_8,4,39.2,76
arm1,redmi9t,20260804-202904,mutation_8,5,39.8,68
arm1,redmi9t,20260804-202904,mutation_8,6,42.6,66
arm1,redmi9t,20260804-202904,mutation_8,7,40.2,75
arm1,redmi9t,20260804-202904,mutation_8,8,39.5,80
arm1,redmi9t,20260804-202904,mutation_8,9,40.8,66
arm1,redmi9t,20260810-200521,base,0,46.0,59
arm1,redmi9t,20260810-200521,base,1,46.3,79
arm1,redmi9t,20260810-200521,base,10,46.3,65
arm1,redmi9t,20260810-200521,base,11,45.7,55
arm1,redmi9t,20260810-200521,base,12,47.3,62
arm1,redmi9t,20260810-200521,base,13,47.3,61
arm1,redmi9t,20260810-200521,base,14,46.7,73
arm1,redmi9t,20260810-200521,base,2,47.3,74
arm1,redmi9t,20260810-200521,base,3,45.4,54
arm1,redmi9t,20260810-200521,base,4,44.8,54
arm1,redmi9t,20260810-200521,base,5,45.7,63
arm1,redmi9t,20260810-200521,base,6,45.1,52
arm1,redmi9t,20260810-200521,base,7,46.7,77
arm1,redmi9t,20260810-200521,base,8,46.7,66
arm1,redmi9t,20260810-200521,base,9,47.0,79
arm1,redmi9t,20260810-200521,mutation_1,0,47.6,64
arm1,redmi9t,20260810-200521,mutation_1,1,48.5,79
arm1,redmi9t,20260810-200521,mutation_1,10,46.7,56
arm1,redmi9t,20260810-200521,mutation_1,11,45.4,53
arm1,redmi9t,20260810-200521,mutation_1,12,44.5,55
arm1,redmi9t,20260810-200521,mutation_1,13,45.7,52
arm1,redmi9t,20260810-200521,mutation_1,14,45.4,55
arm1,redmi9t,20260810-200521,mutation_1,2,46.3,69
arm1,redmi9t,20260810-200521,mutation_1,3,45.7,78
arm1,redmi9t,20260810-200521,mutation_1,4,45.4,61
arm1,redmi9t,20260810-200521,mutation_1,5,45.1,59
arm1,redmi9t,20260810-200521,mutation_1,6,46.7,77
arm1,redmi9t,20260810-200521,mutation_1,7,44.8,54
arm1,redmi9t,20260810-200521,mutation_1,8,51.0,79
arm1,redmi9t,20260810-200521,mutation_1,9,46.0,66
arm1,redmi9t,20260810-200521,mutation_2,0,45.7,76
arm1,redmi9t,20260810-200521,mutation_2,1,46.0,78
arm1,redmi9t,20260810-200521,mutation_2,10,47.9,70
arm1,redmi9t,20260810-200521,mutation_2,11,50.1,70
arm1,redmi9t,20260810-200521,mutation_2,12,46.7,69
arm1,redmi9t,20260810-200521,mutation_2,13,49.4,60
arm1,redmi9t,20260810-200521,mutation_2,14,49.7,63
arm1,redmi9t,20260810-200521,mutation_2,2,46.7,75
arm1,redmi9t,20260810-200521,mutation_2,3,46.7,63
arm1,redmi9t,20260810-200521,mutation_2,4,47.3,71
arm1,redmi9t,20260810-200521,mutation_2,5,45.7,53
arm1,redmi9t,20260810-200521,mutation_2,6,49.1,77
arm1,redmi9t,20260810-200521,mutation_2,7,46.7,65
arm1,redmi9t,20260810-200521,mutation_2,8,46.0,70
arm1,redmi9t,20260810-200521,mutation_2,9,46.3,76
arm1,redmi9t,20260810-200521,mutation_3,0,47.0,62
arm1,redmi9t,20260810-200521,mutation_3,1,47.6,65
arm1,redmi9t,20260810-200521,mutation_3,10,46.7,75
arm1,redmi9t,20260810-200521,mutation_3,11,46.7,74
arm1,redmi9t,20260810-200521,mutation_3,12,44.5,53
arm1,redmi9t,20260810-200521,mutation_3,13,45.4,64
arm1,redmi9t,20260810-200521,mutation_3,14,46.7,72
arm1,redmi9t,20260810-200521,mutation_3,2,46.3,68
arm1,redmi9t,20260810-200521,mutation_3,3,51.3,62
arm1,redmi9t,20260810-200521,mutation_3,4,47.0,76
arm1,redmi9t,20260810-200521,mutation_3,5,45.7,78
arm1,redmi9t,20260810-200521,mutation_3,6,46.3,76
arm1,redmi9t,20260810-200521,mutation_3,7,46.0,72
arm1,redmi9t,20260810-200521,mutation_3,8,45.4,57
arm1,redmi9t,20260810-200521,mutation_3,9,47.0,54
arm1,redmi9t,20260810-200521,mutation_4,0,48.2,73
arm1,redmi9t,20260810-200521,mutation_4,1,48.8,75
arm1,redmi9t,20260810-200521,mutation_4,10,45.7,53
arm1,redmi9t,20260810-200521,mutation_4,11,44.8,56
arm1,redmi9t,20260810-200521,mutation_4,12,45.4,75
arm1,redmi9t,20260810-200521,mutation_4,13,45.4,65
arm1,redmi9t,20260810-200521,mutation_4,14,52.8,79
arm1,redmi9t,20260810-200521,mutation_4,2,44.8,53
arm1,redmi9t,20260810-200521,mutation_4,3,53.1,79
arm1,redmi9t,20260810-200521,mutation_4,4,48.2,55
arm1,redmi9t,20260810-200521,mutation_4,5,49.1,71
arm1,redmi9t,20260810-200521,mutation_4,6,46.7,78
arm1,redmi9t,20260810-200521,mutation_4,7,46.0,73
arm1,redmi9t,20260810-200521,mutation_4,8,46.3,64
arm1,redmi9t,20260810-200521,mutation_4,9,45.4,57
arm1,redmi9t,20260810-200521,mutation_5,0,51.6,54
arm1,redmi9t,20260810-200521,mutation_5,1,45.7,72
arm1,redmi9t,20260810-200521,mutation_5,10,47.0,68
arm1,redmi9t,20260810-200521,mutation_5,11,47.6,66
arm1,redmi9t,20260810-200521,mutation_5,12,46.3,75
arm1,redmi9t,20260810-200521,mutation_5,13,47.9,67
arm1,redmi9t,20260810-200521,mutation_5,14,44.5,57
arm1,redmi9t,20260810-200521,mutation_5,2,45.4,56
arm1,redmi9t,20260810-200521,mutation_5,3,46.7,68
arm1,redmi9t,20260810-200521,mutation_5,4,48.2,66
arm1,redmi9t,20260810-200521,mutation_5,5,47.6,72
arm1,redmi9t,20260810-200521,mutation_5,6,45.7,67
arm1,redmi9t,20260810-200521,mutation_5,7,46.7,67
arm1,redmi9t,20260810-200521,mutation_5,8,45.7,57
arm1,redmi9t,20260810-200521,mutation_5,9,46.3,79
arm1,redmi9t,20260810-200521,mutation_6,0,45.7,74
arm1,redmi9t,20260810-200521,mutation_6,1,50.1,56
arm1,redmi9t,20260810-200521,mutation_6,10,45.4,79
arm1,redmi9t,20260810-200521,mutation_6,11,47.0,69
arm1,redmi9t,20260810-200521,mutation_6,12,46.7,68
arm1,redmi9t,20260810-200521,mutation_6,13,46.0,58
arm1,redmi9t,20260810-200521,mutation_6,14,45.7,79
arm1,redmi9t,20260810-200521,mutation_6,2,45.7,64
arm1,redmi9t,20260810-200521,mutation_6,3,46.7,78
arm1,redmi9t,20260810-200521,mutation_6,4,46.7,69
arm1,redmi9t,20260810-200521,mutation_6,5,48.8,70
arm1,redmi9t,20260810-200521,mutation_6,6,47.9,79
arm1,redmi9t,20260810-200521,mutation_6,7,45.7,59
arm1,redmi9t,20260810-200521,mutation_6,8,46.7,68
arm1,redmi9t,20260810-200521,mutation_6,9,46.0,61
arm1,redmi9t,20260810-200521,mutation_7,0,50.1,79
arm1,redmi9t,20260810-200521,mutation_7,1,51.9,60
arm1,redmi9t,20260810-200521,mutation_7,10,47.0,74
arm1,redmi9t,20260810-200521,mutation_7,11,51.3,71
arm1,redmi9t,20260810-200521,mutation_7,12,47.3,73
arm1,redmi9t,20260810-200521,mutation_7,13,46.0,63
arm1,redmi9t,20260810-200521,mutation_7,14,48.5,73
arm1,redmi9t,20260810-200521,mutation_7,2,45.4,77
arm1,redmi9t,20260810-200521,mutation_7,3,46.0,77
arm1,redmi9t,20260810-200521,mutation_7,4,51.9,78
arm1,redmi9t,20260810-200521,mutation_7,5,45.7,72
arm1,redmi9t,20260810-200521,mutation_7,6,46.0,76
arm1,redmi9t,20260810-200521,mutation_7,7,50.4,60
arm1,redmi9t,20260810-200521,mutation_7,8,46.7,71
arm1,redmi9t,20260810-200521,mutation_7,9,48.2,67
arm1,redmi9t,20260810-200521,mutation_8,0,50.7,66
arm1,redmi9t,20260810-200521,mutation_8,1,46.3,61
arm1,redmi9t,20260810-200521,mutation_8,10,47.3,58
arm1,redmi9t,20260810-200521,mutation_8,11,45.7,79
arm1,redmi9t,20260810-200521,mutation_8,12,48.5,65
arm1,redmi9t,20260810-200521,mutation_8,13,47.3,79
arm1,redmi9t,20260810-200521,mutation_8,14,45.7,58
arm1,redmi9t,20260810-200521,mutation_8,2,50.4,62
arm1,redmi9t,20260810-200521,mutation_8,3,45.7,56
arm1,redmi9t,20260810-200521,mutation_8,4,47.9,70
arm1,redmi9t,20260810-200521,mutation_8,5,46.3,60
arm1,redmi9t,20260810-200521,mutation_8,6,46.7,58
arm1,redmi9t,20260810-200521,mutation_8,7,46.3,69
arm1,redmi9t,20260810-200521,mutation_8,8,46.7,79
arm1,redmi9t,20260810-200521,mutation_8,9,47.0,58
arm1,redmi9t,20260811-053240,base,0,47.0,64
arm1,redmi9t,20260811-053240,base,1,49.1,83
arm1,redmi9t,20260811-053240,base,10,47.0,68
arm1,redmi9t,20260811-053240,base,11,43.9,60
arm1,redmi9t,20260811-053240,base,12,44.8,66
arm1,redmi9t,20260811-053240,base,13,45.4,66
arm1,redmi9t,20260811-053240,base,14,49.4,76
arm1,redmi9t,20260811-053240,base,2,44.5,77
arm1,redmi9t,20260811-053240,base,3,45.1,60
arm1,redmi9t,20260811-053240,base,4,45.7,59
arm1,redmi9t,20260811-053240,base,5,46.0,67
arm1,redmi9t,20260811-053240,base,6,46.0,57
arm1,redmi9t,20260811-053240,base,7,44.8,80
arm1,redmi9t,20260811-053240,base,8,45.4,69
arm1,redmi9t,20260811-053240,base,9,45.4,85
arm1,redmi9t,20260811-053240,mutation_1,0,45.7,68
arm1,redmi9t,20260811-053240,mutation_1,1,45.7,84
arm1,redmi9t,20260811-053240,mutation_1,10,44.2,61
arm1,redmi9t,20260811-053240,mutation_1,11,45.7,58
arm1,redmi9t,20260811-053240,mutation_1,12,44.2,60
arm1,redmi9t,20260811-053240,mutation_1,13,46.0,57
arm1,redmi9t,20260811-053240,mutation_1,14,45.1,60
arm1,redmi9t,20260811-053240,mutation_1,2,49.1,73
arm1,redmi9t,20260811-053240,mutation_1,3,43.9,81
arm1,redmi9t,20260811-053240,mutation_1,4,45.1,65
arm1,redmi9t,20260811-053240,mutation_1,5,47.9,64
arm1,redmi9t,20260811-053240,mutation_1,6,43.9,81
arm1,redmi9t,20260811-053240,mutation_1,7,45.7,59
arm1,redmi9t,20260811-053240,mutation_1,8,60.9,85
arm1,redmi9t,20260811-053240,mutation_1,9,45.4,69
arm1,redmi9t,20260811-053240,mutation_2,0,46.3,79
arm1,redmi9t,20260811-053240,mutation_2,1,43.6,81
arm1,redmi9t,20260811-053240,mutation_2,10,48.5,74
arm1,redmi9t,20260811-053240,mutation_2,11,47.0,73
arm1,redmi9t,20260811-053240,mutation_2,12,44.5,73
arm1,redmi9t,20260811-053240,mutation_2,13,45.1,65
arm1,redmi9t,20260811-053240,mutation_2,14,44.5,67
arm1,redmi9t,20260811-053240,mutation_2,2,44.5,79
arm1,redmi9t,20260811-053240,mutation_2,3,46.3,67
arm1,redmi9t,20260811-053240,mutation_2,4,48.5,74
arm1,redmi9t,20260811-053240,mutation_2,5,49.1,58
arm1,redmi9t,20260811-053240,mutation_2,6,47.9,80
arm1,redmi9t,20260811-053240,mutation_2,7,45.4,69
arm1,redmi9t,20260811-053240,mutation_2,8,45.4,74
arm1,redmi9t,20260811-053240,mutation_2,9,45.4,79
arm1,redmi9t,20260811-053240,mutation_3,0,45.1,66
arm1,redmi9t,20260811-053240,mutation_3,1,47.6,69
arm1,redmi9t,20260811-053240,mutation_3,10,44.8,78
arm1,redmi9t,20260811-053240,mutation_3,11,44.5,77
arm1,redmi9t,20260811-053240,mutation_3,12,47.3,58
arm1,redmi9t,20260811-053240,mutation_3,13,44.5,67
arm1,redmi9t,20260811-053240,mutation_3,14,48.8,76
arm1,redmi9t,20260811-053240,mutation_3,2,44.8,72
arm1,redmi9t,20260811-053240,mutation_3,3,45.7,66
arm1,redmi9t,20260811-053240,mutation_3,4,44.5,79
arm1,redmi9t,20260811-053240,mutation_3,5,44.2,81
arm1,redmi9t,20260811-053240,mutation_3,6,43.9,80
arm1,redmi9t,20260811-053240,mutation_3,7,49.7,75
arm1,redmi9t,20260811-053240,mutation_3,8,45.1,62
arm1,redmi9t,20260811-053240,mutation_3,9,51.0,59
arm1,redmi9t,20260811-053240,mutation_4,0,45.7,77
arm1,redmi9t,20260811-053240,mutation_4,1,44.5,78
arm1,redmi9t,20260811-053240,mutation_4,10,49.1,57
arm1,redmi9t,20260811-053240,mutation_4,11,45.1,61
arm1,redmi9t,20260811-053240,mutation_4,12,48.8,78
arm1,redmi9t,20260811-053240,mutation_4,13,48.2,69
arm1,redmi9t,20260811-053240,mutation_4,14,44.2,84
arm1,redmi9t,20260811-053240,mutation_4,2,45.7,58
arm1,redmi9t,20260811-053240,mutation_4,3,46.0,85
arm1,redmi9t,20260811-053240,mutation_4,4,45.1,60
arm1,redmi9t,20260811-053240,mutation_4,5,45.7,75
arm1,redmi9t,20260811-053240,mutation_4,6,43.9,82
arm1,redmi9t,20260811-053240,mutation_4,7,46.0,76
arm1,redmi9t,20260811-053240,mutation_4,8,52.2,68
arm1,redmi9t,20260811-053240,mutation_4,9,47.3,62
arm1,redmi9t,20260811-053240,mutation_5,0,47.0,59
arm1,redmi9t,20260811-053240,mutation_5,1,45.1,75
arm1,redmi9t,20260811-053240,mutation_5,10,51.3,71
arm1,redmi9t,20260811-053240,mutation_5,11,46.3,70
arm1,redmi9t,20260811-053240,mutation_5,12,44.5,78
arm1,redmi9t,20260811-053240,mutation_5,13,47.0,70
arm1,redmi9t,20260811-053240,mutation_5,14,44.5,62
arm1,redmi9t,20260811-053240,mutation_5,2,45.1,61
arm1,redmi9t,20260811-053240,mutation_5,3,43.2,71
arm1,redmi9t,20260811-053240,mutation_5,4,46.7,70
arm1,redmi9t,20260811-053240,mutation_5,5,44.5,75
arm1,redmi9t,20260811-053240,mutation_5,6,44.8,70
arm1,redmi9t,20260811-053240,mutation_5,7,45.7,71
arm1,redmi9t,20260811-053240,mutation_5,8,45.1,62
arm1,redmi9t,20260811-053240,mutation_5,9,45.1,83
arm1,redmi9t,20260811-053240,mutation_6,0,44.2,77
arm1,redmi9t,20260811-053240,mutation_6,1,47.9,61
arm1,redmi9t,20260811-053240,mutation_6,10,43.6,82
arm1,redmi9t,20260811-053240,mutation_6,11,45.1,73
arm1,redmi9t,20260811-053240,mutation_6,12,46.0,72
arm1,redmi9t,20260811-053240,mutation_6,13,45.1,63
arm1,redmi9t,20260811-053240,mutation_6,14,45.1,83
arm1,redmi9t,20260811-053240,mutation_6,2,45.4,68
arm1,redmi9t,20260811-053240,mutation_6,3,44.5,82
arm1,redmi9t,20260811-053240,mutation_6,4,45.7,72
arm1,redmi9t,20260811-053240,mutation_6,5,45.7,73
arm1,redmi9t,20260811-053240,mutation_6,6,45.7,84
arm1,redmi9t,20260811-053240,mutation_6,7,45.1,64
arm1,redmi9t,20260811-053240,mutation_6,8,45.4,71
arm1,redmi9t,20260811-053240,mutation_6,9,50.4,65
arm1,redmi9t,20260811-053240,mutation_7,0,42.0,82
arm1,redmi9t,20260811-053240,mutation_7,1,46.0,65
arm1,redmi9t,20260811-053240,mutation_7,10,43.9,77
arm1,redmi9t,20260811-053240,mutation_7,11,49.1,74
arm1,redmi9t,20260811-053240,mutation_7,12,44.8,77
arm1,redmi9t,20260811-053240,mutation_7,13,44.5,67
arm1,redmi9t,20260811-053240,mutation_7,14,45.1,76
arm1,redmi9t,20260811-053240,mutation_7,2,44.8,80
arm1,redmi9t,20260811-053240,mutation_7,3,43.9,80
arm1,redmi9t,20260811-053240,mutation_7,4,47.3,81
arm1,redmi9t,20260811-053240,mutation_7,5,46.7,76
arm1,redmi9t,20260811-053240,mutation_7,6,45.7,79
arm1,redmi9t,20260811-053240,mutation_7,7,47.6,64
arm1,redmi9t,20260811-053240,mutation_7,8,50.1,75
arm1,redmi9t,20260811-053240,mutation_7,9,45.1,71
arm1,redmi9t,20260811-053240,mutation_8,0,48.5,70
arm1,redmi9t,20260811-053240,mutation_8,1,45.1,65
arm1,redmi9t,20260811-053240,mutation_8,10,45.7,63
arm1,redmi9t,20260811-053240,mutation_8,11,47.9,83
arm1,redmi9t,20260811-053240,mutation_8,12,47.0,68
arm1,redmi9t,20260811-053240,mutation_8,13,45.1,85
arm1,redmi9t,20260811-053240,mutation_8,14,45.4,63
arm1,redmi9t,20260811-053240,mutation_8,2,44.2,66
arm1,redmi9t,20260811-053240,mutation_8,3,48.5,61
arm1,redmi9t,20260811-053240,mutation_8,4,44.5,74
arm1,redmi9t,20260811-053240,mutation_8,5,45.7,64
arm1,redmi9t,20260811-053240,mutation_8,6,45.1,63
arm1,redmi9t,20260811-053240,mutation_8,7,45.1,72
arm1,redmi9t,20260811-053240,mutation_8,8,45.4,84
arm1,redmi9t,20260811-053240,mutation_8,9,44.5,63
arm1,redmi9t,20260811-130810,base,0,50.1,61
arm1,redmi9t,20260811-130810,base,1,47.0,80
arm1,redmi9t,20260811-130810,base,10,44.2,66
arm1,redmi9t,20260811-130810,base,11,42.6,57
arm1,redmi9t,20260811-130810,base,12,42.0,64
arm1,redmi9t,20260811-130810,base,13,42.6,63
arm1,redmi9t,20260811-130810,base,14,43.6,73
arm1,redmi9t,20260811-130810,base,2,42.9,74
arm1,redmi9t,20260811-130810,base,3,43.6,57
arm1,redmi9t,20260811-130810,base,4,42.6,56
arm1,redmi9t,20260811-130810,base,5,42.3,65
arm1,redmi9t,20260811-130810,base,6,44.8,55
arm1,redmi9t,20260811-130810,base,7,43.9,77
arm1,redmi9t,20260811-130810,base,8,44.5,67
arm1,redmi9t,20260811-130810,base,9,41.4,81
arm1,redmi9t,20260811-130810,mutation_1,0,43.2,65
arm1,redmi9t,20260811-130810,mutation_1,1,47.6,81
arm1,redmi9t,20260811-130810,mutation_1,10,43.6,58
arm1,redmi9t,20260811-130810,mutation_1,11,45.4,56
arm1,redmi9t,20260811-130810,mutation_1,12,48.2,57
arm1,redmi9t,20260811-130810,mutation_1,13,46.7,55
arm1,redmi9t,20260811-130810,mutation_1,14,43.9,57
arm1,redmi9t,20260811-130810,mutation_1,2,41.7,70
arm1,redmi9t,20260811-130810,mutation_1,3,49.7,78
arm1,redmi9t,20260811-130810,mutation_1,4,42.3,62
arm1,redmi9t,20260811-130810,mutation_1,5,42.9,61
arm1,redmi9t,20260811-130810,mutation_1,6,42.6,78
arm1,redmi9t,20260811-130810,mutation_1,7,51.0,56
arm1,redmi9t,20260811-130810,mutation_1,8,44.8,81
arm1,redmi9t,20260811-130810,mutation_1,9,42.6,67
arm1,redmi9t,20260811-130810,mutation_2,0,41.7,76
arm1,redmi9t,20260811-130810,mutation_2,1,42.3,78
arm1,redmi9t,20260811-130810,mutation_2,10,42.3,71
arm1,redmi9t,20260811-130810,mutation_2,11,47.3,71
arm1,redmi9t,20260811-130810,mutation_2,12,41.4,70
arm1,redmi9t,20260811-130810,mutation_2,13,43.2,62
arm1,redmi9t,20260811-130810,mutation_2,14,42.6,64
arm1,redmi9t,20260811-130810,mutation_2,2,47.3,76
arm1,redmi9t,20260811-130810,mutation_2,3,42.6,65
arm1,redmi9t,20260811-130810,mutation_2,4,42.0,72
arm1,redmi9t,20260811-130810,mutation_2,5,42.3,56
arm1,redmi9t,20260811-130810,mutation_2,6,51.0,77
arm1,redmi9t,20260811-130810,mutation_2,7,44.2,66
arm1,redmi9t,20260811-130810,mutation_2,8,43.6,71
arm1,redmi9t,20260811-130810,mutation_2,9,44.2,76
arm1,redmi9t,20260811-130810,mutation_3,0,48.8,64
arm1,redmi9t,20260811-130810,mutation_3,1,42.6,66
arm1,redmi9t,20260811-130810,mutation_3,10,43.2,75
arm1,redmi9t,20260811-130810,mutation_3,11,44.2,74
arm1,redmi9t,20260811-130810,mutation_3,12,42.9,55
arm1,redmi9t,20260811-130810,mutation_3,13,49.4,65
arm1,redmi9t,20260811-130810,mutation_3,14,42.3,73
arm1,redmi9t,20260811-130810,mutation_3,2,43.2,69
arm1,redmi9t,20260811-130810,mutation_3,3,47.6,64
arm1,redmi9t,20260811-130810,mutation_3,4,42.6,76
arm1,redmi9t,20260811-130810,mutation_3,5,45.4,78
arm1,redmi9t,20260811-130810,mutation_3,6,43.6,77
arm1,redmi9t,20260811-130810,mutation_3,7,43.9,72
arm1,redmi9t,20260811-130810,mutation_3,8,42.9,59
arm1,redmi9t,20260811-130810,mutation_3,9,42.9,56
arm1,redmi9t,20260811-130810,mutation_4,0,41.7,74
arm1,redmi9t,20260811-130810,mutation_4,1,46.7,75
arm1,redmi9t,20260811-130810,mutation_4,10,42.3,55
arm1,redmi9t,20260811-130810,mutation_4,11,48.8,58
arm1,redmi9t,20260811-130810,mutation_4,12,48.2,75
arm1,redmi9t,20260811-130810,mutation_4,13,42.6,67
arm1,redmi9t,20260811-130810,mutation_4,14,47.0,81
arm1,redmi9t,20260811-130810,mutation_4,2,42.3,55
arm1,redmi9t,20260811-130810,mutation_4,3,41.4,81
arm1,redmi9t,20260811-130810,mutation_4,4,43.2,57
arm1,redmi9t,20260811-130810,mutation_4,5,43.9,72
arm1,redmi9t,20260811-130810,mutation_4,6,42.0,79
arm1,redmi9t,20260811-130810,mutation_4,7,45.4,73
arm1,redmi9t,20260811-130810,mutation_4,8,49.7,65
arm1,redmi9t,20260811-130810,mutation_4,9,42.9,59
arm1,redmi9t,20260811-130810,mutation_5,0,43.9,56
arm1,redmi9t,20260811-130810,mutation_5,1,42.3,73
arm1,redmi9t,20260811-130810,mutation_5,10,42.3,69
arm1,redmi9t,20260811-130810,mutation_5,11,44.5,67
arm1,redmi9t,20260811-130810,mutation_5,12,42.3,75
arm1,redmi9t,20260811-130810,mutation_5,13,42.3,68
arm1,redmi9t,20260811-130810,mutation_5,14,43.2,59
arm1,redmi9t,20260811-130810,mutation_5,2,44.5,58
arm1,redmi9t,20260811-130810,mutation_5,3,42.6,69
arm1,redmi9t,20260811-130810,mutation_5,4,51.0,68
arm1,redmi9t,20260811-130810,mutation_5,5,42.6,72
arm1,redmi9t,20260811-130810,mutation_5,6,42.9,68
arm1,redmi9t,20260811-130810,mutation_5,7,48.2,68
arm1,redmi9t,20260811-130810,mutation_5,8,50.4,59
arm1,redmi9t,20260811-130810,mutation_5,9,46.7,80
arm1,redmi9t,20260811-130810,mutation_6,0,42.9,75
arm1,redmi9t,20260811-130810,mutation_6,1,43.2,58
arm1,redmi9t,20260811-130810,mutation_6,10,44.2,79
arm1,redmi9t,20260811-130810,mutation_6,11,42.0,70
arm1,redmi9t,20260811-130810,mutation_6,12,43.2,69
arm1,redmi9t,20260811-130810,mutation_6,13,42.3,61
arm1,redmi9t,20260811-130810,mutation_6,14,44.5,80
arm1,redmi9t,20260811-130810,mutation_6,2,43.6,66
arm1,redmi9t,20260811-130810,mutation_6,3,42.3,79
arm1,redmi9t,20260811-130810,mutation_6,4,42.3,70
arm1,redmi9t,20260811-130810,mutation_6,5,42.9,70
arm1,redmi9t,20260811-130810,mutation_6,6,45.7,80
arm1,redmi9t,20260811-130810,mutation_6,7,43.9,61
arm1,redmi9t,20260811-130810,mutation_6,8,46.0,69
arm1,redmi9t,20260811-130810,mutation_6,9,47.9,63
arm1,redmi9t,20260811-130810,mutation_7,0,42.3,79
arm1,redmi9t,20260811-130810,mutation_7,1,42.9,62
arm1,redmi9t,20260811-130810,mutation_7,10,43.6,74
arm1,redmi9t,20260811-130810,mutation_7,11,44.2,71
arm1,redmi9t,20260811-130810,mutation_7,12,42.6,74
arm1,redmi9t,20260811-130810,mutation_7,13,42.6,64
arm1,redmi9t,20260811-130810,mutation_7,14,43.6,74
arm1,redmi9t,20260811-130810,mutation_7,2,48.8,77
arm1,redmi9t,20260811-130810,mutation_7,3,42.0,77
arm1,redmi9t,20260811-130810,mutation_7,4,42.3,79
arm1,redmi9t,20260811-130810,mutation_7,5,42.0,73
arm1,redmi9t,20260811-130810,mutation_7,6,42.6,76
arm1,redmi9t,20260811-130810,mutation_7,7,43.2,61
arm1,redmi9t,20260811-130810,mutation_7,8,48.5,72
arm1,redmi9t,20260811-130810,mutation_7,9,42.3,68
arm1,redmi9t,20260811-130810,mutation_8,0,46.0,67
arm1,redmi9t,20260811-130810,mutation_8,1,43.6,63
arm1,redmi9t,20260811-130810,mutation_8,10,47.0,60
arm1,redmi9t,20260811-130810,mutation_8,11,47.6,80
arm1,redmi9t,20260811-130810,mutation_8,12,42.6,66
arm1,redmi9t,20260811-130810,mutation_8,13,41.4,81
arm1,redmi9t,20260811-130810,mutation_8,14,43.6,60
arm1,redmi9t,20260811-130810,mutation_8,2,48.8,63
arm1,redmi9t,20260811-130810,mutation_8,3,49.4,58
arm1,redmi9t,20260811-130810,mutation_8,4,47.0,71
arm1,redmi9t,20260811-130810,mutation_8,5,42.3,62
arm1,redmi9t,20260811-130810,mutation_8,6,44.5,60
arm1,redmi9t,20260811-130810,mutation_8,7,43.6,69
arm1,redmi9t,20260811-130810,mutation_8,8,42.9,81
arm1,redmi9t,20260811-130810,mutation_8,9,46.3,60
arm1,redmi9t,20260811-200443,base,0,42.9,61
arm1,redmi9t,20260811-200443,base,1,44.8,78
arm1,redmi9t,20260811-200443,base,10,42.0,65
arm1,redmi9t,20260811-200443,base,11,47.6,56
arm1,redmi9t,20260811-200443,base,12,48.8,69
arm1,redmi9t,20260811-200443,base,13,41.4,55
arm1,redmi9t,20260811-200443,base,14,41.4,53
arm1,redmi9t,20260811-200443,base,2,42.9,71
arm1,redmi9t,20260811-200443,base,3,41.7,53
arm1,redmi9t,20260811-200443,base,4,42.6,56
arm1,redmi9t,20260811-200443,base,5,42.0,64
arm1,redmi9t,20260811-200443,base,6,43.9,73
arm1,redmi9t,20260811-200443,base,7,43.9,78
arm1,redmi9t,20260811-200443,base,8,43.6,79
arm1,redmi9t,20260811-200443,base,9,52.8,83
arm1,redmi9t,20260811-200443,mutation_1,0,42.3,65
arm1,redmi9t,20260811-200443,mutation_1,1,43.6,80
arm1,redmi9t,20260811-200443,mutation_1,10,41.7,59
arm1,redmi9t,20260811-200443,mutation_1,11,43.6,77
arm1,redmi9t,20260811-200443,mutation_1,12,41.7,57
arm1,redmi9t,20260811-200443,mutation_1,13,40.8,54
arm1,redmi9t,20260811-200443,mutation_1,14,43.2,57
arm1,redmi9t,20260811-200443,mutation_1,2,41.1,54
arm1,redmi9t,20260811-200443,mutation_1,3,49.4,72
arm1,redmi9t,20260811-200443,mutation_1,4,43.6,62
arm1,redmi9t,20260811-200443,mutation_1,5,42.3,61
arm1,redmi9t,20260811-200443,mutation_1,6,43.2,77
arm1,redmi9t,20260811-200443,mutation_1,7,43.2,74
arm1,redmi9t,20260811-200443,mutation_1,8,44.2,74
arm1,redmi9t,20260811-200443,mutation_1,9,44.2,66
arm1,redmi9t,20260811-200443,mutation_2,0,50.7,82
arm1,redmi9t,20260811-200443,mutation_2,1,41.1,54
arm1,redmi9t,20260811-200443,mutation_2,10,48.8,74
arm1,redmi9t,20260811-200443,mutation_2,11,48.8,76
arm1,redmi9t,20260811-200443,mutation_2,12,47.9,66
arm1,redmi9t,20260811-200443,mutation_2,13,43.9,62
arm1,redmi9t,20260811-200443,mutation_2,14,48.5,64
arm1,redmi9t,20260811-200443,mutation_2,2,45.7,80
arm1,redmi9t,20260811-200443,mutation_2,3,42.9,64
arm1,redmi9t,20260811-200443,mutation_2,4,44.8,75
arm1,redmi9t,20260811-200443,mutation_2,5,40.8,54
arm1,redmi9t,20260811-200443,mutation_2,6,42.3,65
arm1,redmi9t,20260811-200443,mutation_2,7,43.2,65
arm1,redmi9t,20260811-200443,mutation_2,8,46.0,75
arm1,redmi9t,20260811-200443,mutation_2,9,43.2,76
arm1,redmi9t,20260811-200443,mutation_3,0,44.2,64
arm1,redmi9t,20260811-200443,mutation_3,1,42.0,65
arm1,redmi9t,20260811-200443,mutation_3,10,43.6,75
arm1,redmi9t,20260811-200443,mutation_3,11,48.5,72
arm1,redmi9t,20260811-200443,mutation_3,12,46.7,60
arm1,redmi9t,20260811-200443,mutation_3,13,42.0,64
arm1,redmi9t,20260811-200443,mutation_3,14,43.2,75
arm1,redmi9t,20260811-200443,mutation_3,2,46.0,81
arm1,redmi9t,20260811-200443,mutation_3,3,42.6,63
arm1,redmi9t,20260811-200443,mutation_3,4,48.2,72
arm1,redmi9t,20260811-200443,mutation_3,5,42.9,76
arm1,redmi9t,20260811-200443,mutation_3,6,42.9,79
arm1,redmi9t,20260811-200443,mutation_3,7,43.2,77
arm1,redmi9t,20260811-200443,mutation_3,8,45.1,60
arm1,redmi9t,20260811-200443,mutation_3,9,44.2,56
arm1,redmi9t,20260811-200443,mutation_4,0,42.6,75
arm1,redmi9t,20260811-200443,mutation_4,1,43.6,79
arm1,redmi9t,20260811-200443,mutation_4,10,51.3,77
arm1,redmi9t,20260811-200443,mutation_4,11,42.6,58
arm1,redmi9t,20260811-200443,mutation_4,12,42.3,66
arm1,redmi9t,20260811-200443,mutation_4,13,42.0,66
arm1,redmi9t,20260811-200443,mutation_4,14,46.7,65
arm1,redmi9t,20260811-200443,mutation_4,2,42.9,80
arm1,redmi9t,20260811-200443,mutation_4,3,42.6,74
arm1,redmi9t,20260811-200443,mutation_4,4,43.6,58
arm1,redmi9t,20260811-200443,mutation_4,5,43.9,74
arm1,redmi9t,20260811-200443,mutation_4,6,42.6,76
arm1,redmi9t,20260811-200443,mutation_4,7,44.2,76
arm1,redmi9t,20260811-200443,mutation_4,8,42.3,79
arm1,redmi9t,20260811-200443,mutation_4,9,44.8,55
arm1,redmi9t,20260811-200443,mutation_5,0,41.1,56
arm1,redmi9t,20260811-200443,mutation_5,1,50.4,75
arm1,redmi9t,20260811-200443,mutation_5,10,46.0,62
arm1,redmi9t,20260811-200443,mutation_5,11,41.4,55
arm1,redmi9t,20260811-200443,mutation_5,12,51.6,81
arm1,redmi9t,20260811-200443,mutation_5,13,43.6,80
arm1,redmi9t,20260811-200443,mutation_5,14,42.6,59
arm1,redmi9t,20260811-200443,mutation_5,2,42.6,58
arm1,redmi9t,20260811-200443,mutation_5,3,43.2,78
arm1,redmi9t,20260811-200443,mutation_5,4,51.0,81
arm1,redmi9t,20260811-200443,mutation_5,5,43.2,77
arm1,redmi9t,20260811-200443,mutation_5,6,41.4,53
arm1,redmi9t,20260811-200443,mutation_5,7,42.6,80
arm1,redmi9t,20260811-200443,mutation_5,8,42.6,59
arm1,redmi9t,20260811-200443,mutation_5,9,49.7,83
arm1,redmi9t,20260811-200443,mutation_7,0,43.2,72
arm1,redmi9t,20260811-200443,mutation_7,1,48.2,59
arm1,redmi9t,20260811-200443,mutation_7,10,42.3,63
arm1,redmi9t,20260811-200443,mutation_7,11,50.1,63
arm1,redmi9t,20260811-200443,mutation_7,12,43.2,58
arm1,redmi9t,20260811-200443,mutation_7,13,42.6,71
arm1,redmi9t,20260811-200443,mutation_7,14,40.8,61
arm1,redmi9t,20260811-200443,mutation_7,2,47.9,82
arm1,redmi9t,20260811-200443,mutation_7,3,48.2,82
arm1,redmi9t,20260811-200443,mutation_7,4,41.4,54
arm1,redmi9t,20260811-200443,mutation_7,5,47.6,83
arm1,redmi9t,20260811-200443,mutation_7,6,44.5,81
arm1,redmi9t,20260811-200443,mutation_7,7,43.2,79
arm1,redmi9t,20260811-200443,mutation_7,8,45.4,78
arm1,redmi9t,20260811-200443,mutation_7,9,42.6,73
arm1,redmi9t,20260811-200443,mutation_8,0,43.6,60
arm1,redmi9t,20260811-200443,mutation_8,1,48.2,57
arm1,redmi9t,20260811-200443,mutation_8,10,41.7,61
arm1,redmi9t,20260811-200443,mutation_8,11,41.4,55
arm1,redmi9t,20260811-200443,mutation_8,12,47.9,56
arm1,redmi9t,20260811-200443,mutation_8,13,49.1,72
arm1,redmi9t,20260811-200443,mutation_8,14,42.6,63
arm1,redmi9t,20260811-200443,mutation_8,2,42.6,59
arm1,redmi9t,20260811-200443,mutation_8,3,43.6,78
arm1,redmi9t,20260811-200443,mutation_8,4,48.8,81
arm1,redmi9t,20260811-200443,mutation_8,5,42.0,63
arm1,redmi9t,20260811-200443,mutation_8,6,46.0,55
arm1,redmi9t,20260811-200443,mutation_8,7,42.3,73
arm1,redmi9t,20260811-200443,mutation_8,8,42.9,60
arm1,redmi9t,20260811-200443,mutation_8,9,47.9,82
arm1,redmi9t,20260812-021319,base,0,41.7,69
arm1,redmi9t,20260812-021319,base,1,48.2,81
arm1,redmi9t,20260812-021319,base,10,47.6,74
arm1,redmi9t,20260812-021319,base,11,41.1,66
arm1,redmi9t,20260812-021319,base,12,44.2,72
arm1,redmi9t,20260812-021319,base,13,48.8,71
arm1,redmi9t,20260812-021319,base,14,50.1,81
arm1,redmi9t,20260812-021319,base,2,45.1,76
arm1,redmi9t,20260812-021319,base,3,41.4,65
arm1,redmi9t,20260812-021319,base,4,42.9,65
arm1,redmi9t,20260812-021319,base,5,41.7,73
arm1,redmi9t,20260812-021319,base,6,41.4,64
arm1,redmi9t,20260812-021319,base,7,44.2,79
arm1,redmi9t,20260812-021319,base,8,48.5,75
arm1,redmi9t,20260812-021319,base,9,42.9,81
arm1,redmi9t,20260812-021319,mutation_1,0,41.7,73
arm1,redmi9t,20260812-021319,mutation_1,1,41.1,81
arm1,redmi9t,20260812-021319,mutation_1,10,44.2,67
arm1,redmi9t,20260812-021319,mutation_1,11,42.0,65
arm1,redmi9t,20260812-021319,mutation_1,12,46.3,66
arm1,redmi9t,20260812-021319,mutation_1,13,41.7,63
arm1,redmi9t,20260812-021319,mutation_1,14,45.1,66
arm1,redmi9t,20260812-021319,mutation_1,2,41.1,78
arm1,redmi9t,20260812-021319,mutation_1,3,42.3,80
arm1,redmi9t,20260812-021319,mutation_1,4,44.2,71
arm1,redmi9t,20260812-021319,mutation_1,5,41.7,70
arm1,redmi9t,20260812-021319,mutation_1,6,41.7,79
arm1,redmi9t,20260812-021319,mutation_1,7,41.4,65
arm1,redmi9t,20260812-021319,mutation_1,8,42.0,81
arm1,redmi9t,20260812-021319,mutation_1,9,47.3,75
arm1,redmi9t,20260812-021319,mutation_2,0,47.6,78
arm1,redmi9t,20260812-021319,mutation_2,1,41.4,80
arm1,redmi9t,20260812-021319,mutation_2,10,40.5,79
arm1,redmi9t,20260812-021319,mutation_2,11,45.4,79
arm1,redmi9t,20260812-021319,mutation_2,12,43.9,78
arm1,redmi9t,20260812-021319,mutation_2,13,47.6,70
arm1,redmi9t,20260812-021319,mutation_2,14,42.6,72
arm1,redmi9t,20260812-021319,mutation_2,2,42.0,78
arm1,redmi9t,20260812-021319,mutation_2,3,42.0,73
arm1,redmi9t,20260812-021319,mutation_2,4,44.5,80
arm1,redmi9t,20260812-021319,mutation_2,5,45.1,64
arm1,redmi9t,20260812-021319,mutation_2,6,41.1,79
arm1,redmi9t,20260812-021319,mutation_2,7,41.4,74
arm1,redmi9t,20260812-021319,mutation_2,8,43.6,79
arm1,redmi9t,20260812-021319,mutation_2,9,41.7,78
arm1,redmi9t,20260812-021319,mutation_3,0,48.2,72
arm1,redmi9t,20260812-021319,mutation_3,1,41.7,75
arm1,redmi9t,20260812-021319,mutation_3,10,42.3,77
arm1,redmi9t,20260812-021319,mutation_3,11,41.4,76
arm1,redmi9t,20260812-021319,mutation_3,12,44.2,64
arm1,redmi9t,20260812-021319,mutation_3,13,42.0,73
arm1,redmi9t,20260812-021319,mutation_3,14,42.0,81
arm1,redmi9t,20260812-021319,mutation_3,2,48.2,77
arm1,redmi9t,20260812-021319,mutation_3,3,46.3,72
arm1,redmi9t,20260812-021319,mutation_3,4,41.1,78
arm1,redmi9t,20260812-021319,mutation_3,5,41.7,80
arm1,redmi9t,20260812-021319,mutation_3,6,41.4,79
arm1,redmi9t,20260812-021319,mutation_3,7,50.7,80
arm1,redmi9t,20260812-021319,mutation_3,8,46.3,68
arm1,redmi9t,20260812-021319,mutation_3,9,46.0,65
arm1,redmi9t,20260812-021319,mutation_4,0,41.1,76
arm1,redmi9t,20260812-021319,mutation_4,1,41.4,77
arm1,redmi9t,20260812-021319,mutation_4,10,43.6,64
arm1,redmi9t,20260812-021319,mutation_4,11,42.0,67
arm1,redmi9t,20260812-021319,mutation_4,12,47.0,77
arm1,redmi9t,20260812-021319,mutation_4,13,41.7,75
arm1,redmi9t,20260812-021319,mutation_4,14,41.4,81
arm1,redmi9t,20260812-021319,mutation_4,2,41.7,64
arm1,redmi9t,20260812-021319,mutation_4,3,45.7,81
arm1,redmi9t,20260812-021319,mutation_4,4,42.3,66
arm1,redmi9t,20260812-021319,mutation_4,5,41.1,80
arm1,redmi9t,20260812-021319,mutation_4,6,42.3,81
arm1,redmi9t,20260812-021319,mutation_4,7,41.1,81
arm1,redmi9t,20260812-021319,mutation_4,8,41.7,73
arm1,redmi9t,20260812-021319,mutation_4,9,41.4,68
arm1,redmi9t,20260812-021319,mutation_5,0,41.7,65
arm1,redmi9t,20260812-021319,mutation_5,1,42.0,81
arm1,redmi9t,20260812-021319,mutation_5,10,42.0,77
arm1,redmi9t,20260812-021319,mutation_5,11,47.9,75
arm1,redmi9t,20260812-021319,mutation_5,12,45.7,77
arm1,redmi9t,20260812-021319,mutation_5,13,41.1,76
arm1,redmi9t,20260812-021319,mutation_5,14,41.4,68
arm1,redmi9t,20260812-021319,mutation_5,2,47.6,66
arm1,redmi9t,20260812-021319,mutation_5,3,41.1,77
arm1,redmi9t,20260812-021319,mutation_5,4,46.3,76
arm1,redmi9t,20260812-021319,mutation_5,5,40.8,80
arm1,redmi9t,20260812-021319,mutation_5,6,41.4,76
arm1,redmi9t,20260812-021319,mutation_5,7,41.4,77
arm1,redmi9t,20260812-021319,mutation_5,8,41.7,67
arm1,redmi9t,20260812-021319,mutation_5,9,45.1,81
arm1,redmi9t,20260812-021319,mutation_6,0,46.7,77
arm1,redmi9t,20260812-021319,mutation_6,1,48.2,67
arm1,redmi9t,20260812-021319,mutation_6,10,42.3,81
arm1,redmi9t,20260812-021319,mutation_6,11,40.8,78
arm1,redmi9t,20260812-021319,mutation_6,12,41.1,77
arm1,redmi9t,20260812-021319,mutation_6,13,42.0,69
arm1,redmi9t,20260812-021319,mutation_6,14,42.3,81
arm1,redmi9t,20260812-021319,mutation_6,2,41.7,74
arm1,redmi9t,20260812-021319,mutation_6,3,41.7,80
arm1,redmi9t,20260812-021319,mutation_6,4,43.9,78
arm1,redmi9t,20260812-021319,mutation_6,5,41.4,79
arm1,redmi9t,20260812-021319,mutation_6,6,46.0,81
arm1,redmi9t,20260812-021319,mutation_6,7,42.3,69
arm1,redmi9t,20260812-021319,mutation_6,8,43.9,77
arm1,redmi9t,20260812-021319,mutation_6,9,41.7,71
arm1,redmi9t,20260812-021319,mutation_7,0,48.2,81
arm1,redmi9t,20260812-021319,mutation_7,1,41.7,70
arm1,redmi9t,20260812-021319,mutation_7,10,41.7,76
arm1,redmi9t,20260812-021319,mutation_7,11,44.2,80
arm1,redmi9t,20260812-021319,mutation_7,12,41.4,76
arm1,redmi9t,20260812-021319,mutation_7,13,41.4,72
arm1,redmi9t,20260812-021319,mutation_7,14,45.1,75
arm1,redmi9t,20260812-021319,mutation_7,2,41.4,79
arm1,redmi9t,20260812-021319,mutation_7,3,42.6,79
arm1,redmi9t,20260812-021319,mutation_7,4,42.6,80
arm1,redmi9t,20260812-021319,mutation_7,5,43.2,81
arm1,redmi9t,20260812-021319,mutation_7,6,41.1,78
arm1,redmi9t,20260812-021319,mutation_7,7,46.7,70
arm1,redmi9t,20260812-021319,mutation_7,8,43.2,80
arm1,redmi9t,20260812-021319,mutation_7,9,43.6,76
arm1,redmi9t,20260812-021319,mutation_8,0,42.3,76
arm1,redmi9t,20260812-021319,mutation_8,1,41.4,71
arm1,redmi9t,20260812-021319,mutation_8,10,41.7,68
arm1,redmi9t,20260812-021319,mutation_8,11,42.6,81
arm1,redmi9t,20260812-021319,mutation_8,12,41.4,74
arm1,redmi9t,20260812-021319,mutation_8,13,42.9,81
arm1,redmi9t,20260812-021319,mutation_8,14,41.1,68
arm1,redmi9t,20260812-021319,mutation_8,2,41.7,71
arm1,redmi9t,20260812-021319,mutation_8,3,42.0,67
arm1,redmi9t,20260812-021319,mutation_8,4,41.1,79
arm1,redmi9t,20260812-021319,mutation_8,5,42.0,70
arm1,redmi9t,20260812-021319,mutation_8,6,44.2,69
arm1,redmi9t,20260812-021319,mutation_8,7,42.6,78
arm1,redmi9t,20260812-021319,mutation_8,8,41.1,81
arm1,redmi9t,20260812-021319,mutation_8,9,50.7,69
arm1,redmi9t,20260812-125826,base,0,43.9,57
arm1,redmi9t,20260812-125826,base,1,44.8,76
arm1,redmi9t,20260812-125826,base,10,49.4,62
arm1,redmi9t,20260812-125826,base,11,42.6,54
arm1,redmi9t,20260812-125826,base,12,51.6,60
arm1,redmi9t,20260812-125826,base,13,43.9,59
arm1,redmi9t,20260812-125826,base,14,43.9,70
arm1,redmi9t,20260812-125826,base,2,42.3,71
arm1,redmi9t,20260812-125826,base,3,43.6,53
arm1,redmi9t,20260812-125826,base,4,43.2,53
arm1,redmi9t,20260812-125826,base,5,44.2,61
arm1,redmi9t,20260812-125826,base,6,44.2,52
arm1,redmi9t,20260812-125826,base,7,43.6,74
arm1,redmi9t,20260812-125826,base,8,49.1,64
arm1,redmi9t,20260812-125826,base,9,49.4,78
arm1,redmi9t,20260812-125826,mutation_1,0,45.7,62
arm1,redmi9t,20260812-125826,mutation_1,1,51.6,77
arm1,redmi9t,20260812-125826,mutation_1,10,47.3,55
arm1,redmi9t,20260812-125826,mutation_1,11,43.6,52
arm1,redmi9t,20260812-125826,mutation_1,12,42.9,54
arm1,redmi9t,20260812-125826,mutation_1,13,42.9,51
arm1,redmi9t,20260812-125826,mutation_1,14,42.3,54
arm1,redmi9t,20260812-125826,mutation_1,2,49.7,67
arm1,redmi9t,20260812-125826,mutation_1,3,47.0,75
arm1,redmi9t,20260812-125826,mutation_1,4,43.6,59
arm1,redmi9t,20260812-125826,mutation_1,5,43.6,58
arm1,redmi9t,20260812-125826,mutation_1,6,50.4,74
arm1,redmi9t,20260812-125826,mutation_1,7,43.6,53
arm1,redmi9t,20260812-125826,mutation_1,8,53.1,79
arm1,redmi9t,20260812-125826,mutation_1,9,43.9,63
arm1,redmi9t,20260812-125826,mutation_2,0,42.9,73
arm1,redmi9t,20260812-125826,mutation_2,1,43.9,75
arm1,redmi9t,20260812-125826,mutation_2,10,42.3,68
arm1,redmi9t,20260812-125826,mutation_2,11,42.6,67
arm1,redmi9t,20260812-125826,mutation_2,12,42.9,67
arm1,redmi9t,20260812-125826,mutation_2,13,44.2,58
arm1,redmi9t,20260812-125826,mutation_2,14,48.5,60
arm1,redmi9t,20260812-125826,mutation_2,2,49.7,72
arm1,redmi9t,20260812-125826,mutation_2,3,46.0,61
arm1,redmi9t,20260812-125826,mutation_2,4,47.3,68
arm1,redmi9t,20260812-125826,mutation_2,5,44.5,52
arm1,redmi9t,20260812-125826,mutation_2,6,43.6,74
arm1,redmi9t,20260812-125826,mutation_2,7,43.2,63
arm1,redmi9t,20260812-125826,mutation_2,8,43.9,68
arm1,redmi9t,20260812-125826,mutation_2,9,42.0,73
arm1,redmi9t,20260812-125826,mutation_3,0,45.4,60
arm1,redmi9t,20260812-125826,mutation_3,1,42.3,63
arm1,redmi9t,20260812-125826,mutation_3,10,44.8,71
arm1,redmi9t,20260812-125826,mutation_3,11,42.3,71
arm1,redmi9t,20260812-125826,mutation_3,12,42.6,52
arm1,redmi9t,20260812-125826,mutation_3,13,43.2,61
arm1,redmi9t,20260812-125826,mutation_3,14,45.1,69
arm1,redmi9t,20260812-125826,mutation_3,2,43.9,66
arm1,redmi9t,20260812-125826,mutation_3,3,43.6,60
arm1,redmi9t,20260812-125826,mutation_3,4,49.4,73
arm1,redmi9t,20260812-125826,mutation_3,5,48.8,75
arm1,redmi9t,20260812-125826,mutation_3,6,44.8,73
arm1,redmi9t,20260812-125826,mutation_3,7,42.3,69
arm1,redmi9t,20260812-125826,mutation_3,8,49.1,56
arm1,redmi9t,20260812-125826,mutation_3,9,43.9,53
arm1,redmi9t,20260812-125826,mutation_4,0,43.6,70
arm1,redmi9t,20260812-125826,mutation_4,1,46.7,71
arm1,redmi9t,20260812-125826,mutation_4,10,43.9,52
arm1,redmi9t,20260812-125826,mutation_4,11,42.6,55
arm1,redmi9t,20260812-125826,mutation_4,12,42.0,72
arm1,redmi9t,20260812-125826,mutation_4,13,51.6,63
arm1,redmi9t,20260812-125826,mutation_4,14,46.3,77
arm1,redmi9t,20260812-125826,mutation_4,2,51.3,52
arm1,redmi9t,20260812-125826,mutation_4,3,47.9,79
arm1,redmi9t,20260812-125826,mutation_4,4,42.3,54
arm1,redmi9t,20260812-125826,mutation_4,5,42.6,68
arm1,redmi9t,20260812-125826,mutation_4,6,45.1,75
arm1,redmi9t,20260812-125826,mutation_4,7,43.6,70
arm1,redmi9t,20260812-125826,mutation_4,8,43.6,62
arm1,redmi9t,20260812-125826,mutation_4,9,46.7,56
arm1,redmi9t,20260812-125826,mutation_5,0,45.7,53
arm1,redmi9t,20260812-125826,mutation_5,1,45.4,69
arm1,redmi9t,20260812-125826,mutation_5,10,44.8,65
arm1,redmi9t,20260812-125826,mutation_5,11,48.5,64
arm1,redmi9t,20260812-125826,mutation_5,12,45.7,72
arm1,redmi9t,20260812-125826,mutation_5,13,42.3,65
arm1,redmi9t,20260812-125826,mutation_5,14,43.2,56
arm1,redmi9t,20260812-125826,mutation_5,2,42.3,54
arm1,redmi9t,20260812-125826,mutation_5,3,42.6,66
arm1,redmi9t,20260812-125826,mutation_5,4,42.3,64
arm1,redmi9t,20260812-125826,mutation_5,5,42.9,69
arm1,redmi9t,20260812-125826,mutation_5,6,48.2,64
arm1,redmi9t,20260812-125826,mutation_5,7,42.6,65
arm1,redmi9t,20260812-125826,mutation_5,8,43.2,55
arm1,redmi9t,20260812-125826,mutation_5,9,43.2,77
arm1,redmi9t,20260812-125826,mutation_6,0,49.4,71
arm1,redmi9t,20260812-125826,mutation_6,1,49.7,55
arm1,redmi9t,20260812-125826,mutation_6,10,44.2,76
arm1,redmi9t,20260812-125826,mutation_6,11,42.6,67
arm1,redmi9t,20260812-125826,mutation_6,12,47.0,66
arm1,redmi9t,20260812-125826,mutation_6,13,49.7,57
arm1,redmi9t,20260812-125826,mutation_6,14,42.3,76
arm1,redmi9t,20260812-125826,mutation_6,2,49.7,62
arm1,redmi9t,20260812-125826,mutation_6,3,47.6,75
arm1,redmi9t,20260812-125826,mutation_6,4,42.6,66
arm1,redmi9t,20260812-125826,mutation_6,5,42.3,67
arm1,redmi9t,20260812-125826,mutation_6,6,46.3,77
arm1,redmi9t,20260812-125826,mutation_6,7,42.6,57
arm1,redmi9t,20260812-125826,mutation_6,8,43.9,65
arm1,redmi9t,20260812-125826,mutation_6,9,44.5,59
arm1,redmi9t,20260812-125826,mutation_7,0,48.8,76
arm1,redmi9t,20260812-125826,mutation_7,1,43.6,58
arm1,redmi9t,20260812-125826,mutation_7,10,51.0,71
arm1,redmi9t,20260812-125826,mutation_7,11,46.3,68
arm1,redmi9t,20260812-125826,mutation_7,12,42.0,70
arm1,redmi9t,20260812-125826,mutation_7,13,42.9,61
arm1,redmi9t,20260812-125826,mutation_7,14,43.2,70
arm1,redmi9t,20260812-125826,mutation_7,2,42.9,74
arm1,redmi9t,20260812-125826,mutation_7,3,45.4,74
arm1,redmi9t,20260812-125826,mutation_7,4,47.0,75
arm1,redmi9t,20260812-125826,mutation_7,5,44.2,69
arm1,redmi9t,20260812-125826,mutation_7,6,51.3,73
arm1,redmi9t,20260812-125826,mutation_7,7,48.8,58
arm1,redmi9t,20260812-125826,mutation_7,8,44.8,69
arm1,redmi9t,20260812-125826,mutation_7,9,47.9,65
arm1,redmi9t,20260812-125826,mutation_8,0,42.9,64
arm1,redmi9t,20260812-125826,mutation_8,1,44.2,59
arm1,redmi9t,20260812-125826,mutation_8,10,45.1,56
arm1,redmi9t,20260812-125826,mutation_8,11,46.0,76
arm1,redmi9t,20260812-125826,mutation_8,12,43.9,63
arm1,redmi9t,20260812-125826,mutation_8,13,52.2,78
arm1,redmi9t,20260812-125826,mutation_8,14,42.6,56
arm1,redmi9t,20260812-125826,mutation_8,2,42.9,59
arm1,redmi9t,20260812-125826,mutation_8,3,50.1,55
arm1,redmi9t,20260812-125826,mutation_8,4,42.3,67
arm1,redmi9t,20260812-125826,mutation_8,5,51.0,58
arm1,redmi9t,20260812-125826,mutation_8,6,45.7,56
arm1,redmi9t,20260812-125826,mutation_8,7,44.5,66
arm1,redmi9t,20260812-125826,mutation_8,8,51.9,78
arm1,redmi9t,20260812-125826,mutation_8,9,49.4,57
arm1,redmi9t,20260812-185012,base,0,43.2,69
arm1,redmi9t,20260812-185012,base,1,42.0,85
arm1,redmi9t,20260812-185012,base,10,42.3,73
arm1,redmi9t,20260812-185012,base,11,44.2,65
arm1,redmi9t,20260812-185012,base,12,42.0,71
arm1,redmi9t,20260812-185012,base,13,42.0,71
arm1,redmi9t,20260812-185012,base,14,44.8,79
arm1,redmi9t,20260812-185012,base,2,43.2,80
arm1,redmi9t,20260812-185012,base,3,48.2,65
arm1,redmi9t,20260812-185012,base,4,48.2,65
arm1,redmi9t,20260812-185012,base,5,43.2,72
arm1,redmi9t,20260812-185012,base,6,42.9,62
arm1,redmi9t,20260812-185012,base,7,43.2,77
arm1,redmi9t,20260812-185012,base,8,42.9,74
arm1,redmi9t,20260812-185012,base,9,42.3,85
arm1,redmi9t,20260812-185012,mutation_1,0,43.2,73
arm1,redmi9t,20260812-185012,mutation_1,1,48.8,85
arm1,redmi9t,20260812-185012,mutation_1,10,41.7,67
arm1,redmi9t,20260812-185012,mutation_1,11,44.5,64
arm1,redmi9t,20260812-185012,mutation_1,12,42.3,65
arm1,redmi9t,20260812-185012,mutation_1,13,42.3,61
arm1,redmi9t,20260812-185012,mutation_1,14,42.3,66
arm1,redmi9t,20260812-185012,mutation_1,2,48.2,76
arm1,redmi9t,20260812-185012,mutation_1,3,53.1,77
arm1,redmi9t,20260812-185012,mutation_1,4,42.6,70
arm1,redmi9t,20260812-185012,mutation_1,5,44.5,69
arm1,redmi9t,20260812-185012,mutation_1,6,50.1,83
arm1,redmi9t,20260812-185012,mutation_1,7,42.3,62
arm1,redmi9t,20260812-185012,mutation_1,8,46.0,85
arm1,redmi9t,20260812-185012,mutation_1,9,44.5,74
arm1,redmi9t,20260812-185012,mutation_2,0,42.6,82
arm1,redmi9t,20260812-185012,mutation_2,1,42.0,84
arm1,redmi9t,20260812-185012,mutation_2,10,48.2,77
arm1,redmi9t,20260812-185012,mutation_2,11,42.3,76
arm1,redmi9t,20260812-185012,mutation_2,12,47.0,75
arm1,redmi9t,20260812-185012,mutation_2,13,46.0,70
arm1,redmi9t,20260812-185012,mutation_2,14,42.3,72
arm1,redmi9t,20260812-185012,mutation_2,2,42.9,82
arm1,redmi9t,20260812-185012,mutation_2,3,44.8,72
arm1,redmi9t,20260812-185012,mutation_2,4,42.3,77
arm1,redmi9t,20260812-185012,mutation_2,5,46.3,64
arm1,redmi9t,20260812-185012,mutation_2,6,45.7,83
arm1,redmi9t,20260812-185012,mutation_2,7,42.9,74
arm1,redmi9t,20260812-185012,mutation_2,8,44.2,76
arm1,redmi9t,20260812-185012,mutation_2,9,42.9,82
arm1,redmi9t,20260812-185012,mutation_3,0,41.7,71
arm1,redmi9t,20260812-185012,mutation_3,1,43.9,74
arm1,redmi9t,20260812-185012,mutation_3,10,42.3,81
arm1,redmi9t,20260812-185012,mutation_3,11,49.1,80
arm1,redmi9t,20260812-185012,mutation_3,12,43.6,62
arm1,redmi9t,20260812-185012,mutation_3,13,43.9,72
arm1,redmi9t,20260812-185012,mutation_3,14,42.9,78
arm1,redmi9t,20260812-185012,mutation_3,2,42.6,77
arm1,redmi9t,20260812-185012,mutation_3,3,45.7,71
arm1,redmi9t,20260812-185012,mutation_3,4,42.9,82
arm1,redmi9t,20260812-185012,mutation_3,5,41.4,84
arm1,redmi9t,20260812-185012,mutation_3,6,43.6,83
arm1,redmi9t,20260812-185012,mutation_3,7,42.9,78
arm1,redmi9t,20260812-185012,mutation_3,8,41.4,68
arm1,redmi9t,20260812-185012,mutation_3,9,42.3,65
arm1,redmi9t,20260812-185012,mutation_4,0,42.3,80
arm1,redmi9t,20260812-185012,mutation_4,1,44.8,81
arm1,redmi9t,20260812-185012,mutation_4,10,42.0,62
arm1,redmi9t,20260812-185012,mutation_4,11,45.7,66
arm1,redmi9t,20260812-185012,mutation_4,12,47.6,81
arm1,redmi9t,20260812-185012,mutation_4,13,42.6,74
arm1,redmi9t,20260812-185012,mutation_4,14,43.6,85
arm1,redmi9t,20260812-185012,mutation_4,2,42.9,62
arm1,redmi9t,20260812-185012,mutation_4,3,44.8,85
arm1,redmi9t,20260812-185012,mutation_4,4,42.3,66
arm1,redmi9t,20260812-185012,mutation_4,5,42.6,77
arm1,redmi9t,20260812-185012,mutation_4,6,47.0,84
arm1,redmi9t,20260812-185012,mutation_4,7,44.5,79
arm1,redmi9t,20260812-185012,mutation_4,8,44.8,73
arm1,redmi9t,20260812-185012,mutation_4,9,42.0,67
arm1,redmi9t,20260812-185012,mutation_5,0,47.6,63
arm1,redmi9t,20260812-185012,mutation_5,1,42.9,78
arm1,redmi9t,20260812-185012,mutation_5,10,49.1,76
arm1,redmi9t,20260812-185012,mutation_5,11,42.0,75
arm1,redmi9t,20260812-185012,mutation_5,12,44.2,81
arm1,redmi9t,20260812-185012,mutation_5,13,44.5,75
arm1,redmi9t,20260812-185012,mutation_5,14,42.0,67
arm1,redmi9t,20260812-185012,mutation_5,2,42.6,66
arm1,redmi9t,20260812-185012,mutation_5,3,43.6,76
arm1,redmi9t,20260812-185012,mutation_5,4,41.7,75
arm1,redmi9t,20260812-185012,mutation_5,5,45.4,78
arm1,redmi9t,20260812-185012,mutation_5,6,45.1,75
arm1,redmi9t,20260812-185012,mutation_5,7,53.1,63
arm1,redmi9t,20260812-185012,mutation_5,8,42.6,67
arm1,redmi9t,20260812-185012,mutation_5,9,43.6,85
arm1,redmi9t,20260812-185012,mutation_6,0,43.2,80
arm1,redmi9t,20260812-185012,mutation_6,1,42.6,67
arm1,redmi9t,20260812-185012,mutation_6,10,42.9,85
arm1,redmi9t,20260812-185012,mutation_6,11,48.5,76
arm1,redmi9t,20260812-185012,mutation_6,12,42.6,76
arm1,redmi9t,20260812-185012,mutation_6,13,48.2,68
arm1,redmi9t,20260812-185012,mutation_6,14,42.9,85
arm1,redmi9t,20260812-185012,mutation_6,2,41.7,73
arm1,redmi9t,20260812-185012,mutation_6,3,42.6,84
arm1,redmi9t,20260812-185012,mutation_6,4,42.0,75
arm1,redmi9t,20260812-185012,mutation_6,5,42.9,76
arm1,redmi9t,20260812-185012,mutation_6,6,43.6,85
arm1,redmi9t,20260812-185012,mutation_6,7,42.0,69
arm1,redmi9t,20260812-185012,mutation_6,8,42.3,76
arm1,redmi9t,20260812-185012,mutation_6,9,41.4,70
arm1,redmi9t,20260812-185012,mutation_7,0,42.3,85
arm1,redmi9t,20260812-185012,mutation_7,1,47.0,70
arm1,redmi9t,20260812-185012,mutation_7,10,44.8,80
arm1,redmi9t,20260812-185012,mutation_7,11,43.2,77
arm1,redmi9t,20260812-185012,mutation_7,12,48.8,79
arm1,redmi9t,20260812-185012,mutation_7,13,42.9,72
arm1,redmi9t,20260812-185012,mutation_7,14,50.1,79
arm1,redmi9t,20260812-185012,mutation_7,2,47.3,83
arm1,redmi9t,20260812-185012,mutation_7,3,42.3,77
arm1,redmi9t,20260812-185012,mutation_7,4,42.3,84
arm1,redmi9t,20260812-185012,mutation_7,5,42.6,79
arm1,redmi9t,20260812-185012,mutation_7,6,44.5,82
arm1,redmi9t,20260812-185012,mutation_7,7,41.7,69
arm1,redmi9t,20260812-185012,mutation_7,8,42.0,78
arm1,redmi9t,20260812-185012,mutation_7,9,42.6,76
arm1,redmi9t,20260812-185012,mutation_8,0,43.9,75
arm1,redmi9t,20260812-185012,mutation_8,1,43.9,70
arm1,redmi9t,20260812-185012,mutation_8,10,42.0,68
arm1,redmi9t,20260812-185012,mutation_8,11,50.1,85
arm1,redmi9t,20260812-185012,mutation_8,12,51.3,73
arm1,redmi9t,20260812-185012,mutation_8,13,42.0,85
arm1,redmi9t,20260812-185012,mutation_8,14,42.6,68
arm1,redmi9t,20260812-185012,mutation_8,2,42.6,71
arm1,redmi9t,20260812-185012,mutation_8,3,42.3,66
arm1,redmi9t,20260812-185012,mutation_8,4,44.5,76
arm1,redmi9t,20260812-185012,mutation_8,5,44.8,69
arm1,redmi9t,20260812-185012,mutation_8,6,43.9,68
arm1,redmi9t,20260812-185012,mutation_8,7,46.0,77
arm1,redmi9t,20260812-185012,mutation_8,8,43.6,85
arm1,redmi9t,20260812-185012,mutation_8,9,48.5,68
arm1,redmi9t,20260813-010615,base,0,42.3,60
arm1,redmi9t,20260813-010615,base,1,41.7,79
arm1,redmi9t,20260813-010615,base,10,40.8,66
arm1,redmi9t,20260813-010615,base,11,43.2,57
arm1,redmi9t,20260813-010615,base,12,43.9,63
arm1,redmi9t,20260813-010615,base,13,41.7,63
arm1,redmi9t,20260813-010615,base,14,43.9,73
arm1,redmi9t,20260813-010615,base,2,43.2,74
arm1,redmi9t,20260813-010615,base,3,40.8,56
arm1,redmi9t,20260813-010615,base,4,45.4,56
arm1,redmi9t,20260813-010615,base,5,41.1,65
arm1,redmi9t,20260813-010615,base,6,40.2,55
arm1,redmi9t,20260813-010615,base,7,40.8,77
arm1,redmi9t,20260813-010615,base,8,44.5,67
arm1,redmi9t,20260813-010615,base,9,43.2,79
arm1,redmi9t,20260813-010615,mutation_1,0,41.7,65
arm1,redmi9t,20260813-010615,mutation_1,1,40.5,79
arm1,redmi9t,20260813-010615,mutation_1,10,43.9,58
arm1,redmi9t,20260813-010615,mutation_1,11,41.4,55
arm1,redmi9t,20260813-010615,mutation_1,12,41.4,57
arm1,redmi9t,20260813-010615,mutation_1,13,41.4,54
arm1,redmi9t,20260813-010615,mutation_1,14,41.1,57
arm1,redmi9t,20260813-010615,mutation_1,2,48.2,70
arm1,redmi9t,20260813-010615,mutation_1,3,44.5,78
arm1,redmi9t,20260813-010615,mutation_1,4,40.8,62
arm1,redmi9t,20260813-010615,mutation_1,5,46.3,61
arm1,redmi9t,20260813-010615,mutation_1,6,40.5,77
arm1,redmi9t,20260813-010615,mutation_1,7,43.6,56
arm1,redmi9t,20260813-010615,mutation_1,8,42.0,79
arm1,redmi9t,20260813-010615,mutation_1,9,42.3,67
arm1,redmi9t,20260813-010615,mutation_2,0,47.6,76
arm1,redmi9t,20260813-010615,mutation_2,1,40.8,78
arm1,redmi9t,20260813-010615,mutation_2,10,41.4,71
arm1,redmi9t,20260813-010615,mutation_2,11,49.1,71
arm1,redmi9t,20260813-010615,mutation_2,12,41.4,70
arm1,redmi9t,20260813-010615,mutation_2,13,41.7,62
arm1,redmi9t,20260813-010615,mutation_2,14,41.1,64
arm1,redmi9t,20260813-010615,mutation_2,2,41.4,76
arm1,redmi9t,20260813-010615,mutation_2,3,41.4,64
arm1,redmi9t,20260813-010615,mutation_2,4,42.6,72
arm1,redmi9t,20260813-010615,mutation_2,5,41.1,55
arm1,redmi9t,20260813-010615,mutation_2,6,41.1,77
arm1,redmi9t,20260813-010615,mutation_2,7,39.8,66
arm1,redmi9t,20260813-010615,mutation_2,8,43.6,71
arm1,redmi9t,20260813-010615,mutation_2,9,44.5,76
arm1,redmi9t,20260813-010615,mutation_3,0,41.4,64
arm1,redmi9t,20260813-010615,mutation_3,1,40.8,66
arm1,redmi9t,20260813-010615,mutation_3,10,43.9,75
arm1,redmi9t,20260813-010615,mutation_3,11,49.1,74
arm1,redmi9t,20260813-010615,mutation_3,12,41.4,55
arm1,redmi9t,20260813-010615,mutation_3,13,41.1,65
arm1,redmi9t,20260813-010615,mutation_3,14,46.0,73
arm1,redmi9t,20260813-010615,mutation_3,2,42.0,69
arm1,redmi9t,20260813-010615,mutation_3,3,41.7,63
arm1,redmi9t,20260813-010615,mutation_3,4,41.7,76
arm1,redmi9t,20260813-010615,mutation_3,5,43.9,77
arm1,redmi9t,20260813-010615,mutation_3,6,44.8,76
arm1,redmi9t,20260813-010615,mutation_3,7,44.2,72
arm1,redmi9t,20260813-010615,mutation_3,8,43.9,59
arm1,redmi9t,20260813-010615,mutation_3,9,41.1,56
arm1,redmi9t,20260813-010615,mutation_4,0,42.3,74
arm1,redmi9t,20260813-010615,mutation_4,1,49.1,75
arm1,redmi9t,20260813-010615,mutation_4,10,46.3,55
arm1,redmi9t,20260813-010615,mutation_4,11,44.2,58
arm1,redmi9t,20260813-010615,mutation_4,12,41.1,75
arm1,redmi9t,20260813-010615,mutation_4,13,42.0,67
arm1,redmi9t,20260813-010615,mutation_4,14,42.0,79
arm1,redmi9t,20260813-010615,mutation_4,2,42.6,55
arm1,redmi9t,20260813-010615,mutation_4,3,41.1,79
arm1,redmi9t,20260813-010615,mutation_4,4,42.9,57
arm1,redmi9t,20260813-010615,mutation_4,5,44.2,72
arm1,redmi9t,20260813-010615,mutation_4,6,43.6,78
arm1,redmi9t,20260813-010615,mutation_4,7,43.9,73
arm1,redmi9t,20260813-010615,mutation_4,8,41.1,65
arm1,redmi9t,20260813-010615,mutation_4,9,49.7,59
arm1,redmi9t,20260813-010615,mutation_5,0,46.3,56
arm1,redmi9t,20260813-010615,mutation_5,1,43.6,73
arm1,redmi9t,20260813-010615,mutation_5,10,45.4,69
arm1,redmi9t,20260813-010615,mutation_5,11,42.3,67
arm1,redmi9t,20260813-010615,mutation_5,12,42.3,75
arm1,redmi9t,20260813-010615,mutation_5,13,47.9,68
arm1,redmi9t,20260813-010615,mutation_5,14,45.1,59
arm1,redmi9t,20260813-010615,mutation_5,2,45.7,57
arm1,redmi9t,20260813-010615,mutation_5,3,41.1,69
arm1,redmi9t,20260813-010615,mutation_5,4,42.9,67
arm1,redmi9t,20260813-010615,mutation_5,5,41.7,72
arm1,redmi9t,20260813-010615,mutation_5,6,47.0,68
arm1,redmi9t,20260813-010615,mutation_5,7,47.0,68
arm1,redmi9t,20260813-010615,mutation_5,8,44.2,58
arm1,redmi9t,20260813-010615,mutation_5,9,44.2,79
arm1,redmi9t,20260813-010615,mutation_6,0,46.7,75
arm1,redmi9t,20260813-010615,mutation_6,1,47.9,58
arm1,redmi9t,20260813-010615,mutation_6,10,40.5,78
arm1,redmi9t,20260813-010615,mutation_6,11,41.7,70
arm1,redmi9t,20260813-010615,mutation_6,12,42.0,69
arm1,redmi9t,20260813-010615,mutation_6,13,42.0,60
arm1,redmi9t,20260813-010615,mutation_6,14,40.5,79
arm1,redmi9t,20260813-010615,mutation_6,2,46.3,65
arm1,redmi9t,20260813-010615,mutation_6,3,45.4,78
arm1,redmi9t,20260813-010615,mutation_6,4,47.6,70
arm1,redmi9t,20260813-010615,mutation_6,5,41.7,71
arm1,redmi9t,20260813-010615,mutation_6,6,40.5,79
arm1,redmi9t,20260813-010615,mutation_6,7,44.5,61
arm1,redmi9t,20260813-010615,mutation_6,8,42.3,69
arm1,redmi9t,20260813-010615,mutation_6,9,47.0,63
arm1,redmi9t,20260813-010615,mutation_7,0,41.4,79
arm1,redmi9t,20260813-010615,mutation_7,1,47.3,62
arm1,redmi9t,20260813-010615,mutation_7,10,41.7,74
arm1,redmi9t,20260813-010615,mutation_7,11,41.7,71
arm1,redmi9t,20260813-010615,mutation_7,12,43.6,74
arm1,redmi9t,20260813-010615,mutation_7,13,41.1,64
arm1,redmi9t,20260813-010615,mutation_7,14,47.0,74
arm1,redmi9t,20260813-010615,mutation_7,2,43.9,77
arm1,redmi9t,20260813-010615,mutation_7,3,40.5,77
arm1,redmi9t,20260813-010615,mutation_7,4,41.1,78
arm1,redmi9t,20260813-010615,mutation_7,5,42.9,73
arm1,redmi9t,20260813-010615,mutation_7,6,43.2,76
arm1,redmi9t,20260813-010615,mutation_7,7,48.2,61
arm1,redmi9t,20260813-010615,mutation_7,8,41.7,72
arm1,redmi9t,20260813-010615,mutation_7,9,43.2,68
arm1,redmi9t,20260813-010615,mutation_8,0,41.1,67
arm1,redmi9t,20260813-010615,mutation_8,1,43.2,62
arm1,redmi9t,20260813-010615,mutation_8,10,41.4,59
arm1,redmi9t,20260813-010615,mutation_8,11,42.3,79
arm1,redmi9t,20260813-010615,mutation_8,12,40.8,66
arm1,redmi9t,20260813-010615,mutation_8,13,41.1,79
arm1,redmi9t,20260813-010615,mutation_8,14,46.7,59
arm1,redmi9t,20260813-010615,mutation_8,2,41.1,63
arm1,redmi9t,20260813-010615,mutation_8,3,41.7,58
arm1,redmi9t,20260813-010615,mutation_8,4,42.9,71
arm1,redmi9t,20260813-010615,mutation_8,5,48.8,61
arm1,redmi9t,20260813-010615,mutation_8,6,48.5,60
arm1,redmi9t,20260813-010615,mutation_8,7,42.3,69
arm1,redmi9t,20260813-010615,mutation_8,8,41.1,79
arm1,redmi9t,20260813-010615,mutation_8,9,46.0,60
arm1,redmi9t,20260813-071435,base,0,44.2,46
arm1,redmi9t,20260813-071435,base,1,44.5,82
arm1,redmi9t,20260813-071435,base,10,46.3,51
arm1,redmi9t,20260813-071435,base,11,42.3,42
arm1,redmi9t,20260813-071435,base,12,43.2,49
arm1,redmi9t,20260813-071435,base,13,45.1,48
arm1,redmi9t,20260813-071435,base,14,43.2,58
arm1,redmi9t,20260813-071435,base,2,43.2,59
arm1,redmi9t,20260813-071435,base,3,45.1,42
arm1,redmi9t,20260813-071435,base,4,50.7,42
arm1,redmi9t,20260813-071435,base,5,40.8,50
arm1,redmi9t,20260813-071435,base,6,47.9,40
arm1,redmi9t,20260813-071435,base,7,39.8,80
arm1,redmi9t,20260813-071435,base,8,44.2,52
arm1,redmi9t,20260813-071435,base,9,41.7,84
arm1,redmi9t,20260813-071435,mutation_1,0,43.2,50
arm1,redmi9t,20260813-071435,mutation_1,1,41.1,83
arm1,redmi9t,20260813-071435,mutation_1,10,47.0,43
arm1,redmi9t,20260813-071435,mutation_1,11,41.7,41
arm1,redmi9t,20260813-071435,mutation_1,12,46.0,42
arm1,redmi9t,20260813-071435,mutation_1,13,46.7,40
arm1,redmi9t,20260813-071435,mutation_1,14,42.3,43
arm1,redmi9t,20260813-071435,mutation_1,2,49.7,55
arm1,redmi9t,20260813-071435,mutation_1,3,46.3,81
arm1,redmi9t,20260813-071435,mutation_1,4,41.7,47
arm1,redmi9t,20260813-071435,mutation_1,5,47.0,46
arm1,redmi9t,20260813-071435,mutation_1,6,40.5,80
arm1,redmi9t,20260813-071435,mutation_1,7,42.0,41
arm1,redmi9t,20260813-071435,mutation_1,8,44.2,84
arm1,redmi9t,20260813-071435,mutation_1,9,41.4,52
arm1,redmi9t,20260813-071435,mutation_2,0,41.7,61
arm1,redmi9t,20260813-071435,mutation_2,1,41.7,81
arm1,redmi9t,20260813-071435,mutation_2,10,43.9,56
arm1,redmi9t,20260813-071435,mutation_2,11,42.0,56
arm1,redmi9t,20260813-071435,mutation_2,12,51.3,39
arm1,redmi9t,20260813-071435,mutation_2,13,41.1,47
arm1,redmi9t,20260813-071435,mutation_2,14,41.1,49
arm1,redmi9t,20260813-071435,mutation_2,2,47.9,61
arm1,redmi9t,20260813-071435,mutation_2,3,47.3,50
arm1,redmi9t,20260813-071435,mutation_2,4,44.8,56
arm1,redmi9t,20260813-071435,mutation_2,5,42.6,41
arm1,redmi9t,20260813-071435,mutation_2,6,40.8,80
arm1,redmi9t,20260813-071435,mutation_2,7,47.9,51
arm1,redmi9t,20260813-071435,mutation_2,8,42.3,56
arm1,redmi9t,20260813-071435,mutation_2,9,42.0,62
arm1,redmi9t,20260813-071435,mutation_3,0,44.8,49
arm1,redmi9t,20260813-071435,mutation_3,1,41.7,51
arm1,redmi9t,20260813-071435,mutation_3,10,42.9,60
arm1,redmi9t,20260813-071435,mutation_3,11,45.7,59
arm1,redmi9t,20260813-071435,mutation_3,12,45.1,41
arm1,redmi9t,20260813-071435,mutation_3,13,52.2,50
arm1,redmi9t,20260813-071435,mutation_3,14,41.7,58
arm1,redmi9t,20260813-071435,mutation_3,2,41.4,54
arm1,redmi9t,20260813-071435,mutation_3,3,46.0,49
arm1,redmi9t,20260813-071435,mutation_3,4,41.7,61
arm1,redmi9t,20260813-071435,mutation_3,5,40.2,81
arm1,redmi9t,20260813-071435,mutation_3,6,47.0,62
arm1,redmi9t,20260813-071435,mutation_3,7,40.8,57
arm1,redmi9t,20260813-071435,mutation_3,8,41.7,45
arm1,redmi9t,20260813-071435,mutation_3,9,42.6,42
arm1,redmi9t,20260813-071435,mutation_4,0,48.5,59
arm1,redmi9t,20260813-071435,mutation_4,1,42.6,60
arm1,redmi9t,20260813-071435,mutation_4,10,41.7,40
arm1,redmi9t,20260813-071435,mutation_4,11,41.4,43
arm1,redmi9t,20260813-071435,mutation_4,12,41.7,60
arm1,redmi9t,20260813-071435,mutation_4,13,41.1,51
arm1,redmi9t,20260813-071435,mutation_4,14,42.6,83
arm1,redmi9t,20260813-071435,mutation_4,2,46.0,40
arm1,redmi9t,20260813-071435,mutation_4,3,42.6,84
arm1,redmi9t,20260813-071435,mutation_4,4,48.5,43
arm1,redmi9t,20260813-071435,mutation_4,5,41.1,57
arm1,redmi9t,20260813-071435,mutation_4,6,41.7,82
arm1,redmi9t,20260813-071435,mutation_4,7,40.8,58
arm1,redmi9t,20260813-071435,mutation_4,8,42.3,50
arm1,redmi9t,20260813-071435,mutation_4,9,44.5,44
arm1,redmi9t,20260813-071435,mutation_5,0,42.0,41
arm1,redmi9t,20260813-071435,mutation_5,1,42.0,57
arm1,redmi9t,20260813-071435,mutation_5,10,41.7,53
arm1,redmi9t,20260813-071435,mutation_5,11,42.9,52
arm1,redmi9t,20260813-071435,mutation_5,12,43.2,61
arm1,redmi9t,20260813-071435,mutation_5,13,41.4,53
arm1,redmi9t,20260813-071435,mutation_5,14,42.6,44
arm1,redmi9t,20260813-071435,mutation_5,2,46.0,43
arm1,redmi9t,20260813-071435,mutation_5,3,42.9,54
arm1,redmi9t,20260813-071435,mutation_5,4,40.5,52
arm1,redmi9t,20260813-071435,mutation_5,5,42.6,57
arm1,redmi9t,20260813-071435,mutation_5,6,47.6,52
arm1,redmi9t,20260813-071435,mutation_5,7,49.1,53
arm1,redmi9t,20260813-071435,mutation_5,8,43.9,44
arm1,redmi9t,20260813-071435,mutation_5,9,42.3,83
arm1,redmi9t,20260813-071435,mutation_6,0,43.9,60
arm1,redmi9t,20260813-071435,mutation_6,1,43.2,44
arm1,redmi9t,20260813-071435,mutation_6,10,40.8,82
arm1,redmi9t,20260813-071435,mutation_6,11,40.8,55
arm1,redmi9t,20260813-071435,mutation_6,12,42.0,54
arm1,redmi9t,20260813-071435,mutation_6,13,42.9,46
arm1,redmi9t,20260813-071435,mutation_6,14,41.1,83
arm1,redmi9t,20260813-071435,mutation_6,2,42.3,50
arm1,redmi9t,20260813-071435,mutation_6,3,42.3,81
arm1,redmi9t,20260813-071435,mutation_6,4,47.3,54
arm1,redmi9t,20260813-071435,mutation_6,5,41.1,55
arm1,redmi9t,20260813-071435,mutation_6,6,41.4,83
arm1,redmi9t,20260813-071435,mutation_6,7,43.2,46
arm1,redmi9t,20260813-071435,mutation_6,8,46.0,53
arm1,redmi9t,20260813-071435,mutation_6,9,41.4,48
arm1,redmi9t,20260813-071435,mutation_7,0,40.8,82
arm1,redmi9t,20260813-071435,mutation_7,1,42.0,47
arm1,redmi9t,20260813-071435,mutation_7,10,42.0,59
arm1,redmi9t,20260813-071435,mutation_7,11,46.3,56
arm1,redmi9t,20260813-071435,mutation_7,12,44.8,59
arm1,redmi9t,20260813-071435,mutation_7,13,45.4,49
arm1,redmi9t,20260813-071435,mutation_7,14,42.0,58
arm1,redmi9t,20260813-071435,mutation_7,2,50.4,62
arm1,redmi9t,20260813-071435,mutation_7,3,40.2,80
arm1,redmi9t,20260813-071435,mutation_7,4,41.4,81
arm1,redmi9t,20260813-071435,mutation_7,5,41.7,58
arm1,redmi9t,20260813-071435,mutation_7,6,41.4,61
arm1,redmi9t,20260813-071435,mutation_7,7,42.3,46
arm1,redmi9t,20260813-071435,mutation_7,8,40.2,57
arm1,redmi9t,20260813-071435,mutation_7,9,44.2,53
arm1,redmi9t,20260813-071435,mutation_8,0,41.4,52
arm1,redmi9t,20260813-071435,mutation_8,1,41.1,47
arm1,redmi9t,20260813-071435,mutation_8,10,43.6,45
arm1,redmi9t,20260813-071435,mutation_8,11,40.8,82
arm1,redmi9t,20260813-071435,mutation_8,12,41.4,51
arm1,redmi9t,20260813-071435,mutation_8,13,44.5,84
arm1,redmi9t,20260813-071435,mutation_8,14,44.8,45
arm1,redmi9t,20260813-071435,mutation_8,2,41.7,48
arm1,redmi9t,20260813-071435,mutation_8,3,45.1,43
arm1,redmi9t,20260813-071435,mutation_8,4,43.2,56
arm1,redmi9t,20260813-071435,mutation_8,5,41.4,47
arm1,redmi9t,20260813-071435,mutation_8,6,46.0,45
arm1,redmi9t,20260813-071435,mutation_8,7,46.7,54
arm1,redmi9t,20260813-071435,mutation_8,8,41.1,84
arm1,redmi9t,20260813-071435,mutation_8,9,46.0,45
arm1,redmi9t,20260814-030801,base,0,42.6,56
arm1,redmi9t,20260814-030801,base,1,41.1,79
arm1,redmi9t,20260814-030801,base,10,42.3,60
arm1,redmi9t,20260814-030801,base,11,42.0,52
arm1,redmi9t,20260814-030801,base,12,44.5,58
arm1,redmi9t,20260814-030801,base,13,45.7,51
arm1,redmi9t,20260814-030801,base,14,42.3,49
arm1,redmi9t,20260814-030801,base,2,43.2,61
arm1,redmi9t,20260814-030801,base,3,46.7,50
arm1,redmi9t,20260814-030801,base,4,42.6,52
arm1,redmi9t,20260814-030801,base,5,42.0,59
arm1,redmi9t,20260814-030801,base,6,41.1,63
arm1,redmi9t,20260814-030801,base,7,41.7,79
arm1,redmi9t,20260814-030801,base,8,40.5,80
arm1,redmi9t,20260814-030801,base,9,41.7,82
arm1,redmi9t,20260814-030801,mutation_1,0,42.9,60
arm1,redmi9t,20260814-030801,mutation_1,1,41.4,81
arm1,redmi9t,20260814-030801,mutation_1,10,43.9,54
arm1,redmi9t,20260814-030801,mutation_1,11,44.2,68
arm1,redmi9t,20260814-030801,mutation_1,12,42.6,53
arm1,redmi9t,20260814-030801,mutation_1,13,42.6,50
arm1,redmi9t,20260814-030801,mutation_1,14,44.5,53
arm1,redmi9t,20260814-030801,mutation_1,2,42.6,50
arm1,redmi9t,20260814-030801,mutation_1,3,43.2,62
arm1,redmi9t,20260814-030801,mutation_1,4,44.2,57
arm1,redmi9t,20260814-030801,mutation_1,5,42.0,56
arm1,redmi9t,20260814-030801,mutation_1,6,43.9,68
arm1,redmi9t,20260814-030801,mutation_1,7,51.3,65
arm1,redmi9t,20260814-030801,mutation_1,8,42.9,64
arm1,redmi9t,20260814-030801,mutation_1,9,46.0,63
arm1,redmi9t,20260814-030801,mutation_3,0,40.8,82
arm1,redmi9t,20260814-030801,mutation_3,1,42.6,50
arm1,redmi9t,20260814-030801,mutation_3,10,42.6,64
arm1,redmi9t,20260814-030801,mutation_3,11,44.2,67
arm1,redmi9t,20260814-030801,mutation_3,12,43.9,62
arm1,redmi9t,20260814-030801,mutation_3,13,41.7,57
arm1,redmi9t,20260814-030801,mutation_3,14,47.9,59
arm1,redmi9t,20260814-030801,mutation_3,2,40.5,81
arm1,redmi9t,20260814-030801,mutation_3,3,44.5,59
arm1,redmi9t,20260814-030801,mutation_3,4,49.4,66
arm1,redmi9t,20260814-030801,mutation_3,5,42.9,50
arm1,redmi9t,20260814-030801,mutation_3,6,41.7,61
arm1,redmi9t,20260814-030801,mutation_3,7,42.6,60
arm1,redmi9t,20260814-030801,mutation_3,8,43.2,66
arm1,redmi9t,20260814-030801,mutation_3,9,47.6,67
arm1,redmi9t,20260814-030801,mutation_4,0,43.2,59
arm1,redmi9t,20260814-030801,mutation_4,1,41.4,60
arm1,redmi9t,20260814-030801,mutation_4,10,43.9,65
arm1,redmi9t,20260814-030801,mutation_4,11,44.8,63
arm1,redmi9t,20260814-030801,mutation_4,12,47.6,55
arm1,redmi9t,20260814-030801,mutation_4,13,43.2,59
arm1,redmi9t,20260814-030801,mutation_4,14,43.6,66
arm1,redmi9t,20260814-030801,mutation_4,2,40.8,81
arm1,redmi9t,20260814-030801,mutation_4,3,45.1,58
arm1,redmi9t,20260814-030801,mutation_4,4,47.3,62
arm1,redmi9t,20260814-030801,mutation_4,5,42.6,67
arm1,redmi9t,20260814-030801,mutation_4,6,40.2,80
arm1,redmi9t,20260814-030801,mutation_4,7,45.7,67
arm1,redmi9t,20260814-030801,mutation_4,8,42.9,55
arm1,redmi9t,20260814-030801,mutation_4,9,45.4,52
arm1,redmi9t,20260814-030801,mutation_5,0,43.6,66
arm1,redmi9t,20260814-030801,mutation_5,1,42.3,80
arm1,redmi9t,20260814-030801,mutation_5,10,48.2,68
arm1,redmi9t,20260814-030801,mutation_5,11,42.6,54
arm1,redmi9t,20260814-030801,mutation_5,12,43.6,61
arm1,redmi9t,20260814-030801,mutation_5,13,49.4,61
arm1,redmi9t,20260814-030801,mutation_5,14,42.3,60
arm1,redmi9t,20260814-030801,mutation_5,2,41.4,80
arm1,redmi9t,20260814-030801,mutation_5,3,42.9,65
arm1,redmi9t,20260814-030801,mutation_5,4,42.0,53
arm1,redmi9t,20260814-030801,mutation_5,5,42.0,64
arm1,redmi9t,20260814-030801,mutation_5,6,43.6,67
arm1,redmi9t,20260814-030801,mutation_5,7,43.6,66
arm1,redmi9t,20260814-030801,mutation_5,8,40.2,80
arm1,redmi9t,20260814-030801,mutation_5,9,50.7,51
arm1,redmi9t,20260814-030801,mutation_6,0,47.9,52
arm1,redmi9t,20260814-030801,mutation_6,1,43.9,65
arm1,redmi9t,20260814-030801,mutation_6,10,42.6,57
arm1,redmi9t,20260814-030801,mutation_6,11,42.9,51
arm1,redmi9t,20260814-030801,mutation_6,12,40.5,81
arm1,redmi9t,20260814-030801,mutation_6,13,40.5,81
arm1,redmi9t,20260814-030801,mutation_6,14,42.6,55
arm1,redmi9t,20260814-030801,mutation_6,2,42.3,53
arm1,redmi9t,20260814-030801,mutation_6,3,50.1,68
arm1,redmi9t,20260814-030801,mutation_6,4,42.0,81
arm1,redmi9t,20260814-030801,mutation_6,5,44.5,68
arm1,redmi9t,20260814-030801,mutation_6,6,43.9,49
arm1,redmi9t,20260814-030801,mutation_6,7,40.2,80
arm1,redmi9t,20260814-030801,mutation_6,8,42.9,54
arm1,redmi9t,20260814-030801,mutation_6,9,42.3,82
arm1,redmi9t,20260814-030801,mutation_7,0,43.2,62
arm1,redmi9t,20260814-030801,mutation_7,1,51.3,54
arm1,redmi9t,20260814-030801,mutation_7,10,42.0,57
arm1,redmi9t,20260814-030801,mutation_7,11,43.6,58
arm1,redmi9t,20260814-030801,mutation_7,12,44.8,54
arm1,redmi9t,20260814-030801,mutation_7,13,42.6,61
arm1,redmi9t,20260814-030801,mutation_7,14,43.2,56
arm1,redmi9t,20260814-030801,mutation_7,2,40.8,82
arm1,redmi9t,20260814-030801,mutation_7,3,40.5,82
arm1,redmi9t,20260814-030801,mutation_7,4,50.7,50
arm1,redmi9t,20260814-030801,mutation_7,5,41.7,82
arm1,redmi9t,20260814-030801,mutation_7,6,42.9,81
arm1,redmi9t,20260814-030801,mutation_7,7,40.5,80
arm1,redmi9t,20260814-030801,mutation_7,8,40.8,80
arm1,redmi9t,20260814-030801,mutation_7,9,42.9,64
arm1,redmi9t,20260814-030801,mutation_8,0,42.3,56
arm1,redmi9t,20260814-030801,mutation_8,1,42.6,53
arm1,redmi9t,20260814-030801,mutation_8,10,45.1,56
arm1,redmi9t,20260814-030801,mutation_8,11,46.0,51
arm1,redmi9t,20260814-030801,mutation_8,12,46.3,52
arm1,redmi9t,20260814-030801,mutation_8,13,42.9,62
arm1,redmi9t,20260814-030801,mutation_8,14,46.0,57
arm1,redmi9t,20260814-030801,mutation_8,2,48.2,55
arm1,redmi9t,20260814-030801,mutation_8,3,41.4,79
arm1,redmi9t,20260814-030801,mutation_8,4,40.5,81
arm1,redmi9t,20260814-030801,mutation_8,5,42.3,58
arm1,redmi9t,20260814-030801,mutation_8,6,43.2,51
arm1,redmi9t,20260814-030801,mutation_8,7,42.6,64
arm1,redmi9t,20260814-030801,mutation_8,8,45.7,55
arm1,redmi9t,20260814-030801,mutation_8,9,40.8,82
arm1,redmi9t,20260814-103056,base,0,45.7,55
arm1,redmi9t,20260814-103056,base,1,45.7,75
arm1,redmi9t,20260814-103056,base,10,47.6,60
arm1,redmi9t,20260814-103056,base,11,46.3,51
arm1,redmi9t,20260814-103056,base,12,47.6,57
arm1,redmi9t,20260814-103056,base,13,45.7,57
arm1,redmi9t,20260814-103056,base,14,45.4,69
arm1,redmi9t,20260814-103056,base,2,44.2,70
arm1,redmi9t,20260814-103056,base,3,47.6,51
arm1,redmi9t,20260814-103056,base,4,47.9,51
arm1,redmi9t,20260814-103056,base,5,44.8,59
arm1,redmi9t,20260814-103056,base,6,47.3,49
arm1,redmi9t,20260814-103056,base,7,51.3,73
arm1,redmi9t,20260814-103056,base,8,46.0,61
arm1,redmi9t,20260814-103056,base,9,48.8,75
arm1,redmi9t,20260814-103056,mutation_1,0,46.7,59
arm1,redmi9t,20260814-103056,mutation_1,1,51.6,75
arm1,redmi9t,20260814-103056,mutation_1,10,48.2,52
arm1,redmi9t,20260814-103056,mutation_1,11,47.0,50
arm1,redmi9t,20260814-103056,mutation_1,12,46.3,51
arm1,redmi9t,20260814-103056,mutation_1,13,46.3,48
arm1,redmi9t,20260814-103056,mutation_1,14,48.5,51
arm1,redmi9t,20260814-103056,mutation_1,2,44.8,65
arm1,redmi9t,20260814-103056,mutation_1,3,44.5,74
arm1,redmi9t,20260814-103056,mutation_1,4,48.5,56
arm1,redmi9t,20260814-103056,mutation_1,5,44.8,55
arm1,redmi9t,20260814-103056,mutation_1,6,46.3,74
arm1,redmi9t,20260814-103056,mutation_1,7,47.0,50
arm1,redmi9t,20260814-103056,mutation_1,8,49.1,75
arm1,redmi9t,20260814-103056,mutation_1,9,45.1,61
arm1,redmi9t,20260814-103056,mutation_2,0,43.9,72
arm1,redmi9t,20260814-103056,mutation_2,1,47.0,74
arm1,redmi9t,20260814-103056,mutation_2,10,43.9,67
arm1,redmi9t,20260814-103056,mutation_2,11,44.2,66
arm1,redmi9t,20260814-103056,mutation_2,12,48.8,65
arm1,redmi9t,20260814-103056,mutation_2,13,44.8,56
arm1,redmi9t,20260814-103056,mutation_2,14,47.9,58
arm1,redmi9t,20260814-103056,mutation_2,2,44.2,72
arm1,redmi9t,20260814-103056,mutation_2,3,44.8,58
arm1,redmi9t,20260814-103056,mutation_2,4,44.8,67
arm1,redmi9t,20260814-103056,mutation_2,5,49.1,50
arm1,redmi9t,20260814-103056,mutation_2,6,47.0,73
arm1,redmi9t,20260814-103056,mutation_2,7,45.7,60
arm1,redmi9t,20260814-103056,mutation_2,8,46.0,66
arm1,redmi9t,20260814-103056,mutation_2,9,45.4,72
arm1,redmi9t,20260814-103056,mutation_3,0,46.7,58
arm1,redmi9t,20260814-103056,mutation_3,1,45.4,61
arm1,redmi9t,20260814-103056,mutation_3,10,45.7,71
arm1,redmi9t,20260814-103056,mutation_3,11,46.7,70
arm1,redmi9t,20260814-103056,mutation_3,12,46.3,49
arm1,redmi9t,20260814-103056,mutation_3,13,44.8,59
arm1,redmi9t,20260814-103056,mutation_3,14,45.7,68
arm1,redmi9t,20260814-103056,mutation_3,2,50.1,65
arm1,redmi9t,20260814-103056,mutation_3,3,49.1,57
arm1,redmi9t,20260814-103056,mutation_3,4,44.2,72
arm1,redmi9t,20260814-103056,mutation_3,5,43.6,74
arm1,redmi9t,20260814-103056,mutation_3,6,46.3,73
arm1,redmi9t,20260814-103056,mutation_3,7,43.2,68
arm1,redmi9t,20260814-103056,mutation_3,8,45.7,53
arm1,redmi9t,20260814-103056,mutation_3,9,47.9,50
arm1,redmi9t,20260814-103056,mutation_4,0,49.4,70
arm1,redmi9t,20260814-103056,mutation_4,1,44.5,71
arm1,redmi9t,20260814-103056,mutation_4,10,48.5,49
arm1,redmi9t,20260814-103056,mutation_4,11,47.3,52
arm1,redmi9t,20260814-103056,mutation_4,12,44.5,71
arm1,redmi9t,20260814-103056,mutation_4,13,47.0,61
arm1,redmi9t,20260814-103056,mutation_4,14,46.3,75
arm1,redmi9t,20260814-103056,mutation_4,2,46.7,49
arm1,redmi9t,20260814-103056,mutation_4,3,47.0,75
arm1,redmi9t,20260814-103056,mutation_4,4,48.5,51
arm1,redmi9t,20260814-103056,mutation_4,5,45.4,67
arm1,redmi9t,20260814-103056,mutation_4,6,43.6,75
arm1,redmi9t,20260814-103056,mutation_4,7,47.0,69
arm1,redmi9t,20260814-103056,mutation_4,8,45.1,59
arm1,redmi9t,20260814-103056,mutation_4,9,46.7,53
arm1,redmi9t,20260814-103056,mutation_5,0,50.7,50
arm1,redmi9t,20260814-103056,mutation_5,1,51.0,68
arm1,redmi9t,20260814-103056,mutation_5,10,43.9,64
arm1,redmi9t,20260814-103056,mutation_5,11,44.8,62
arm1,redmi9t,20260814-103056,mutation_5,12,44.2,71
arm1,redmi9t,20260814-103056,mutation_5,13,43.9,62
arm1,redmi9t,20260814-103056,mutation_5,14,46.3,53
arm1,redmi9t,20260814-103056,mutation_5,2,46.7,52
arm1,redmi9t,20260814-103056,mutation_5,3,44.8,64
arm1,redmi9t,20260814-103056,mutation_5,4,51.0,62
arm1,redmi9t,20260814-103056,mutation_5,5,44.2,68
arm1,redmi9t,20260814-103056,mutation_5,6,44.2,62
arm1,redmi9t,20260814-103056,mutation_5,7,44.8,63
arm1,redmi9t,20260814-103056,mutation_5,8,46.3,53
arm1,redmi9t,20260814-103056,mutation_5,9,45.7,75
arm1,redmi9t,20260814-103056,mutation_6,0,44.5,71
arm1,redmi9t,20260814-103056,mutation_6,1,47.6,53
arm1,redmi9t,20260814-103056,mutation_6,10,44.5,75
arm1,redmi9t,20260814-103056,mutation_6,11,50.4,66
arm1,redmi9t,20260814-103056,mutation_6,12,46.3,64
arm1,redmi9t,20260814-103056,mutation_6,13,45.4,54
arm1,redmi9t,20260814-103056,mutation_6,14,44.5,75
arm1,redmi9t,20260814-103056,mutation_6,2,44.8,60
arm1,redmi9t,20260814-103056,mutation_6,3,47.6,74
arm1,redmi9t,20260814-103056,mutation_6,4,51.6,65
arm1,redmi9t,20260814-103056,mutation_6,5,44.5,66
arm1,redmi9t,20260814-103056,mutation_6,6,43.2,75
arm1,redmi9t,20260814-103056,mutation_6,7,45.1,55
arm1,redmi9t,20260814-103056,mutation_6,8,43.2,63
arm1,redmi9t,20260814-103056,mutation_6,9,45.1,56
arm1,redmi9t,20260814-103056,mutation_7,0,47.3,75
arm1,redmi9t,20260814-103056,mutation_7,1,45.1,56
arm1,redmi9t,20260814-103056,mutation_7,10,44.5,70
arm1,redmi9t,20260814-103056,mutation_7,11,45.4,67
arm1,redmi9t,20260814-103056,mutation_7,12,47.6,70
arm1,redmi9t,20260814-103056,mutation_7,13,45.1,58
arm1,redmi9t,20260814-103056,mutation_7,14,44.5,69
arm1,redmi9t,20260814-103056,mutation_7,2,46.3,73
arm1,redmi9t,20260814-103056,mutation_7,3,46.3,73
arm1,redmi9t,20260814-103056,mutation_7,4,46.7,74
arm1,redmi9t,20260814-103056,mutation_7,5,45.7,69
arm1,redmi9t,20260814-103056,mutation_7,6,48.8,72
arm1,redmi9t,20260814-103056,mutation_7,7,45.4,55
arm1,redmi9t,20260814-103056,mutation_7,8,44.8,68
arm1,redmi9t,20260814-103056,mutation_7,9,48.5,63
arm1,redmi9t,20260814-103056,mutation_8,0,45.7,62
arm1,redmi9t,20260814-103056,mutation_8,1,47.0,56
arm1,redmi9t,20260814-103056,mutation_8,10,48.2,54
arm1,redmi9t,20260814-103056,mutation_8,11,49.1,75
arm1,redmi9t,20260814-103056,mutation_8,12,46.7,60
arm1,redmi9t,20260814-103056,mutation_8,13,45.7,75
arm1,redmi9t,20260814-103056,mutation_8,14,49.4,53
arm1,redmi9t,20260814-103056,mutation_8,2,45.4,57
arm1,redmi9t,20260814-103056,mutation_8,3,46.7,52
arm1,redmi9t,20260814-103056,mutation_8,4,47.0,66
arm1,redmi9t,20260814-103056,mutation_8,5,45.4,55
arm1,redmi9t,20260814-103056,mutation_8,6,46.7,54
arm1,redmi9t,20260814-103056,mutation_8,7,44.5,65
arm1,redmi9t,20260814-103056,mutation_8,8,45.1,75
arm1,redmi9t,20260814-103056,mutation_8,9,51.6,54
arm1,redmi9t,20260814-162036,base,0,41.7,60
arm1,redmi9t,20260814-162036,base,1,43.2,71
arm1,redmi9t,20260814-162036,base,10,42.0,71
arm1,redmi9t,20260814-162036,base,11,42.0,56
arm1,redmi9t,20260814-162036,base,12,42.3,66
arm1,redmi9t,20260814-162036,base,13,41.7,55
arm1,redmi9t,20260814-162036,base,14,40.5,54
arm1,redmi9t,20260814-162036,base,2,41.4,64
arm1,redmi9t,20260814-162036,base,3,40.2,54
arm1,redmi9t,20260814-162036,base,4,41.7,57
arm1,redmi9t,20260814-162036,base,5,44.8,65
arm1,redmi9t,20260814-162036,base,6,41.7,62
arm1,redmi9t,20260814-162036,base,7,41.4,65
arm1,redmi9t,20260814-162036,base,8,43.6,69
arm1,redmi9t,20260814-162036,base,9,46.0,71
arm1,redmi9t,20260814-162036,mutation_1,0,43.6,71
arm1,redmi9t,20260814-162036,mutation_1,1,43.6,63
arm1,redmi9t,20260814-162036,mutation_1,10,45.7,58
arm1,redmi9t,20260814-162036,mutation_1,11,42.3,70
arm1,redmi9t,20260814-162036,mutation_1,12,41.1,57
arm1,redmi9t,20260814-162036,mutation_1,13,41.1,55
arm1,redmi9t,20260814-162036,mutation_1,14,40.8,57
arm1,redmi9t,20260814-162036,mutation_1,2,44.8,55
arm1,redmi9t,20260814-162036,mutation_1,3,42.0,65
arm1,redmi9t,20260814-162036,mutation_1,4,44.8,61
arm1,redmi9t,20260814-162036,mutation_1,5,41.4,60
arm1,redmi9t,20260814-162036,mutation_1,6,47.6,69
arm1,redmi9t,20260814-162036,mutation_1,7,41.4,63
arm1,redmi9t,20260814-162036,mutation_1,8,47.9,66
arm1,redmi9t,20260814-162036,mutation_1,9,42.0,65
arm1,redmi9t,20260814-162036,mutation_3,0,42.3,70
arm1,redmi9t,20260814-162036,mutation_3,1,44.2,55
arm1,redmi9t,20260814-162036,mutation_3,10,44.8,66
arm1,redmi9t,20260814-162036,mutation_3,11,50.4,71
arm1,redmi9t,20260814-162036,mutation_3,12,46.0,71
arm1,redmi9t,20260814-162036,mutation_3,13,41.4,60
arm1,redmi9t,20260814-162036,mutation_3,14,44.2,68
arm1,redmi9t,20260814-162036,mutation_3,2,42.6,69
arm1,redmi9t,20260814-162036,mutation_3,3,42.0,70
arm1,redmi9t,20260814-162036,mutation_3,4,41.7,64
arm1,redmi9t,20260814-162036,mutation_3,5,40.8,54
arm1,redmi9t,20260814-162036,mutation_3,6,44.8,66
arm1,redmi9t,20260814-162036,mutation_3,7,42.3,68
arm1,redmi9t,20260814-162036,mutation_3,8,41.7,63
arm1,redmi9t,20260814-162036,mutation_3,9,42.3,66
arm1,redmi9t,20260814-162036,mutation_4,0,42.9,67
arm1,redmi9t,20260814-162036,mutation_4,1,41.7,64
arm1,redmi9t,20260814-162036,mutation_4,10,48.5,67
arm1,redmi9t,20260814-162036,mutation_4,11,42.0,70
arm1,redmi9t,20260814-162036,mutation_4,12,42.9,59
arm1,redmi9t,20260814-162036,mutation_4,13,42.0,71
arm1,redmi9t,20260814-162036,mutation_4,14,50.7,69
arm1,redmi9t,20260814-162036,mutation_4,2,42.3,67
arm1,redmi9t,20260814-162036,mutation_4,3,41.4,62
arm1,redmi9t,20260814-162036,mutation_4,4,42.0,67
arm1,redmi9t,20260814-162036,mutation_4,5,41.7,68
arm1,redmi9t,20260814-162036,mutation_4,6,42.9,64
arm1,redmi9t,20260814-162036,mutation_4,7,41.7,70
arm1,redmi9t,20260814-162036,mutation_4,8,41.1,59
arm1,redmi9t,20260814-162036,mutation_4,9,42.6,56
arm1,redmi9t,20260814-162036,mutation_5,0,42.6,70
arm1,redmi9t,20260814-162036,mutation_5,1,42.6,63
arm1,redmi9t,20260814-162036,mutation_5,10,46.0,61
arm1,redmi9t,20260814-162036,mutation_5,11,46.0,58
arm1,redmi9t,20260814-162036,mutation_5,12,42.9,70
arm1,redmi9t,20260814-162036,mutation_5,13,44.2,71
arm1,redmi9t,20260814-162036,mutation_5,14,42.0,61
arm1,redmi9t,20260814-162036,mutation_5,2,41.1,68
arm1,redmi9t,20260814-162036,mutation_5,3,47.6,69
arm1,redmi9t,20260814-162036,mutation_5,4,40.8,57
arm1,redmi9t,20260814-162036,mutation_5,5,45.4,71
arm1,redmi9t,20260814-162036,mutation_5,6,48.8,71
arm1,redmi9t,20260814-162036,mutation_5,7,45.4,71
arm1,redmi9t,20260814-162036,mutation_5,8,46.7,70
arm1,redmi9t,20260814-162036,mutation_5,9,42.6,56
arm1,redmi9t,20260814-162036,mutation_7,0,41.1,56
arm1,redmi9t,20260814-162036,mutation_7,1,43.6,71
arm1,redmi9t,20260814-162036,mutation_7,10,41.4,64
arm1,redmi9t,20260814-162036,mutation_7,11,41.4,55
arm1,redmi9t,20260814-162036,mutation_7,12,41.7,62
arm1,redmi9t,20260814-162036,mutation_7,13,43.9,58
arm1,redmi9t,20260814-162036,mutation_7,14,49.1,67
arm1,redmi9t,20260814-162036,mutation_7,2,49.1,58
arm1,redmi9t,20260814-162036,mutation_7,3,41.7,68
arm1,redmi9t,20260814-162036,mutation_7,4,42.0,65
arm1,redmi9t,20260814-162036,mutation_7,5,42.0,71
arm1,redmi9t,20260814-162036,mutation_7,6,45.1,54
arm1,redmi9t,20260814-162036,mutation_7,7,49.1,71
arm1,redmi9t,20260814-162036,mutation_7,8,44.8,71
arm1,redmi9t,20260814-162036,mutation_7,9,41.4,69
arm1,redmi9t,20260814-162036,mutation_8,0,41.1,60
arm1,redmi9t,20260814-162036,mutation_8,1,41.4,59
arm1,redmi9t,20260814-162036,mutation_8,10,43.9,59
arm1,redmi9t,20260814-162036,mutation_8,11,46.3,55
arm1,redmi9t,20260814-162036,mutation_8,12,51.3,57
arm1,redmi9t,20260814-162036,mutation_8,13,44.5,67
arm1,redmi9t,20260814-162036,mutation_8,14,46.7,63
arm1,redmi9t,20260814-162036,mutation_8,2,41.4,57
arm1,redmi9t,20260814-162036,mutation_8,3,42.9,58
arm1,redmi9t,20260814-162036,mutation_8,4,40.8,54
arm1,redmi9t,20260814-162036,mutation_8,5,47.0,62
arm1,redmi9t,20260814-162036,mutation_8,6,41.4,61
arm1,redmi9t,20260814-162036,mutation_8,7,46.3,68
arm1,redmi9t,20260814-162036,mutation_8,8,40.5,59
arm1,redmi9t,20260814-162036,mutation_8,9,48.5,71
arm1,redmi9t,20260815-004123,base,0,42.9,59
arm1,redmi9t,20260815-004123,base,1,41.4,76
arm1,redmi9t,20260815-004123,base,10,42.3,64
arm1,redmi9t,20260815-004123,base,11,42.0,56
arm1,redmi9t,20260815-004123,base,12,42.6,62
arm1,redmi9t,20260815-004123,base,13,42.9,61
arm1,redmi9t,20260815-004123,base,14,43.2,70
arm1,redmi9t,20260815-004123,base,2,42.0,71
arm1,redmi9t,20260815-004123,base,3,43.2,56
arm1,redmi9t,20260815-004123,base,4,42.3,56
arm1,redmi9t,20260815-004123,base,5,42.3,63
arm1,redmi9t,20260815-004123,base,6,45.1,54
arm1,redmi9t,20260815-004123,base,7,41.4,74
arm1,redmi9t,20260815-004123,base,8,42.0,65
arm1,redmi9t,20260815-004123,base,9,42.9,78
arm1,redmi9t,20260815-004123,mutation_1,0,43.9,63
arm1,redmi9t,20260815-004123,mutation_1,1,42.6,78
arm1,redmi9t,20260815-004123,mutation_1,10,42.3,57
arm1,redmi9t,20260815-004123,mutation_1,11,43.2,55
arm1,redmi9t,20260815-004123,mutation_1,12,42.0,56
arm1,redmi9t,20260815-004123,mutation_1,13,42.6,54
arm1,redmi9t,20260815-004123,mutation_1,14,42.3,56
arm1,redmi9t,20260815-004123,mutation_1,2,42.0,67
arm1,redmi9t,20260815-004123,mutation_1,3,42.0,75
arm1,redmi9t,20260815-004123,mutation_1,4,41.7,61
arm1,redmi9t,20260815-004123,mutation_1,5,42.6,60
arm1,redmi9t,20260815-004123,mutation_1,6,41.7,74
arm1,redmi9t,20260815-004123,mutation_1,7,42.3,55
arm1,redmi9t,20260815-004123,mutation_1,8,44.8,79
arm1,redmi9t,20260815-004123,mutation_1,9,42.6,65
arm1,redmi9t,20260815-004123,mutation_2,0,41.7,73
arm1,redmi9t,20260815-004123,mutation_2,1,43.9,75
arm1,redmi9t,20260815-004123,mutation_2,10,42.3,68
arm1,redmi9t,20260815-004123,mutation_2,11,42.3,68
arm1,redmi9t,20260815-004123,mutation_2,12,42.0,67
arm1,redmi9t,20260815-004123,mutation_2,13,42.9,60
arm1,redmi9t,20260815-004123,mutation_2,14,42.0,62
arm1,redmi9t,20260815-004123,mutation_2,2,41.1,72
arm1,redmi9t,20260815-004123,mutation_2,3,42.0,63
arm1,redmi9t,20260815-004123,mutation_2,4,42.9,69
arm1,redmi9t,20260815-004123,mutation_2,5,41.4,55
arm1,redmi9t,20260815-004123,mutation_2,6,44.8,74
arm1,redmi9t,20260815-004123,mutation_2,7,42.9,64
arm1,redmi9t,20260815-004123,mutation_2,8,42.3,68
arm1,redmi9t,20260815-004123,mutation_2,9,42.9,73
arm1,redmi9t,20260815-004123,mutation_3,0,42.0,62
arm1,redmi9t,20260815-004123,mutation_3,1,42.0,64
arm1,redmi9t,20260815-004123,mutation_3,10,42.3,72
arm1,redmi9t,20260815-004123,mutation_3,11,42.3,71
arm1,redmi9t,20260815-004123,mutation_3,12,42.0,55
arm1,redmi9t,20260815-004123,mutation_3,13,42.3,63
arm1,redmi9t,20260815-004123,mutation_3,14,41.7,70
arm1,redmi9t,20260815-004123,mutation_3,2,42.6,67
arm1,redmi9t,20260815-004123,mutation_3,3,42.9,62
arm1,redmi9t,20260815-004123,mutation_3,4,41.4,72
arm1,redmi9t,20260815-004123,mutation_3,5,41.4,74
arm1,redmi9t,20260815-004123,mutation_3,6,43.9,73
arm1,redmi9t,20260815-004123,mutation_3,7,41.7,69
arm1,redmi9t,20260815-004123,mutation_3,8,42.6,58
arm1,redmi9t,20260815-004123,mutation_3,9,42.0,55
arm1,redmi9t,20260815-004123,mutation_4,0,42.3,71
arm1,redmi9t,20260815-004123,mutation_4,1,43.2,72
arm1,redmi9t,20260815-004123,mutation_4,10,41.7,54
arm1,redmi9t,20260815-004123,mutation_4,11,43.9,57
arm1,redmi9t,20260815-004123,mutation_4,12,45.1,72
arm1,redmi9t,20260815-004123,mutation_4,13,43.2,64
arm1,redmi9t,20260815-004123,mutation_4,14,42.3,77
arm1,redmi9t,20260815-004123,mutation_4,2,42.0,54
arm1,redmi9t,20260815-004123,mutation_4,3,43.2,79
arm1,redmi9t,20260815-004123,mutation_4,4,42.6,56
arm1,redmi9t,20260815-004123,mutation_4,5,43.6,69
arm1,redmi9t,20260815-004123,mutation_4,6,47.9,76
arm1,redmi9t,20260815-004123,mutation_4,7,43.2,70
arm1,redmi9t,20260815-004123,mutation_4,8,42.9,63
arm1,redmi9t,20260815-004123,mutation_4,9,42.0,58
arm1,redmi9t,20260815-004123,mutation_5,0,43.2,55
arm1,redmi9t,20260815-004123,mutation_5,1,43.2,70
arm1,redmi9t,20260815-004123,mutation_5,10,42.9,66
arm1,redmi9t,20260815-004123,mutation_5,11,42.6,65
arm1,redmi9t,20260815-004123,mutation_5,12,44.2,72
arm1,redmi9t,20260815-004123,mutation_5,13,42.9,66
arm1,redmi9t,20260815-004123,mutation_5,14,43.6,58
arm1,redmi9t,20260815-004123,mutation_5,2,42.3,57
arm1,redmi9t,20260815-004123,mutation_5,3,42.9,66
arm1,redmi9t,20260815-004123,mutation_5,4,41.4,65
arm1,redmi9t,20260815-004123,mutation_5,5,43.6,69
arm1,redmi9t,20260815-004123,mutation_5,6,42.6,65
arm1,redmi9t,20260815-004123,mutation_5,7,42.9,66
arm1,redmi9t,20260815-004123,mutation_5,8,41.4,58
arm1,redmi9t,20260815-004123,mutation_5,9,41.7,77
arm1,redmi9t,20260815-004123,mutation_6,0,42.0,71
arm1,redmi9t,20260815-004123,mutation_6,1,42.9,57
arm1,redmi9t,20260815-004123,mutation_6,10,43.2,76
arm1,redmi9t,20260815-004123,mutation_6,11,43.2,68
arm1,redmi9t,20260815-004123,mutation_6,12,42.3,67
arm1,redmi9t,20260815-004123,mutation_6,13,43.2,59
arm1,redmi9t,20260815-004123,mutation_6,14,41.1,77
arm1,redmi9t,20260815-004123,mutation_6,2,42.3,63
arm1,redmi9t,20260815-004123,mutation_6,3,42.6,75
arm1,redmi9t,20260815-004123,mutation_6,4,43.6,67
arm1,redmi9t,20260815-004123,mutation_6,5,43.2,68
arm1,redmi9t,20260815-004123,mutation_6,6,41.1,77
arm1,redmi9t,20260815-004123,mutation_6,7,42.3,59
arm1,redmi9t,20260815-004123,mutation_6,8,42.9,66
arm1,redmi9t,20260815-004123,mutation_6,9,42.0,61
arm1,redmi9t,20260815-004123,mutation_7,0,40.8,76
arm1,redmi9t,20260815-004123,mutation_7,1,42.6,60
arm1,redmi9t,20260815-004123,mutation_7,10,42.3,71
arm1,redmi9t,20260815-004123,mutation_7,11,43.2,69
arm1,redmi9t,20260815-004123,mutation_7,12,41.7,71
arm1,redmi9t,20260815-004123,mutation_7,13,41.7,62
arm1,redmi9t,20260815-004123,mutation_7,14,43.6,70
arm1,redmi9t,20260815-004123,mutation_7,2,45.4,73
arm1,redmi9t,20260815-004123,mutation_7,3,45.7,74
arm1,redmi9t,20260815-004123,mutation_7,4,41.7,75
arm1,redmi9t,20260815-004123,mutation_7,5,42.6,70
arm1,redmi9t,20260815-004123,mutation_7,6,42.0,73
arm1,redmi9t,20260815-004123,mutation_7,7,42.0,60
arm1,redmi9t,20260815-004123,mutation_7,8,43.9,69
arm1,redmi9t,20260815-004123,mutation_7,9,42.9,66
arm1,redmi9t,20260815-004123,mutation_8,0,42.0,65
arm1,redmi9t,20260815-004123,mutation_8,1,41.4,61
arm1,redmi9t,20260815-004123,mutation_8,10,42.9,58
arm1,redmi9t,20260815-004123,mutation_8,11,41.7,76
arm1,redmi9t,20260815-004123,mutation_8,12,42.3,64
arm1,redmi9t,20260815-004123,mutation_8,13,42.6,78
arm1,redmi9t,20260815-004123,mutation_8,14,42.0,58
arm1,redmi9t,20260815-004123,mutation_8,2,42.6,61
arm1,redmi9t,20260815-004123,mutation_8,3,43.2,57
arm1,redmi9t,20260815-004123,mutation_8,4,42.0,68
arm1,redmi9t,20260815-004123,mutation_8,5,41.7,60
arm1,redmi9t,20260815-004123,mutation_8,6,42.6,59
arm1,redmi9t,20260815-004123,mutation_8,7,43.2,67
arm1,redmi9t,20260815-004123,mutation_8,8,42.3,78
arm1,redmi9t,20260815-004123,mutation_8,9,41.4,59
arm1,redmi9t,20260815-062755,base,0,40.8,60
arm1,redmi9t,20260815-062755,base,1,41.4,80
arm1,redmi9t,20260815-062755,base,10,41.1,65
arm1,redmi9t,20260815-062755,base,11,43.9,56
arm1,redmi9t,20260815-062755,base,12,45.1,63
arm1,redmi9t,20260815-062755,base,13,40.8,62
arm1,redmi9t,20260815-062755,base,14,41.7,73
arm1,redmi9t,20260815-062755,base,2,42.0,74
arm1,redmi9t,20260815-062755,base,3,44.2,56
arm1,redmi9t,20260815-062755,base,4,44.2,55
arm1,redmi9t,20260815-062755,base,5,47.6,64
arm1,redmi9t,20260815-062755,base,6,41.4,54
arm1,redmi9t,20260815-062755,base,7,40.5,78
arm1,redmi9t,20260815-062755,base,8,44.8,67
arm1,redmi9t,20260815-062755,base,9,44.5,80
arm1,redmi9t,20260815-062755,mutation_1,0,40.8,65
arm1,redmi9t,20260815-062755,mutation_1,1,45.4,80
arm1,redmi9t,20260815-062755,mutation_1,10,45.7,57
arm1,redmi9t,20260815-062755,mutation_1,11,45.7,54
arm1,redmi9t,20260815-062755,mutation_1,12,41.1,56
arm1,redmi9t,20260815-062755,mutation_1,13,42.9,53
arm1,redmi9t,20260815-062755,mutation_1,14,41.4,56
arm1,redmi9t,20260815-062755,mutation_1,2,40.2,70
arm1,redmi9t,20260815-062755,mutation_1,3,42.0,78
arm1,redmi9t,20260815-062755,mutation_1,4,41.1,62
arm1,redmi9t,20260815-062755,mutation_1,5,46.7,60
arm1,redmi9t,20260815-062755,mutation_1,6,47.6,78
arm1,redmi9t,20260815-062755,mutation_1,7,44.5,55
arm1,redmi9t,20260815-062755,mutation_1,8,44.8,80
arm1,redmi9t,20260815-062755,mutation_1,9,42.9,66
arm1,redmi9t,20260815-062755,mutation_2,0,43.2,77
arm1,redmi9t,20260815-062755,mutation_2,1,42.0,79
arm1,redmi9t,20260815-062755,mutation_2,10,42.0,71
arm1,redmi9t,20260815-062755,mutation_2,11,41.7,71
arm1,redmi9t,20260815-062755,mutation_2,12,41.1,70
arm1,redmi9t,20260815-062755,mutation_2,13,42.3,61
arm1,redmi9t,20260815-062755,mutation_2,14,42.0,63
arm1,redmi9t,20260815-062755,mutation_2,2,47.6,76
arm1,redmi9t,20260815-062755,mutation_2,3,41.7,64
arm1,redmi9t,20260815-062755,mutation_2,4,47.0,72
arm1,redmi9t,20260815-062755,mutation_2,5,46.0,54
arm1,redmi9t,20260815-062755,mutation_2,6,41.1,77
arm1,redmi9t,20260815-062755,mutation_2,7,41.1,66
arm1,redmi9t,20260815-062755,mutation_2,8,42.0,71
arm1,redmi9t,20260815-062755,mutation_2,9,41.7,77
arm1,redmi9t,20260815-062755,mutation_3,0,42.3,63
arm1,redmi9t,20260815-062755,mutation_3,1,42.0,66
arm1,redmi9t,20260815-062755,mutation_3,10,44.8,75
arm1,redmi9t,20260815-062755,mutation_3,11,42.3,75
arm1,redmi9t,20260815-062755,mutation_3,12,40.5,54
arm1,redmi9t,20260815-062755,mutation_3,13,42.9,64
arm1,redmi9t,20260815-062755,mutation_3,14,41.7,73
arm1,redmi9t,20260815-062755,mutation_3,2,42.0,69
arm1,redmi9t,20260815-062755,mutation_3,3,44.8,63
arm1,redmi9t,20260815-062755,mutation_3,4,42.6,76
arm1,redmi9t,20260815-062755,mutation_3,5,50.4,78
arm1,redmi9t,20260815-062755,mutation_3,6,44.5,77
arm1,redmi9t,20260815-062755,mutation_3,7,42.0,72
arm1,redmi9t,20260815-062755,mutation_3,8,41.1,59
arm1,redmi9t,20260815-062755,mutation_3,9,42.9,55
arm1,redmi9t,20260815-062755,mutation_4,0,43.2,74
arm1,redmi9t,20260815-062755,mutation_4,1,42.3,75
arm1,redmi9t,20260815-062755,mutation_4,10,44.8,54
arm1,redmi9t,20260815-062755,mutation_4,11,43.2,57
arm1,redmi9t,20260815-062755,mutation_4,12,42.0,76
arm1,redmi9t,20260815-062755,mutation_4,13,42.3,66
arm1,redmi9t,20260815-062755,mutation_4,14,42.3,80
arm1,redmi9t,20260815-062755,mutation_4,2,48.5,54
arm1,redmi9t,20260815-062755,mutation_4,3,50.1,80
arm1,redmi9t,20260815-062755,mutation_4,4,39.8,57
arm1,redmi9t,20260815-062755,mutation_4,5,42.0,72
arm1,redmi9t,20260815-062755,mutation_4,6,41.4,79
arm1,redmi9t,20260815-062755,mutation_4,7,44.5,73
arm1,redmi9t,20260815-062755,mutation_4,8,42.0,65
arm1,redmi9t,20260815-062755,mutation_4,9,41.4,58
arm1,redmi9t,20260815-062755,mutation_5,0,41.7,55
arm1,redmi9t,20260815-062755,mutation_5,1,42.0,73
arm1,redmi9t,20260815-062755,mutation_5,10,40.8,68
arm1,redmi9t,20260815-062755,mutation_5,11,42.9,67
arm1,redmi9t,20260815-062755,mutation_5,12,46.0,76
arm1,redmi9t,20260815-062755,mutation_5,13,47.9,68
arm1,redmi9t,20260815-062755,mutation_5,14,44.2,58
arm1,redmi9t,20260815-062755,mutation_5,2,41.4,57
arm1,redmi9t,20260815-062755,mutation_5,3,45.1,69
arm1,redmi9t,20260815-062755,mutation_5,4,41.4,67
arm1,redmi9t,20260815-062755,mutation_5,5,41.7,72
arm1,redmi9t,20260815-062755,mutation_5,6,43.6,67
arm1,redmi9t,20260815-062755,mutation_5,7,41.7,68
arm1,redmi9t,20260815-062755,mutation_5,8,42.3,58
arm1,redmi9t,20260815-062755,mutation_5,9,42.3,80
arm1,redmi9t,20260815-062755,mutation_6,0,44.2,75
arm1,redmi9t,20260815-062755,mutation_6,1,42.9,58
arm1,redmi9t,20260815-062755,mutation_6,10,47.9,79
arm1,redmi9t,20260815-062755,mutation_6,11,46.0,70
arm1,redmi9t,20260815-062755,mutation_6,12,41.7,69
arm1,redmi9t,20260815-062755,mutation_6,13,40.5,60
arm1,redmi9t,20260815-062755,mutation_6,14,44.5,80
arm1,redmi9t,20260815-062755,mutation_6,2,41.7,65
arm1,redmi9t,20260815-062755,mutation_6,3,42.9,79
arm1,redmi9t,20260815-062755,mutation_6,4,41.4,70
arm1,redmi9t,20260815-062755,mutation_6,5,41.4,70
arm1,redmi9t,20260815-062755,mutation_6,6,41.1,80
arm1,redmi9t,20260815-062755,mutation_6,7,47.6,60
arm1,redmi9t,20260815-062755,mutation_6,8,46.7,68
arm1,redmi9t,20260815-062755,mutation_6,9,41.7,62
arm1,redmi9t,20260815-062755,mutation_7,0,47.0,79
arm1,redmi9t,20260815-062755,mutation_7,1,42.6,61
arm1,redmi9t,20260815-062755,mutation_7,10,42.0,75
arm1,redmi9t,20260815-062755,mutation_7,11,42.3,71
arm1,redmi9t,20260815-062755,mutation_7,12,44.5,74
arm1,redmi9t,20260815-062755,mutation_7,13,41.4,64
arm1,redmi9t,20260815-062755,mutation_7,14,41.1,74
arm1,redmi9t,20260815-062755,mutation_7,2,41.4,77
arm1,redmi9t,20260815-062755,mutation_7,3,43.2,78
arm1,redmi9t,20260815-062755,mutation_7,4,49.7,79
arm1,redmi9t,20260815-062755,mutation_7,5,41.4,73
arm1,redmi9t,20260815-062755,mutation_7,6,45.1,76
arm1,redmi9t,20260815-062755,mutation_7,7,41.7,61
arm1,redmi9t,20260815-062755,mutation_7,8,40.5,72
arm1,redmi9t,20260815-062755,mutation_7,9,40.8,68
arm1,redmi9t,20260815-062755,mutation_8,0,40.5,67
arm1,redmi9t,20260815-062755,mutation_8,1,41.4,62
arm1,redmi9t,20260815-062755,mutation_8,10,43.2,59
arm1,redmi9t,20260815-062755,mutation_8,11,43.2,80
arm1,redmi9t,20260815-062755,mutation_8,12,42.0,65
arm1,redmi9t,20260815-062755,mutation_8,13,43.2,80
arm1,redmi9t,20260815-062755,mutation_8,14,41.7,59
arm1,redmi9t,20260815-062755,mutation_8,2,42.0,63
arm1,redmi9t,20260815-062755,mutation_8,3,39.8,57
arm1,redmi9t,20260815-062755,mutation_8,4,48.2,71
arm1,redmi9t,20260815-062755,mutation_8,5,41.1,61
arm1,redmi9t,20260815-062755,mutation_8,6,41.1,59
arm1,redmi9t,20260815-062755,mutation_8,7,41.7,69
arm1,redmi9t,20260815-062755,mutation_8,8,42.6,80
arm1,redmi9t,20260815-062755,mutation_8,9,42.3,59
arm1,redmi9t,20260815-132421,base,0,50.1,61
arm1,redmi9t,20260815-132421,base,1,46.3,73
arm1,redmi9t,20260815-132421,base,10,46.0,65
arm1,redmi9t,20260815-132421,base,11,46.0,56
arm1,redmi9t,20260815-132421,base,12,47.6,63
arm1,redmi9t,20260815-132421,base,13,47.6,55
arm1,redmi9t,20260815-132421,base,14,45.7,53
arm1,redmi9t,20260815-132421,base,2,45.1,66
arm1,redmi9t,20260815-132421,base,3,44.8,54
arm1,redmi9t,20260815-132421,base,4,46.7,57
arm1,redmi9t,20260815-132421,base,5,46.3,64
arm1,redmi9t,20260815-132421,base,6,50.4,68
arm1,redmi9t,20260815-132421,base,7,43.6,73
arm1,redmi9t,20260815-132421,base,8,49.1,74
arm1,redmi9t,20260815-132421,base,9,51.0,80
arm1,redmi9t,20260815-132421,mutation_1,0,45.4,64
arm1,redmi9t,20260815-132421,mutation_1,1,49.7,75
arm1,redmi9t,20260815-132421,mutation_1,10,44.2,59
arm1,redmi9t,20260815-132421,mutation_1,11,43.9,73
arm1,redmi9t,20260815-132421,mutation_1,12,49.1,57
arm1,redmi9t,20260815-132421,mutation_1,13,45.7,54
arm1,redmi9t,20260815-132421,mutation_1,14,46.7,57
arm1,redmi9t,20260815-132421,mutation_1,2,45.1,55
arm1,redmi9t,20260815-132421,mutation_1,3,45.7,67
arm1,redmi9t,20260815-132421,mutation_1,4,48.5,62
arm1,redmi9t,20260815-132421,mutation_1,5,43.6,61
arm1,redmi9t,20260815-132421,mutation_1,6,47.9,72
arm1,redmi9t,20260815-132421,mutation_1,7,45.4,70
arm1,redmi9t,20260815-132421,mutation_1,8,45.1,69
arm1,redmi9t,20260815-132421,mutation_1,9,47.6,68
arm1,redmi9t,20260815-132421,mutation_3,0,49.7,78
arm1,redmi9t,20260815-132421,mutation_3,1,47.6,54
arm1,redmi9t,20260815-132421,mutation_3,10,45.1,69
arm1,redmi9t,20260815-132421,mutation_3,11,45.7,72
arm1,redmi9t,20260815-132421,mutation_3,12,47.3,66
arm1,redmi9t,20260815-132421,mutation_3,13,45.1,62
arm1,redmi9t,20260815-132421,mutation_3,14,47.3,64
arm1,redmi9t,20260815-132421,mutation_3,2,50.4,76
arm1,redmi9t,20260815-132421,mutation_3,3,45.7,64
arm1,redmi9t,20260815-132421,mutation_3,4,43.9,71
arm1,redmi9t,20260815-132421,mutation_3,5,53.8,54
arm1,redmi9t,20260815-132421,mutation_3,6,45.4,66
arm1,redmi9t,20260815-132421,mutation_3,7,45.4,65
arm1,redmi9t,20260815-132421,mutation_3,8,45.4,70
arm1,redmi9t,20260815-132421,mutation_3,9,48.5,71
arm1,redmi9t,20260815-132421,mutation_4,0,45.1,63
arm1,redmi9t,20260815-132421,mutation_4,1,45.7,65
arm1,redmi9t,20260815-132421,mutation_4,10,45.1,70
arm1,redmi9t,20260815-132421,mutation_4,11,46.3,68
arm1,redmi9t,20260815-132421,mutation_4,12,47.3,60
arm1,redmi9t,20260815-132421,mutation_4,13,44.5,64
arm1,redmi9t,20260815-132421,mutation_4,14,45.7,70
arm1,redmi9t,20260815-132421,mutation_4,2,49.7,76
arm1,redmi9t,20260815-132421,mutation_4,3,48.8,63
arm1,redmi9t,20260815-132421,mutation_4,4,45.1,67
arm1,redmi9t,20260815-132421,mutation_4,5,44.8,72
arm1,redmi9t,20260815-132421,mutation_4,6,43.9,74
arm1,redmi9t,20260815-132421,mutation_4,7,44.8,72
arm1,redmi9t,20260815-132421,mutation_4,8,45.7,60
arm1,redmi9t,20260815-132421,mutation_4,9,48.2,56
arm1,redmi9t,20260815-132421,mutation_5,0,46.0,71
arm1,redmi9t,20260815-132421,mutation_5,1,44.8,74
arm1,redmi9t,20260815-132421,mutation_5,10,42.9,73
arm1,redmi9t,20260815-132421,mutation_5,11,45.1,58
arm1,redmi9t,20260815-132421,mutation_5,12,45.7,66
arm1,redmi9t,20260815-132421,mutation_5,13,44.2,66
arm1,redmi9t,20260815-132421,mutation_5,14,51.9,65
arm1,redmi9t,20260815-132421,mutation_5,2,44.2,75
arm1,redmi9t,20260815-132421,mutation_5,3,49.1,69
arm1,redmi9t,20260815-132421,mutation_5,4,51.3,58
arm1,redmi9t,20260815-132421,mutation_5,5,50.1,69
arm1,redmi9t,20260815-132421,mutation_5,6,49.4,71
arm1,redmi9t,20260815-132421,mutation_5,7,43.9,71
arm1,redmi9t,20260815-132421,mutation_5,8,43.9,74
arm1,redmi9t,20260815-132421,mutation_5,9,46.3,56
arm1,redmi9t,20260815-132421,mutation_6,0,47.3,56
arm1,redmi9t,20260815-132421,mutation_6,1,45.4,70
arm1,redmi9t,20260815-132421,mutation_6,10,47.6,62
arm1,redmi9t,20260815-132421,mutation_6,11,45.4,55
arm1,redmi9t,20260815-132421,mutation_6,12,47.9,77
arm1,redmi9t,20260815-132421,mutation_6,13,47.6,76
arm1,redmi9t,20260815-132421,mutation_6,14,49.7,59
arm1,redmi9t,20260815-132421,mutation_6,2,49.4,58
arm1,redmi9t,20260815-132421,mutation_6,3,43.9,73
arm1,redmi9t,20260815-132421,mutation_6,4,52.5,76
arm1,redmi9t,20260815-132421,mutation_6,5,44.5,72
arm1,redmi9t,20260815-132421,mutation_6,6,45.1,53
arm1,redmi9t,20260815-132421,mutation_6,7,44.5,75
arm1,redmi9t,20260815-132421,mutation_6,8,44.8,59
arm1,redmi9t,20260815-132421,mutation_6,9,51.9,79
arm1,redmi9t,20260815-132421,mutation_7,0,42.6,67
arm1,redmi9t,20260815-132421,mutation_7,1,44.5,59
arm1,redmi9t,20260815-132421,mutation_7,10,51.3,62
arm1,redmi9t,20260815-132421,mutation_7,11,47.3,63
arm1,redmi9t,20260815-132421,mutation_7,12,46.7,58
arm1,redmi9t,20260815-132421,mutation_7,13,44.5,66
arm1,redmi9t,20260815-132421,mutation_7,14,46.3,61
arm1,redmi9t,20260815-132421,mutation_7,2,44.2,78
arm1,redmi9t,20260815-132421,mutation_7,3,47.0,77
arm1,redmi9t,20260815-132421,mutation_7,4,45.4,54
arm1,redmi9t,20260815-132421,mutation_7,5,51.6,79
arm1,redmi9t,20260815-132421,mutation_7,6,46.7,77
arm1,redmi9t,20260815-132421,mutation_7,7,43.2,75
arm1,redmi9t,20260815-132421,mutation_7,8,43.6,74
arm1,redmi9t,20260815-132421,mutation_7,9,48.8,68
arm1,redmi9t,20260815-132421,mutation_8,0,45.4,60
arm1,redmi9t,20260815-132421,mutation_8,1,45.7,57
arm1,redmi9t,20260815-132421,mutation_8,10,49.1,61
arm1,redmi9t,20260815-132421,mutation_8,11,52.8,55
arm1,redmi9t,20260815-132421,mutation_8,12,49.7,57
arm1,redmi9t,20260815-132421,mutation_8,13,45.1,67
arm1,redmi9t,20260815-132421,mutation_8,14,45.4,62
arm1,redmi9t,20260815-132421,mutation_8,2,51.3,59
arm1,redmi9t,20260815-132421,mutation_8,3,44.5,74
arm1,redmi9t,20260815-132421,mutation_8,4,47.0,77
arm1,redmi9t,20260815-132421,mutation_8,5,45.1,63
arm1,redmi9t,20260815-132421,mutation_8,6,53.5,55
arm1,redmi9t,20260815-132421,mutation_8,7,46.0,68
arm1,redmi9t,20260815-132421,mutation_8,8,44.8,60
arm1,redmi9t,20260815-132421,mutation_8,9,52.2,79
arm1,redmi9t,20260816-021744,base,0,39.5,51
arm1,redmi9t,20260816-021744,base,1,40.8,71
arm1,redmi9t,20260816-021744,base,10,40.2,56
arm1,redmi9t,20260816-021744,base,11,38.9,48
arm1,redmi9t,20260816-021744,base,12,40.5,54
arm1,redmi9t,20260816-021744,base,13,39.8,54
arm1,redmi9t,20260816-021744,base,14,44.8,64
arm1,redmi9t,20260816-021744,base,2,40.5,65
arm1,redmi9t,20260816-021744,base,3,39.2,48
arm1,redmi9t,20260816-021744,base,4,38.6,48
arm1,redmi9t,20260816-021744,base,5,42.0,55
arm1,redmi9t,20260816-021744,base,6,45.4,46
arm1,redmi9t,20260816-021744,base,7,41.7,68
arm1,redmi9t,20260816-021744,base,8,40.2,58
arm1,redmi9t,20260816-021744,base,9,45.7,72
arm1,redmi9t,20260816-021744,mutation_1,0,40.8,56
arm1,redmi9t,20260816-021744,mutation_1,1,39.8,72
arm1,redmi9t,20260816-021744,mutation_1,10,46.0,49
arm1,redmi9t,20260816-021744,mutation_1,11,40.2,47
arm1,redmi9t,20260816-021744,mutation_1,12,38.3,48
arm1,redmi9t,20260816-021744,mutation_1,13,38.3,46
arm1,redmi9t,20260816-021744,mutation_1,14,45.1,48
arm1,redmi9t,20260816-021744,mutation_1,2,41.1,61
arm1,redmi9t,20260816-021744,mutation_1,3,40.8,69
arm1,redmi9t,20260816-021744,mutation_1,4,39.2,53
arm1,redmi9t,20260816-021744,mutation_1,5,39.5,52
arm1,redmi9t,20260816-021744,mutation_1,6,43.6,69
arm1,redmi9t,20260816-021744,mutation_1,7,45.1,47
arm1,redmi9t,20260816-021744,mutation_1,8,44.5,73
arm1,redmi9t,20260816-021744,mutation_1,9,38.9,57
arm1,redmi9t,20260816-021744,mutation_2,0,42.0,67
arm1,redmi9t,20260816-021744,mutation_2,1,39.5,69
arm1,redmi9t,20260816-021744,mutation_2,10,40.8,62
arm1,redmi9t,20260816-021744,mutation_2,11,41.1,62
arm1,redmi9t,20260816-021744,mutation_2,12,39.8,61
arm1,redmi9t,20260816-021744,mutation_2,13,40.5,52
arm1,redmi9t,20260816-021744,mutation_2,14,39.2,55
arm1,redmi9t,20260816-021744,mutation_2,2,40.2,67
arm1,redmi9t,20260816-021744,mutation_2,3,46.7,55
arm1,redmi9t,20260816-021744,mutation_2,4,40.5,63
arm1,redmi9t,20260816-021744,mutation_2,5,39.8,47
arm1,redmi9t,20260816-021744,mutation_2,6,39.8,68
arm1,redmi9t,20260816-021744,mutation_2,7,39.8,57
arm1,redmi9t,20260816-021744,mutation_2,8,40.8,62
arm1,redmi9t,20260816-021744,mutation_2,9,40.2,67
arm1,redmi9t,20260816-021744,mutation_3,0,39.5,54
arm1,redmi9t,20260816-021744,mutation_3,1,40.8,57
arm1,redmi9t,20260816-021744,mutation_3,10,40.5,66
arm1,redmi9t,20260816-021744,mutation_3,11,39.8,65
arm1,redmi9t,20260816-021744,mutation_3,12,43.2,46
arm1,redmi9t,20260816-021744,mutation_3,13,40.8,56
arm1,redmi9t,20260816-021744,mutation_3,14,40.8,64
arm1,redmi9t,20260816-021744,mutation_3,2,41.4,60
arm1,redmi9t,20260816-021744,mutation_3,3,40.2,54
arm1,redmi9t,20260816-021744,mutation_3,4,40.8,67
arm1,redmi9t,20260816-021744,mutation_3,5,41.1,69
arm1,redmi9t,20260816-021744,mutation_3,6,40.8,68
arm1,redmi9t,20260816-021744,mutation_3,7,40.5,63
arm1,redmi9t,20260816-021744,mutation_3,8,39.2,50
arm1,redmi9t,20260816-021744,mutation_3,9,38.0,47
arm1,redmi9t,20260816-021744,mutation_4,0,41.1,65
arm1,redmi9t,20260816-021744,mutation_4,1,39.5,66
arm1,redmi9t,20260816-021744,mutation_4,10,42.6,46
arm1,redmi9t,20260816-021744,mutation_4,11,38.0,49
arm1,redmi9t,20260816-021744,mutation_4,12,41.7,66
arm1,redmi9t,20260816-021744,mutation_4,13,40.8,57
arm1,redmi9t,20260816-021744,mutation_4,14,39.5,72
arm1,redmi9t,20260816-021744,mutation_4,2,46.3,46
arm1,redmi9t,20260816-021744,mutation_4,3,39.5,73
arm1,redmi9t,20260816-021744,mutation_4,4,42.6,48
arm1,redmi9t,20260816-021744,mutation_4,5,45.4,63
arm1,redmi9t,20260816-021744,mutation_4,6,39.8,70
arm1,redmi9t,20260816-021744,mutation_4,7,39.8,64
arm1,redmi9t,20260816-021744,mutation_4,8,44.5,56
arm1,redmi9t,20260816-021744,mutation_4,9,38.9,50
arm1,redmi9t,20260816-021744,mutation_5,0,38.0,47
arm1,redmi9t,20260816-021744,mutation_5,1,39.2,64
arm1,redmi9t,20260816-021744,mutation_5,10,46.7,59
arm1,redmi9t,20260816-021744,mutation_5,11,39.8,58
arm1,redmi9t,20260816-021744,mutation_5,12,39.8,67
arm1,redmi9t,20260816-021744,mutation_5,13,39.2,59
arm1,redmi9t,20260816-021744,mutation_5,14,38.6,50
arm1,redmi9t,20260816-021744,mutation_5,2,39.2,49
arm1,redmi9t,20260816-021744,mutation_5,3,43.9,60
arm1,redmi9t,20260816-021744,mutation_5,4,46.3,58
arm1,redmi9t,20260816-021744,mutation_5,5,40.5,63
arm1,redmi9t,20260816-021744,mutation_5,6,39.2,58
arm1,redmi9t,20260816-021744,mutation_5,7,42.3,59
arm1,redmi9t,20260816-021744,mutation_5,8,38.0,50
arm1,redmi9t,20260816-021744,mutation_5,9,40.5,71
arm1,redmi9t,20260816-021744,mutation_6,0,48.5,66
arm1,redmi9t,20260816-021744,mutation_6,1,40.2,50
arm1,redmi9t,20260816-021744,mutation_6,10,40.8,70
arm1,redmi9t,20260816-021744,mutation_6,11,42.3,61
arm1,redmi9t,20260816-021744,mutation_6,12,41.4,60
arm1,redmi9t,20260816-021744,mutation_6,13,38.3,51
arm1,redmi9t,20260816-021744,mutation_6,14,44.8,71
arm1,redmi9t,20260816-021744,mutation_6,2,39.5,56
arm1,redmi9t,20260816-021744,mutation_6,3,40.2,70
arm1,redmi9t,20260816-021744,mutation_6,4,41.4,61
arm1,redmi9t,20260816-021744,mutation_6,5,46.0,61
arm1,redmi9t,20260816-021744,mutation_6,6,39.5,71
arm1,redmi9t,20260816-021744,mutation_6,7,38.6,52
arm1,redmi9t,20260816-021744,mutation_6,8,46.3,59
arm1,redmi9t,20260816-021744,mutation_6,9,39.8,53
arm1,redmi9t,20260816-021744,mutation_7,0,46.0,70
arm1,redmi9t,20260816-021744,mutation_7,1,40.2,52
arm1,redmi9t,20260816-021744,mutation_7,10,42.0,66
arm1,redmi9t,20260816-021744,mutation_7,11,41.1,62
arm1,redmi9t,20260816-021744,mutation_7,12,39.8,65
arm1,redmi9t,20260816-021744,mutation_7,13,40.8,55
arm1,redmi9t,20260816-021744,mutation_7,14,42.0,65
arm1,redmi9t,20260816-021744,mutation_7,2,40.8,68
arm1,redmi9t,20260816-021744,mutation_7,3,46.7,69
arm1,redmi9t,20260816-021744,mutation_7,4,41.7,70
arm1,redmi9t,20260816-021744,mutation_7,5,41.1,64
arm1,redmi9t,20260816-021744,mutation_7,6,40.2,67
arm1,redmi9t,20260816-021744,mutation_7,7,38.3,52
arm1,redmi9t,20260816-021744,mutation_7,8,41.1,63
arm1,redmi9t,20260816-021744,mutation_7,9,42.0,59
arm1,redmi9t,20260816-021744,mutation_8,0,38.9,58
arm1,redmi9t,20260816-021744,mutation_8,1,39.2,53
arm1,redmi9t,20260816-021744,mutation_8,10,40.2,51
arm1,redmi9t,20260816-021744,mutation_8,11,44.5,71
arm1,redmi9t,20260816-021744,mutation_8,12,43.2,57
arm1,redmi9t,20260816-021744,mutation_8,13,39.5,72
arm1,redmi9t,20260816-021744,mutation_8,14,39.5,50
arm1,redmi9t,20260816-021744,mutation_8,2,41.4,54
arm1,redmi9t,20260816-021744,mutation_8,3,38.3,49
arm1,redmi9t,20260816-021744,mutation_8,4,40.5,62
arm1,redmi9t,20260816-021744,mutation_8,5,38.3,52
arm1,redmi9t,20260816-021744,mutation_8,6,41.4,51
arm1,redmi9t,20260816-021744,mutation_8,7,41.4,60
arm1,redmi9t,20260816-021744,mutation_8,8,47.6,72
arm1,redmi9t,20260816-021744,mutation_8,9,38.9,51
arm2,redmi9t,20260916-070441,rev_002_df5ca135,0,39.2,82
arm2,redmi9t,20260916-070441,rev_002_df5ca135,1,39.2,81
arm2,redmi9t,20260916-070441,rev_002_df5ca135,10,40.5,84
arm2,redmi9t,20260916-070441,rev_002_df5ca135,11,38.6,83
arm2,redmi9t,20260916-070441,rev_002_df5ca135,12,39.5,84
arm2,redmi9t,20260916-070441,rev_002_df5ca135,13,38.3,83
arm2,redmi9t,20260916-070441,rev_002_df5ca135,14,38.3,81
arm2,redmi9t,20260916-070441,rev_002_df5ca135,2,40.5,82
arm2,redmi9t,20260916-070441,rev_002_df5ca135,3,40.2,84
arm2,redmi9t,20260916-070441,rev_002_df5ca135,4,38.6,84
arm2,redmi9t,20260916-070441,rev_002_df5ca135,5,40.8,81
arm2,redmi9t,20260916-070441,rev_002_df5ca135,6,38.3,81
arm2,redmi9t,20260916-070441,rev_002_df5ca135,7,40.5,81
arm2,redmi9t,20260916-070441,rev_002_df5ca135,8,38.6,81
arm2,redmi9t,20260916-070441,rev_002_df5ca135,9,39.2,84
arm2,redmi9t,20260916-070441,rev_003_883908ec,0,40.8,81
arm2,redmi9t,20260916-070441,rev_003_883908ec,1,39.2,82
arm2,redmi9t,20260916-070441,rev_003_883908ec,10,38.3,83
arm2,redmi9t,20260916-070441,rev_003_883908ec,11,40.8,83
arm2,redmi9t,20260916-070441,rev_003_883908ec,12,39.5,81
arm2,redmi9t,20260916-070441,rev_003_883908ec,13,38.9,84
arm2,redmi9t,20260916-070441,rev_003_883908ec,14,38.3,83
arm2,redmi9t,20260916-070441,rev_003_883908ec,2,40.2,81
arm2,redmi9t,20260916-070441,rev_003_883908ec,3,42.6,85
arm2,redmi9t,20260916-070441,rev_003_883908ec,4,38.6,82
arm2,redmi9t,20260916-070441,rev_003_883908ec,5,39.5,83
arm2,redmi9t,20260916-070441,rev_003_883908ec,6,43.2,85
arm2,redmi9t,20260916-070441,rev_003_883908ec,7,39.5,82
arm2,redmi9t,20260916-070441,rev_003_883908ec,8,39.8,84
arm2,redmi9t,20260916-070441,rev_003_883908ec,9,38.0,83
arm2,redmi9t,20260916-070441,rev_004_52c491c2,0,42.6,82
arm2,redmi9t,20260916-070441,rev_004_52c491c2,1,39.2,83
arm2,redmi9t,20260916-070441,rev_004_52c491c2,10,39.8,81
arm2,redmi9t,20260916-070441,rev_004_52c491c2,11,38.9,82
arm2,redmi9t,20260916-070441,rev_004_52c491c2,12,39.5,82
arm2,redmi9t,20260916-070441,rev_004_52c491c2,13,39.5,82
arm2,redmi9t,20260916-070441,rev_004_52c491c2,14,38.9,83
arm2,redmi9t,20260916-070441,rev_004_52c491c2,2,39.5,84
arm2,redmi9t,20260916-070441,rev_004_52c491c2,3,39.5,84
arm2,redmi9t,20260916-070441,rev_004_52c491c2,4,39.5,81
arm2,redmi9t,20260916-070441,rev_004_52c491c2,5,39.8,82
arm2,redmi9t,20260916-070441,rev_004_52c491c2,6,40.5,85
arm2,redmi9t,20260916-070441,rev_004_52c491c2,7,38.9,82
arm2,redmi9t,20260916-070441,rev_004_52c491c2,8,38.3,83
arm2,redmi9t,20260916-070441,rev_004_52c491c2,9,39.2,83
arm2,redmi9t,20260916-083304,rev_001_e9b9b621,0,39.2,78
arm2,redmi9t,20260916-083304,rev_001_e9b9b621,1,38.9,74
arm2,redmi9t,20260916-083304,rev_001_e9b9b621,10,40.8,78
arm2,redmi9t,20260916-083304,rev_001_e9b9b621,11,40.5,80
arm2,redmi9t,20260916-083304,rev_001_e9b9b621,12,38.9,77
arm2,redmi9t,20260916-083304,rev_001_e9b9b621,13,39.5,76
arm2,redmi9t,20260916-083304,rev_001_e9b9b621,14,40.8,75
arm2,redmi9t,20260916-083304,rev_001_e9b9b621,2,39.2,76
arm2,redmi9t,20260916-083304,rev_001_e9b9b621,3,39.5,79
arm2,redmi9t,20260916-083304,rev_001_e9b9b621,4,39.8,78
arm2,redmi9t,20260916-083304,rev_001_e9b9b621,5,40.2,75
arm2,redmi9t,20260916-083304,rev_001_e9b9b621,6,39.8,75
arm2,redmi9t,20260916-083304,rev_001_e9b9b621,7,40.2,74
arm2,redmi9t,20260916-083304,rev_001_e9b9b621,8,41.7,75
arm2,redmi9t,20260916-083304,rev_001_e9b9b621,9,40.2,79
arm2,redmi9t,20260916-083304,rev_002_15933220,0,39.2,75
arm2,redmi9t,20260916-083304,rev_002_15933220,1,39.2,80
arm2,redmi9t,20260916-083304,rev_002_15933220,10,39.8,77
arm2,redmi9t,20260916-083304,rev_002_15933220,11,39.5,77
arm2,redmi9t,20260916-083304,rev_002_15933220,12,40.5,76
arm2,redmi9t,20260916-083304,rev_002_15933220,13,40.5,77
arm2,redmi9t,20260916-083304,rev_002_15933220,14,39.2,78
arm2,redmi9t,20260916-083304,rev_002_15933220,2,39.8,74
arm2,redmi9t,20260916-083304,rev_002_15933220,3,40.2,77
arm2,redmi9t,20260916-083304,rev_002_15933220,4,39.2,79
arm2,redmi9t,20260916-083304,rev_002_15933220,5,39.2,80
arm2,redmi9t,20260916-083304,rev_002_15933220,6,39.5,79
arm2,redmi9t,20260916-083304,rev_002_15933220,7,40.5,78
arm2,redmi9t,20260916-083304,rev_002_15933220,8,40.5,80
arm2,redmi9t,20260916-083304,rev_002_15933220,9,39.8,78
arm2,redmi9t,20260916-083304,rev_004_058037db,0,38.6,79
arm2,redmi9t,20260916-083304,rev_004_058037db,1,39.2,79
arm2,redmi9t,20260916-083304,rev_004_058037db,10,39.5,74
arm2,redmi9t,20260916-083304,rev_004_058037db,11,39.8,78
arm2,redmi9t,20260916-083304,rev_004_058037db,12,40.2,76
arm2,redmi9t,20260916-083304,rev_004_058037db,13,41.4,75
arm2,redmi9t,20260916-083304,rev_004_058037db,14,39.2,78
arm2,redmi9t,20260916-083304,rev_004_058037db,2,39.2,76
arm2,redmi9t,20260916-083304,rev_004_058037db,3,39.5,80
arm2,redmi9t,20260916-083304,rev_004_058037db,4,39.2,75
arm2,redmi9t,20260916-083304,rev_004_058037db,5,40.2,77
arm2,redmi9t,20260916-083304,rev_004_058037db,6,40.8,79
arm2,redmi9t,20260916-083304,rev_004_058037db,7,40.8,76
arm2,redmi9t,20260916-083304,rev_004_058037db,8,37.1,80
arm2,redmi9t,20260916-083304,rev_004_058037db,9,39.5,77
arm2,redmi9t,20260916-083304,rev_005_65801721,0,39.8,79
arm2,redmi9t,20260916-083304,rev_005_65801721,1,40.5,76
arm2,redmi9t,20260916-083304,rev_005_65801721,10,39.5,80
arm2,redmi9t,20260916-083304,rev_005_65801721,11,39.2,75
arm2,redmi9t,20260916-083304,rev_005_65801721,12,40.5,76
arm2,redmi9t,20260916-083304,rev_005_65801721,13,39.2,80
arm2,redmi9t,20260916-083304,rev_005_65801721,14,38.9,78
arm2,redmi9t,20260916-083304,rev_005_65801721,2,40.5,74
arm2,redmi9t,20260916-083304,rev_005_65801721,3,39.8,77
arm2,redmi9t,20260916-083304,rev_005_65801721,4,39.8,79
arm2,redmi9t,20260916-083304,rev_005_65801721,5,38.9,79
arm2,redmi9t,20260916-083304,rev_005_65801721,6,39.5,75
arm2,redmi9t,20260916-083304,rev_005_65801721,7,39.5,77
arm2,redmi9t,20260916-083304,rev_005_65801721,8,40.5,76
arm2,redmi9t,20260916-083304,rev_005_65801721,9,38.9,80
arm2,redmi9t,20260916-103139,rev_002_de871847,0,39.5,71
arm2,redmi9t,20260916-103139,rev_002_de871847,1,39.5,67
arm2,redmi9t,20260916-103139,rev_002_de871847,10,39.8,71
arm2,redmi9t,20260916-103139,rev_002_de871847,11,38.9,74
arm2,redmi9t,20260916-103139,rev_002_de871847,12,39.8,70
arm2,redmi9t,20260916-103139,rev_002_de871847,13,38.9,69
arm2,redmi9t,20260916-103139,rev_002_de871847,14,38.9,68
arm2,redmi9t,20260916-103139,rev_002_de871847,2,40.2,69
arm2,redmi9t,20260916-103139,rev_002_de871847,3,39.2,72
arm2,redmi9t,20260916-103139,rev_002_de871847,4,41.1,72
arm2,redmi9t,20260916-103139,rev_002_de871847,5,39.8,68
arm2,redmi9t,20260916-103139,rev_002_de871847,6,39.8,68
arm2,redmi9t,20260916-103139,rev_002_de871847,7,38.6,67
arm2,redmi9t,20260916-103139,rev_002_de871847,8,40.5,68
arm2,redmi9t,20260916-103139,rev_002_de871847,9,40.5,73
arm2,redmi9t,20260916-103139,rev_005_54e60730,0,40.8,67
arm2,redmi9t,20260916-103139,rev_005_54e60730,1,40.2,73
arm2,redmi9t,20260916-103139,rev_005_54e60730,10,39.5,71
arm2,redmi9t,20260916-103139,rev_005_54e60730,11,39.2,70
arm2,redmi9t,20260916-103139,rev_005_54e60730,12,41.1,69
arm2,redmi9t,20260916-103139,rev_005_54e60730,13,39.2,70
arm2,redmi9t,20260916-103139,rev_005_54e60730,14,39.5,72
arm2,redmi9t,20260916-103139,rev_005_54e60730,2,37.7,67
arm2,redmi9t,20260916-103139,rev_005_54e60730,3,39.2,70
arm2,redmi9t,20260916-103139,rev_005_54e60730,4,40.5,73
arm2,redmi9t,20260916-103139,rev_005_54e60730,5,39.8,73
arm2,redmi9t,20260916-103139,rev_005_54e60730,6,40.2,72
arm2,redmi9t,20260916-103139,rev_005_54e60730,7,40.2,71
arm2,redmi9t,20260916-103139,rev_005_54e60730,8,38.9,74
arm2,redmi9t,20260916-103139,rev_005_54e60730,9,39.2,71
arm2,redmi9t,20260916-103139,rev_006_7781acc1,0,39.5,72
arm2,redmi9t,20260916-103139,rev_006_7781acc1,1,40.5,72
arm2,redmi9t,20260916-103139,rev_006_7781acc1,10,39.8,67
arm2,redmi9t,20260916-103139,rev_006_7781acc1,11,39.5,71
arm2,redmi9t,20260916-103139,rev_006_7781acc1,12,40.5,69
arm2,redmi9t,20260916-103139,rev_006_7781acc1,13,39.8,68
arm2,redmi9t,20260916-103139,rev_006_7781acc1,14,39.8,71
arm2,redmi9t,20260916-103139,rev_006_7781acc1,2,39.2,69
arm2,redmi9t,20260916-103139,rev_006_7781acc1,3,38.9,73
arm2,redmi9t,20260916-103139,rev_006_7781acc1,4,39.5,68
arm2,redmi9t,20260916-103139,rev_006_7781acc1,5,40.5,70
arm2,redmi9t,20260916-103139,rev_006_7781acc1,6,40.8,73
arm2,redmi9t,20260916-103139,rev_006_7781acc1,7,39.8,68
arm2,redmi9t,20260916-103139,rev_006_7781acc1,8,37.7,74
arm2,redmi9t,20260916-103139,rev_006_7781acc1,9,39.5,70
arm2,redmi9t,20260916-103139,rev_007_e854d9d7,0,40.2,72
arm2,redmi9t,20260916-103139,rev_007_e854d9d7,1,40.5,69
arm2,redmi9t,20260916-103139,rev_007_e854d9d7,10,40.5,73
arm2,redmi9t,20260916-103139,rev_007_e854d9d7,11,39.5,68
arm2,redmi9t,20260916-103139,rev_007_e854d9d7,12,40.2,69
arm2,redmi9t,20260916-103139,rev_007_e854d9d7,13,40.8,73
arm2,redmi9t,20260916-103139,rev_007_e854d9d7,14,40.2,71
arm2,redmi9t,20260916-103139,rev_007_e854d9d7,2,38.9,67
arm2,redmi9t,20260916-103139,rev_007_e854d9d7,3,40.2,70
arm2,redmi9t,20260916-103139,rev_007_e854d9d7,4,39.8,72
arm2,redmi9t,20260916-103139,rev_007_e854d9d7,5,42.0,72
arm2,redmi9t,20260916-103139,rev_007_e854d9d7,6,40.5,68
arm2,redmi9t,20260916-103139,rev_007_e854d9d7,7,39.8,70
arm2,redmi9t,20260916-103139,rev_007_e854d9d7,8,39.8,69
arm2,redmi9t,20260916-103139,rev_007_e854d9d7,9,39.5,74
arm2,redmi9t,20260916-123645,rev_001_ff230faf,0,40.2,58
arm2,redmi9t,20260916-123645,rev_001_ff230faf,1,39.2,66
arm2,redmi9t,20260916-123645,rev_001_ff230faf,10,39.2,66
arm2,redmi9t,20260916-123645,rev_001_ff230faf,11,39.2,55
arm2,redmi9t,20260916-123645,rev_001_ff230faf,12,38.9,62
arm2,redmi9t,20260916-123645,rev_001_ff230faf,13,38.0,55
arm2,redmi9t,20260916-123645,rev_001_ff230faf,14,39.8,54
arm2,redmi9t,20260916-123645,rev_001_ff230faf,2,39.8,60
arm2,redmi9t,20260916-123645,rev_001_ff230faf,3,39.5,54
arm2,redmi9t,20260916-123645,rev_001_ff230faf,4,38.9,56
arm2,redmi9t,20260916-123645,rev_001_ff230faf,5,39.2,59
arm2,redmi9t,20260916-123645,rev_001_ff230faf,6,39.8,59
arm2,redmi9t,20260916-123645,rev_001_ff230faf,7,39.8,61
arm2,redmi9t,20260916-123645,rev_001_ff230faf,8,39.2,63
arm2,redmi9t,20260916-123645,rev_001_ff230faf,9,38.6,59
arm2,redmi9t,20260916-123645,rev_002_76cef4b8,0,39.8,66
arm2,redmi9t,20260916-123645,rev_002_76cef4b8,1,39.5,60
arm2,redmi9t,20260916-123645,rev_002_76cef4b8,10,37.7,57
arm2,redmi9t,20260916-123645,rev_002_76cef4b8,11,39.8,66
arm2,redmi9t,20260916-123645,rev_002_76cef4b8,12,39.5,56
arm2,redmi9t,20260916-123645,rev_002_76cef4b8,13,38.6,55
arm2,redmi9t,20260916-123645,rev_002_76cef4b8,14,39.8,56
arm2,redmi9t,20260916-123645,rev_002_76cef4b8,2,39.2,55
arm2,redmi9t,20260916-123645,rev_002_76cef4b8,3,38.9,61
arm2,redmi9t,20260916-123645,rev_002_76cef4b8,4,39.5,65
arm2,redmi9t,20260916-123645,rev_002_76cef4b8,5,39.2,58
arm2,redmi9t,20260916-123645,rev_002_76cef4b8,6,40.2,58
arm2,redmi9t,20260916-123645,rev_002_76cef4b8,7,40.8,60
arm2,redmi9t,20260916-123645,rev_002_76cef4b8,8,40.2,61
arm2,redmi9t,20260916-123645,rev_002_76cef4b8,9,38.6,59
arm2,redmi9t,20260916-123645,rev_003_759046c6,0,38.9,63
arm2,redmi9t,20260916-123645,rev_003_759046c6,1,38.9,55
arm2,redmi9t,20260916-123645,rev_003_759046c6,10,40.8,65
arm2,redmi9t,20260916-123645,rev_003_759046c6,11,39.2,62
arm2,redmi9t,20260916-123645,rev_003_759046c6,12,40.2,66
arm2,redmi9t,20260916-123645,rev_003_759046c6,13,41.7,63
arm2,redmi9t,20260916-123645,rev_003_759046c6,14,39.2,58
arm2,redmi9t,20260916-123645,rev_003_759046c6,2,38.9,65
arm2,redmi9t,20260916-123645,rev_003_759046c6,3,38.9,63
arm2,redmi9t,20260916-123645,rev_003_759046c6,4,39.2,61
arm2,redmi9t,20260916-123645,rev_003_759046c6,5,38.6,54
arm2,redmi9t,20260916-123645,rev_003_759046c6,6,39.8,62
arm2,redmi9t,20260916-123645,rev_003_759046c6,7,39.8,63
arm2,redmi9t,20260916-123645,rev_003_759046c6,8,40.2,60
arm2,redmi9t,20260916-123645,rev_003_759046c6,9,40.2,62
arm2,redmi9t,20260916-123645,rev_004_ac39b5d2,0,40.2,65
arm2,redmi9t,20260916-123645,rev_004_ac39b5d2,1,41.4,62
arm2,redmi9t,20260916-123645,rev_004_ac39b5d2,10,39.8,64
arm2,redmi9t,20260916-123645,rev_004_ac39b5d2,11,39.8,64
arm2,redmi9t,20260916-123645,rev_004_ac39b5d2,12,39.2,57
arm2,redmi9t,20260916-123645,rev_004_ac39b5d2,13,37.7,66
arm2,redmi9t,20260916-123645,rev_004_ac39b5d2,14,39.2,64
arm2,redmi9t,20260916-123645,rev_004_ac39b5d2,2,39.2,65
arm2,redmi9t,20260916-123645,rev_004_ac39b5d2,3,39.5,59
arm2,redmi9t,20260916-123645,rev_004_ac39b5d2,4,38.6,64
arm2,redmi9t,20260916-123645,rev_004_ac39b5d2,5,39.8,60
arm2,redmi9t,20260916-123645,rev_004_ac39b5d2,6,39.8,64
arm2,redmi9t,20260916-123645,rev_004_ac39b5d2,7,39.8,61
arm2,redmi9t,20260916-123645,rev_004_ac39b5d2,8,39.2,57
arm2,redmi9t,20260916-123645,rev_004_ac39b5d2,9,38.0,56
arm2,redmi9t,20260916-123645,rev_005_18c0a1e4,0,39.8,59
arm2,redmi9t,20260916-123645,rev_005_18c0a1e4,1,39.2,62
arm2,redmi9t,20260916-123645,rev_005_18c0a1e4,10,40.2,64
arm2,redmi9t,20260916-123645,rev_005_18c0a1e4,11,39.8,63
arm2,redmi9t,20260916-123645,rev_005_18c0a1e4,12,39.8,66
arm2,redmi9t,20260916-123645,rev_005_18c0a1e4,13,38.9,60
arm2,redmi9t,20260916-123645,rev_005_18c0a1e4,14,39.5,58
arm2,redmi9t,20260916-123645,rev_005_18c0a1e4,2,39.5,64
arm2,redmi9t,20260916-123645,rev_005_18c0a1e4,3,41.4,63
arm2,redmi9t,20260916-123645,rev_005_18c0a1e4,4,38.9,56
arm2,redmi9t,20260916-123645,rev_005_18c0a1e4,5,38.3,61
arm2,redmi9t,20260916-123645,rev_005_18c0a1e4,6,39.5,66
arm2,redmi9t,20260916-123645,rev_005_18c0a1e4,7,39.5,65
arm2,redmi9t,20260916-123645,rev_005_18c0a1e4,8,39.2,61
arm2,redmi9t,20260916-123645,rev_005_18c0a1e4,9,39.5,55
arm2,redmi9t,20260916-123645,rev_006_972e1f89,0,38.0,55
arm2,redmi9t,20260916-123645,rev_006_972e1f89,1,39.2,57
arm2,redmi9t,20260916-123645,rev_006_972e1f89,10,39.8,64
arm2,redmi9t,20260916-123645,rev_006_972e1f89,11,38.6,57
arm2,redmi9t,20260916-123645,rev_006_972e1f89,12,39.2,56
arm2,redmi9t,20260916-123645,rev_006_972e1f89,13,39.5,62
arm2,redmi9t,20260916-123645,rev_006_972e1f89,14,38.3,57
arm2,redmi9t,20260916-123645,rev_006_972e1f89,2,38.9,62
arm2,redmi9t,20260916-123645,rev_006_972e1f89,3,39.2,60
arm2,redmi9t,20260916-123645,rev_006_972e1f89,4,40.2,63
arm2,redmi9t,20260916-123645,rev_006_972e1f89,5,38.9,56
arm2,redmi9t,20260916-123645,rev_006_972e1f89,6,38.6,54
arm2,redmi9t,20260916-123645,rev_006_972e1f89,7,39.2,59
arm2,redmi9t,20260916-123645,rev_006_972e1f89,8,39.2,58
arm2,redmi9t,20260916-123645,rev_006_972e1f89,9,40.8,57
arm2,redmi9t,20260909-162112,rev_002_ae402f3c,0,46.0,68
arm2,redmi9t,20260909-162112,rev_002_ae402f3c,1,44.2,64
arm2,redmi9t,20260909-162112,rev_002_ae402f3c,10,43.9,73
arm2,redmi9t,20260909-162112,rev_002_ae402f3c,11,43.6,70
arm2,redmi9t,20260909-162112,rev_002_ae402f3c,12,47.3,71
arm2,redmi9t,20260909-162112,rev_002_ae402f3c,13,44.2,69
arm2,redmi9t,20260909-162112,rev_002_ae402f3c,14,48.2,65
arm2,redmi9t,20260909-162112,rev_002_ae402f3c,2,44.2,66
arm2,redmi9t,20260909-162112,rev_002_ae402f3c,3,44.2,71
arm2,redmi9t,20260909-162112,rev_002_ae402f3c,4,43.6,71
arm2,redmi9t,20260909-162112,rev_002_ae402f3c,5,44.2,66
arm2,redmi9t,20260909-162112,rev_002_ae402f3c,6,44.8,65
arm2,redmi9t,20260909-162112,rev_002_ae402f3c,7,43.9,64
arm2,redmi9t,20260909-162112,rev_002_ae402f3c,8,45.4,65
arm2,redmi9t,20260909-162112,rev_002_ae402f3c,9,43.6,72
arm2,redmi9t,20260909-162112,rev_003_2b387dd1,0,49.4,64
arm2,redmi9t,20260909-162112,rev_003_2b387dd1,1,43.9,67
arm2,redmi9t,20260909-162112,rev_003_2b387dd1,10,43.6,69
arm2,redmi9t,20260909-162112,rev_003_2b387dd1,11,47.3,70
arm2,redmi9t,20260909-162112,rev_003_2b387dd1,12,43.6,66
arm2,redmi9t,20260909-162112,rev_003_2b387dd1,13,43.6,72
arm2,redmi9t,20260909-162112,rev_003_2b387dd1,14,43.9,69
arm2,redmi9t,20260909-162112,rev_003_2b387dd1,2,45.1,64
arm2,redmi9t,20260909-162112,rev_003_2b387dd1,3,43.2,73
arm2,redmi9t,20260909-162112,rev_003_2b387dd1,4,48.8,67
arm2,redmi9t,20260909-162112,rev_003_2b387dd1,5,43.6,68
arm2,redmi9t,20260909-162112,rev_003_2b387dd1,6,46.7,73
arm2,redmi9t,20260909-162112,rev_003_2b387dd1,7,46.0,68
arm2,redmi9t,20260909-162112,rev_003_2b387dd1,8,43.6,72
arm2,redmi9t,20260909-162112,rev_003_2b387dd1,9,44.5,70
arm2,redmi9t,20260909-162112,rev_004_ebecf1c9,0,44.2,68
arm2,redmi9t,20260909-162112,rev_004_ebecf1c9,1,44.8,70
arm2,redmi9t,20260909-162112,rev_004_ebecf1c9,10,43.9,64
arm2,redmi9t,20260909-162112,rev_004_ebecf1c9,11,45.1,68
arm2,redmi9t,20260909-162112,rev_004_ebecf1c9,12,44.8,66
arm2,redmi9t,20260909-162112,rev_004_ebecf1c9,13,43.2,67
arm2,redmi9t,20260909-162112,rev_004_ebecf1c9,14,44.2,71
arm2,redmi9t,20260909-162112,rev_004_ebecf1c9,2,43.6,72
arm2,redmi9t,20260909-162112,rev_004_ebecf1c9,3,44.8,71
arm2,redmi9t,20260909-162112,rev_004_ebecf1c9,4,43.6,65
arm2,redmi9t,20260909-162112,rev_004_ebecf1c9,5,43.9,66
arm2,redmi9t,20260909-162112,rev_004_ebecf1c9,6,43.9,73
arm2,redmi9t,20260909-162112,rev_004_ebecf1c9,7,43.6,67
arm2,redmi9t,20260909-162112,rev_004_ebecf1c9,8,46.7,69
arm2,redmi9t,20260909-162112,rev_004_ebecf1c9,9,43.9,69
arm2,redmi9t,20260916-154015,rev_001_ac39b5d2,0,39.8,50
arm2,redmi9t,20260916-154015,rev_001_ac39b5d2,1,39.5,46
arm2,redmi9t,20260916-154015,rev_001_ac39b5d2,10,40.2,51
arm2,redmi9t,20260916-154015,rev_001_ac39b5d2,11,40.8,53
arm2,redmi9t,20260916-154015,rev_001_ac39b5d2,12,38.9,49
arm2,redmi9t,20260916-154015,rev_001_ac39b5d2,13,40.2,48
arm2,redmi9t,20260916-154015,rev_001_ac39b5d2,14,39.5,46
arm2,redmi9t,20260916-154015,rev_001_ac39b5d2,2,38.9,48
arm2,redmi9t,20260916-154015,rev_001_ac39b5d2,3,39.8,51
arm2,redmi9t,20260916-154015,rev_001_ac39b5d2,4,38.3,51
arm2,redmi9t,20260916-154015,rev_001_ac39b5d2,5,38.9,48
arm2,redmi9t,20260916-154015,rev_001_ac39b5d2,6,39.2,47
arm2,redmi9t,20260916-154015,rev_001_ac39b5d2,7,39.8,46
arm2,redmi9t,20260916-154015,rev_001_ac39b5d2,8,39.5,47
arm2,redmi9t,20260916-154015,rev_001_ac39b5d2,9,38.9,52
arm2,redmi9t,20260916-154015,rev_002_ae402f3c,0,38.6,46
arm2,redmi9t,20260916-154015,rev_002_ae402f3c,1,39.5,53
arm2,redmi9t,20260916-154015,rev_002_ae402f3c,10,39.5,50
arm2,redmi9t,20260916-154015,rev_002_ae402f3c,11,38.3,49
arm2,redmi9t,20260916-154015,rev_002_ae402f3c,12,39.2,48
arm2,redmi9t,20260916-154015,rev_002_ae402f3c,13,38.9,49
arm2,redmi9t,20260916-154015,rev_002_ae402f3c,14,38.6,51
arm2,redmi9t,20260916-154015,rev_002_ae402f3c,2,38.6,46
arm2,redmi9t,20260916-154015,rev_002_ae402f3c,3,38.9,50
arm2,redmi9t,20260916-154015,rev_002_ae402f3c,4,39.8,52
arm2,redmi9t,20260916-154015,rev_002_ae402f3c,5,40.2,53
arm2,redmi9t,20260916-154015,rev_002_ae402f3c,6,39.8,51
arm2,redmi9t,20260916-154015,rev_002_ae402f3c,7,38.9,50
arm2,redmi9t,20260916-154015,rev_002_ae402f3c,8,38.6,54
arm2,redmi9t,20260916-154015,rev_002_ae402f3c,9,39.2,50
arm2,redmi9t,20260916-154015,rev_003_2b387dd1,0,38.6,52
arm2,redmi9t,20260916-154015,rev_003_2b387dd1,1,38.6,52
arm2,redmi9t,20260916-154015,rev_003_2b387dd1,10,38.9,46
arm2,redmi9t,20260916-154015,rev_003_2b387dd1,11,39.5,50
arm2,redmi9t,20260916-154015,rev_003_2b387dd1,12,38.9,49
arm2,redmi9t,20260916-154015,rev_003_2b387dd1,13,38.0,47
arm2,redmi9t,20260916-154015,rev_003_2b387dd1,14,39.8,50
arm2,redmi9t,20260916-154015,rev_003_2b387dd1,2,38.6,49
arm2,redmi9t,20260916-154015,rev_003_2b387dd1,3,38.9,53
arm2,redmi9t,20260916-154015,rev_003_2b387dd1,4,38.3,47
arm2,redmi9t,20260916-154015,rev_003_2b387dd1,5,40.2,49
arm2,redmi9t,20260916-154015,rev_003_2b387dd1,6,38.9,52
arm2,redmi9t,20260916-154015,rev_003_2b387dd1,7,38.6,48
arm2,redmi9t,20260916-154015,rev_003_2b387dd1,8,37.0,54
arm2,redmi9t,20260916-154015,rev_003_2b387dd1,9,39.2,49
arm2,redmi9t,20260916-154015,rev_004_ebecf1c9,0,39.8,52
arm2,redmi9t,20260916-154015,rev_004_ebecf1c9,1,38.9,48
arm2,redmi9t,20260916-154015,rev_004_ebecf1c9,10,37.4,53
arm2,redmi9t,20260916-154015,rev_004_ebecf1c9,11,39.2,47
arm2,redmi9t,20260916-154015,rev_004_ebecf1c9,12,38.9,48
arm2,redmi9t,20260916-154015,rev_004_ebecf1c9,13,38.9,53
arm2,redmi9t,20260916-154015,rev_004_ebecf1c9,14,38.9,51
arm2,redmi9t,20260916-154015,rev_004_ebecf1c9,2,39.5,46
arm2,redmi9t,20260916-154015,rev_004_ebecf1c9,3,41.1,49
arm2,redmi9t,20260916-154015,rev_004_ebecf1c9,4,39.5,52
arm2,redmi9t,20260916-154015,rev_004_ebecf1c9,5,39.2,51
arm2,redmi9t,20260916-154015,rev_004_ebecf1c9,6,38.6,47
arm2,redmi9t,20260916-154015,rev_004_ebecf1c9,7,38.9,50
arm2,redmi9t,20260916-154015,rev_004_ebecf1c9,8,39.2,48
arm2,redmi9t,20260916-154015,rev_004_ebecf1c9,9,38.6,54
arm2,redmi9t,20260916-174443,rev_001_f2c4f84f,0,41.4,42
arm2,redmi9t,20260916-174443,rev_001_f2c4f84f,1,37.7,39
arm2,redmi9t,20260916-174443,rev_001_f2c4f84f,10,39.8,45
arm2,redmi9t,20260916-174443,rev_001_f2c4f84f,11,38.3,43
arm2,redmi9t,20260916-174443,rev_001_f2c4f84f,12,44.8,44
arm2,redmi9t,20260916-174443,rev_001_f2c4f84f,13,39.5,43
arm2,redmi9t,20260916-174443,rev_001_f2c4f84f,14,39.2,40
arm2,redmi9t,20260916-174443,rev_001_f2c4f84f,2,38.3,41
arm2,redmi9t,20260916-174443,rev_001_f2c4f84f,3,39.2,44
arm2,redmi9t,20260916-174443,rev_001_f2c4f84f,4,38.3,44
arm2,redmi9t,20260916-174443,rev_001_f2c4f84f,5,39.5,40
arm2,redmi9t,20260916-174443,rev_001_f2c4f84f,6,38.3,40
arm2,redmi9t,20260916-174443,rev_001_f2c4f84f,7,38.6,39
arm2,redmi9t,20260916-174443,rev_001_f2c4f84f,8,39.5,40
arm2,redmi9t,20260916-174443,rev_001_f2c4f84f,9,38.9,45
arm2,redmi9t,20260916-174443,rev_002_7abfca15,0,38.6,40
arm2,redmi9t,20260916-174443,rev_002_7abfca15,1,38.9,41
arm2,redmi9t,20260916-174443,rev_002_7abfca15,10,38.3,42
arm2,redmi9t,20260916-174443,rev_002_7abfca15,11,38.9,43
arm2,redmi9t,20260916-174443,rev_002_7abfca15,12,38.3,40
arm2,redmi9t,20260916-174443,rev_002_7abfca15,13,40.2,45
arm2,redmi9t,20260916-174443,rev_002_7abfca15,14,38.6,43
arm2,redmi9t,20260916-174443,rev_002_7abfca15,2,38.3,39
arm2,redmi9t,20260916-174443,rev_002_7abfca15,3,37.0,46
arm2,redmi9t,20260916-174443,rev_002_7abfca15,4,38.9,41
arm2,redmi9t,20260916-174443,rev_002_7abfca15,5,38.6,42
arm2,redmi9t,20260916-174443,rev_002_7abfca15,6,40.5,45
arm2,redmi9t,20260916-174443,rev_002_7abfca15,7,38.9,42
arm2,redmi9t,20260916-174443,rev_002_7abfca15,8,39.2,45
arm2,redmi9t,20260916-174443,rev_002_7abfca15,9,38.9,44
arm2,redmi9t,20260916-174443,rev_003_f7c129c1,0,38.3,42
arm2,redmi9t,20260916-174443,rev_003_f7c129c1,1,38.9,43
arm2,redmi9t,20260916-174443,rev_003_f7c129c1,10,38.9,39
arm2,redmi9t,20260916-174443,rev_003_f7c129c1,11,39.2,42
arm2,redmi9t,20260916-174443,rev_003_f7c129c1,12,38.9,41
arm2,redmi9t,20260916-174443,rev_003_f7c129c1,13,40.8,41
arm2,redmi9t,20260916-174443,rev_003_f7c129c1,14,39.2,44
arm2,redmi9t,20260916-174443,rev_003_f7c129c1,2,38.0,44
arm2,redmi9t,20260916-174443,rev_003_f7c129c1,3,39.2,44
arm2,redmi9t,20260916-174443,rev_003_f7c129c1,4,39.5,40
arm2,redmi9t,20260916-174443,rev_003_f7c129c1,5,39.5,41
arm2,redmi9t,20260916-174443,rev_003_f7c129c1,6,38.3,45
arm2,redmi9t,20260916-174443,rev_003_f7c129c1,7,38.3,41
arm2,redmi9t,20260916-174443,rev_003_f7c129c1,8,38.6,43
arm2,redmi9t,20260916-174443,rev_003_f7c129c1,9,39.2,43
arm2,redmi9t,20260916-191327,rev_001_a227e88a,0,45.7,85
arm2,redmi9t,20260916-191327,rev_001_a227e88a,1,37.0,82
arm2,redmi9t,20260916-191327,rev_001_a227e88a,10,37.7,38
arm2,redmi9t,20260916-191327,rev_001_a227e88a,11,38.3,36
arm2,redmi9t,20260916-191327,rev_001_a227e88a,12,38.0,37
arm2,redmi9t,20260916-191327,rev_001_a227e88a,13,40.2,35
arm2,redmi9t,20260916-191327,rev_001_a227e88a,14,37.0,82
arm2,redmi9t,20260916-191327,rev_001_a227e88a,2,37.0,83
arm2,redmi9t,20260916-191327,rev_001_a227e88a,3,37.7,37
arm2,redmi9t,20260916-191327,rev_001_a227e88a,4,38.0,37
arm2,redmi9t,20260916-191327,rev_001_a227e88a,5,37.0,83
arm2,redmi9t,20260916-191327,rev_001_a227e88a,6,37.0,83
arm2,redmi9t,20260916-191327,rev_001_a227e88a,7,37.0,82
arm2,redmi9t,20260916-191327,rev_001_a227e88a,8,37.0,82
arm2,redmi9t,20260916-191327,rev_001_a227e88a,9,37.7,38
arm2,redmi9t,20260916-191327,rev_003_d3cbdcbd,0,37.1,82
arm2,redmi9t,20260916-191327,rev_003_d3cbdcbd,1,40.8,85
arm2,redmi9t,20260916-191327,rev_003_d3cbdcbd,10,39.2,35
arm2,redmi9t,20260916-191327,rev_003_d3cbdcbd,11,38.3,36
arm2,redmi9t,20260916-191327,rev_003_d3cbdcbd,12,37.0,83
arm2,redmi9t,20260916-191327,rev_003_d3cbdcbd,13,37.7,37
arm2,redmi9t,20260916-191327,rev_003_d3cbdcbd,14,39.2,35
arm2,redmi9t,20260916-191327,rev_003_d3cbdcbd,2,37.0,82
arm2,redmi9t,20260916-191327,rev_003_d3cbdcbd,3,37.0,39
arm2,redmi9t,20260916-191327,rev_003_d3cbdcbd,4,42.0,85
arm2,redmi9t,20260916-191327,rev_003_d3cbdcbd,5,40.2,35
arm2,redmi9t,20260916-191327,rev_003_d3cbdcbd,6,37.1,39
arm2,redmi9t,20260916-191327,rev_003_d3cbdcbd,7,38.3,35
arm2,redmi9t,20260916-191327,rev_003_d3cbdcbd,8,38.6,38
arm2,redmi9t,20260916-191327,rev_003_d3cbdcbd,9,38.3,36
arm2,redmi9t,20260916-191327,rev_004_f78abd3a,0,39.5,35
arm2,redmi9t,20260916-191327,rev_004_f78abd3a,1,39.2,36
arm2,redmi9t,20260916-191327,rev_004_f78abd3a,10,37.0,82
arm2,redmi9t,20260916-191327,rev_004_f78abd3a,11,46.7,85
arm2,redmi9t,20260916-191327,rev_004_f78abd3a,12,37.0,84
arm2,redmi9t,20260916-191327,rev_004_f78abd3a,13,40.2,84
arm2,redmi9t,20260916-191327,rev_004_f78abd3a,14,38.0,37
arm2,redmi9t,20260916-191327,rev_004_f78abd3a,2,37.4,37
arm2,redmi9t,20260916-191327,rev_004_f78abd3a,3,38.0,37
arm2,redmi9t,20260916-191327,rev_004_f78abd3a,4,37.0,83
arm2,redmi9t,20260916-191327,rev_004_f78abd3a,5,37.0,84
arm2,redmi9t,20260916-191327,rev_004_f78abd3a,6,38.0,38
arm2,redmi9t,20260916-191327,rev_004_f78abd3a,7,37.7,84
arm2,redmi9t,20260916-191327,rev_004_f78abd3a,8,39.2,36
arm2,redmi9t,20260916-191327,rev_004_f78abd3a,9,38.0,36
arm2,redmi9t,20260916-230317,rev_002_46f1fb92,3,40.8,60
arm2,redmi9t,20260916-230317,rev_002_46f1fb92,6,39.5,60
arm2,redmi9t,20260916-230317,rev_003_58cb26b6,6,38.6,60
arm2,redmi9t,20260916-230429,rev_001_48efa32a,0,37.1,78
arm2,redmi9t,20260916-230429,rev_001_48efa32a,1,37.0,79
arm2,redmi9t,20260916-230429,rev_001_48efa32a,10,37.0,81
arm2,redmi9t,20260916-230429,rev_001_48efa32a,11,37.0,80
arm2,redmi9t,20260916-230429,rev_001_48efa32a,12,37.0,80
arm2,redmi9t,20260916-230429,rev_001_48efa32a,13,38.0,79
arm2,redmi9t,20260916-230429,rev_001_48efa32a,14,37.1,81
arm2,redmi9t,20260916-230429,rev_001_48efa32a,2,37.0,79
arm2,redmi9t,20260916-230429,rev_001_48efa32a,3,37.0,78
arm2,redmi9t,20260916-230429,rev_001_48efa32a,4,37.0,79
arm2,redmi9t,20260916-230429,rev_001_48efa32a,5,37.0,81
arm2,redmi9t,20260916-230429,rev_001_48efa32a,6,37.0,81
arm2,redmi9t,20260916-230429,rev_001_48efa32a,7,37.0,78
arm2,redmi9t,20260916-230429,rev_001_48efa32a,8,37.0,78
arm2,redmi9t,20260916-230429,rev_001_48efa32a,9,37.0,80
arm2,redmi9t,20260916-230429,rev_002_9ee5d23d,0,38.3,80
arm2,redmi9t,20260916-230429,rev_002_9ee5d23d,1,37.4,80
arm2,redmi9t,20260916-230429,rev_002_9ee5d23d,10,37.0,80
arm2,redmi9t,20260916-230429,rev_002_9ee5d23d,11,37.0,81
arm2,redmi9t,20260916-230429,rev_002_9ee5d23d,12,37.0,79
arm2,redmi9t,20260916-230429,rev_002_9ee5d23d,13,37.0,79
arm2,redmi9t,20260916-230429,rev_002_9ee5d23d,14,37.0,80
arm2,redmi9t,20260916-230429,rev_002_9ee5d23d,2,37.0,79
arm2,redmi9t,20260916-230429,rev_002_9ee5d23d,3,37.0,79
arm2,redmi9t,20260916-230429,rev_002_9ee5d23d,4,37.0,81
arm2,redmi9t,20260916-230429,rev_002_9ee5d23d,5,41.7,78
arm2,redmi9t,20260916-230429,rev_002_9ee5d23d,6,37.0,80
arm2,redmi9t,20260916-230429,rev_002_9ee5d23d,7,37.0,81
arm2,redmi9t,20260916-230429,rev_002_9ee5d23d,8,37.0,78
arm2,redmi9t,20260916-230429,rev_002_9ee5d23d,9,37.0,78
arm2,redmi9t,20260917-000252,rev_002_23caef43,0,37.0,74
arm2,redmi9t,20260917-000252,rev_002_23caef43,1,37.0,76
arm2,redmi9t,20260917-000252,rev_002_23caef43,10,37.0,77
arm2,redmi9t,20260917-000252,rev_002_23caef43,11,37.0,76
arm2,redmi9t,20260917-000252,rev_002_23caef43,12,37.0,77
arm2,redmi9t,20260917-000252,rev_002_23caef43,13,37.0,75
arm2,redmi9t,20260917-000252,rev_002_23caef43,14,37.0,77
arm2,redmi9t,20260917-000252,rev_002_23caef43,2,37.0,75
arm2,redmi9t,20260917-000252,rev_002_23caef43,3,37.0,74
arm2,redmi9t,20260917-000252,rev_002_23caef43,4,37.0,75
arm2,redmi9t,20260917-000252,rev_002_23caef43,5,37.1,77
arm2,redmi9t,20260917-000252,rev_002_23caef43,6,37.0,77
arm2,redmi9t,20260917-000252,rev_002_23caef43,7,37.0,75
arm2,redmi9t,20260917-000252,rev_002_23caef43,8,37.0,74
arm2,redmi9t,20260917-000252,rev_002_23caef43,9,37.0,76
arm2,redmi9t,20260917-000252,rev_003_4dcb0b8f,0,37.0,76
arm2,redmi9t,20260917-000252,rev_003_4dcb0b8f,1,37.4,76
arm2,redmi9t,20260917-000252,rev_003_4dcb0b8f,10,38.0,76
arm2,redmi9t,20260917-000252,rev_003_4dcb0b8f,11,37.0,77
arm2,redmi9t,20260917-000252,rev_003_4dcb0b8f,12,37.0,76
arm2,redmi9t,20260917-000252,rev_003_4dcb0b8f,13,37.0,75
arm2,redmi9t,20260917-000252,rev_003_4dcb0b8f,14,37.0,76
arm2,redmi9t,20260917-000252,rev_003_4dcb0b8f,2,37.0,75
arm2,redmi9t,20260917-000252,rev_003_4dcb0b8f,3,37.0,75
arm2,redmi9t,20260917-000252,rev_003_4dcb0b8f,4,37.0,77
arm2,redmi9t,20260917-000252,rev_003_4dcb0b8f,5,37.0,74
arm2,redmi9t,20260917-000252,rev_003_4dcb0b8f,6,37.0,76
arm2,redmi9t,20260917-000252,rev_003_4dcb0b8f,7,37.0,77
arm2,redmi9t,20260917-000252,rev_003_4dcb0b8f,8,37.1,74
arm2,redmi9t,20260917-000252,rev_003_4dcb0b8f,9,37.0,75
arm2,redmi9t,20260917-010217,rev_001_14993d48,1,37.0,73
arm2,redmi9t,20260917-010217,rev_001_14993d48,10,37.0,72
arm2,redmi9t,20260917-010217,rev_001_14993d48,12,37.0,69
arm2,redmi9t,20260917-010217,rev_001_14993d48,5,37.0,68
arm2,redmi9t,20260917-010217,rev_001_14993d48,8,37.4,71
arm2,redmi9t,20260917-010217,rev_001_14993d48,9,37.0,73
arm2,redmi9t,20260917-010217,rev_002_85b46635,0,37.0,74
arm2,redmi9t,20260917-010217,rev_002_85b46635,11,37.0,71
arm2,redmi9t,20260917-010217,rev_002_85b46635,3,37.0,68
arm2,redmi9t,20260917-010217,rev_002_85b46635,6,37.0,71
arm2,redmi9t,20260917-010217,rev_002_85b46635,8,37.0,68
arm2,redmi9t,20260917-010217,rev_002_85b46635,9,37.0,68
arm2,redmi9t,20260917-010217,rev_007_59642fcc,0,37.0,72
arm2,redmi9t,20260917-010217,rev_007_59642fcc,10,37.0,68
arm2,redmi9t,20260917-010217,rev_007_59642fcc,11,37.0,72
arm2,redmi9t,20260917-010217,rev_007_59642fcc,12,37.0,74
arm2,redmi9t,20260917-010217,rev_007_59642fcc,14,37.0,70
arm2,redmi9t,20260917-010217,rev_007_59642fcc,2,39.8,71
arm2,redmi9t,20260917-010217,rev_007_59642fcc,3,37.0,72
arm2,redmi9t,20260917-010217,rev_007_59642fcc,6,37.0,69
arm2,redmi9t,20260917-010217,rev_007_59642fcc,7,37.0,70
arm2,redmi9t,20260917-010217,rev_007_59642fcc,9,37.0,68
arm2,redmi9t,20260917-010217,rev_014_84de200d,0,37.7,70
arm2,redmi9t,20260917-010217,rev_014_84de200d,10,37.0,69
arm2,redmi9t,20260917-010217,rev_014_84de200d,11,37.7,72
arm2,redmi9t,20260917-010217,rev_014_84de200d,13,37.0,73
arm2,redmi9t,20260917-010217,rev_014_84de200d,14,37.0,71
arm2,redmi9t,20260917-010217,rev_014_84de200d,2,37.0,69
arm2,redmi9t,20260917-010217,rev_014_84de200d,4,38.6,69
arm2,redmi9t,20260917-010217,rev_014_84de200d,5,37.0,70
arm2,redmi9t,20260917-010217,rev_014_84de200d,7,37.0,72
arm2,redmi9t,20260917-010217,rev_015_84de200d,0,37.0,71
arm2,redmi9t,20260917-010217,rev_015_84de200d,12,37.0,71
arm2,redmi9t,20260917-010217,rev_015_84de200d,13,37.0,73
arm2,redmi9t,20260917-010217,rev_015_84de200d,2,38.6,70
arm2,redmi9t,20260917-010217,rev_015_84de200d,3,38.0,71
arm2,redmi9t,20260917-010217,rev_015_84de200d,5,37.0,74
arm2,redmi9t,20260917-010217,rev_015_84de200d,6,37.0,72
arm2,redmi9t,20260917-010217,rev_015_84de200d,7,37.0,72
arm2,redmi9t,20260917-010217,rev_015_84de200d,8,37.0,71
arm2,redmi9t,20260917-010217,rev_015_9ed8fc40,1,37.0,73
arm2,redmi9t,20260917-010217,rev_015_9ed8fc40,14,37.0,69
arm2,redmi9t,20260917-010217,rev_015_9ed8fc40,3,37.0,70
arm2,redmi9t,20260917-010217,rev_015_9ed8fc40,4,37.0,68
arm2,redmi9t,20260917-010217,rev_015_9ed8fc40,5,37.0,73
arm2,redmi9t,20260917-010217,rev_015_9ed8fc40,7,37.0,73
arm2,redmi9t,20260917-010217,rev_015_9ed8fc40,8,37.0,72
arm2,redmi9t,20260917-010217,rev_015_9ed8fc40,9,37.0,70
arm2,redmi9t,20260917-010217,rev_016_9ed8fc40,13,37.0,69
arm2,redmi9t,20260917-010217,rev_016_9ed8fc40,7,37.0,70
arm2,redmi9t,20260917-010217,rev_016_9ed8fc40,9,37.0,73
arm2,redmi9t,20260911-010034,rev_001_14993d48,0,38.6,35
arm2,redmi9t,20260911-010034,rev_001_14993d48,1,43.6,47
arm2,redmi9t,20260911-010034,rev_001_14993d48,10,38.9,47
arm2,redmi9t,20260911-010034,rev_001_14993d48,11,38.0,73
arm2,redmi9t,20260911-010034,rev_001_14993d48,12,43.9,41
arm2,redmi9t,20260911-010034,rev_001_14993d48,13,37.7,73
arm2,redmi9t,20260911-010034,rev_001_14993d48,14,38.3,73
arm2,redmi9t,20260911-010034,rev_001_14993d48,2,38.3,39
arm2,redmi9t,20260911-010034,rev_001_14993d48,3,41.4,73
arm2,redmi9t,20260911-010034,rev_001_14993d48,4,37.7,73
arm2,redmi9t,20260911-010034,rev_001_14993d48,5,39.5,37
arm2,redmi9t,20260911-010034,rev_001_14993d48,6,40.5,37
arm2,redmi9t,20260911-010034,rev_001_14993d48,7,38.3,39
arm2,redmi9t,20260911-010034,rev_001_14993d48,8,38.6,43
arm2,redmi9t,20260911-010034,rev_001_14993d48,9,38.9,36
arm2,redmi9t,20260911-010034,rev_002_85b46635,0,38.3,46
arm2,redmi9t,20260911-010034,rev_002_85b46635,1,41.4,38
arm2,redmi9t,20260911-010034,rev_002_85b46635,10,38.9,73
arm2,redmi9t,20260911-010034,rev_002_85b46635,11,38.3,46
arm2,redmi9t,20260911-010034,rev_002_85b46635,12,38.3,73
arm2,redmi9t,20260911-010034,rev_002_85b46635,13,38.3,73
arm2,redmi9t,20260911-010034,rev_002_85b46635,14,37.7,73
arm2,redmi9t,20260911-010034,rev_002_85b46635,2,38.0,73
arm2,redmi9t,20260911-010034,rev_002_85b46635,3,38.3,40
arm2,redmi9t,20260911-010034,rev_002_85b46635,4,38.0,45
arm2,redmi9t,20260911-010034,rev_002_85b46635,5,40.2,35
arm2,redmi9t,20260911-010034,rev_002_85b46635,6,38.9,36
arm2,redmi9t,20260911-010034,rev_002_85b46635,7,38.6,38
arm2,redmi9t,20260911-010034,rev_002_85b46635,8,38.9,40
arm2,redmi9t,20260911-010034,rev_002_85b46635,9,38.3,37
arm2,redmi9t,20260911-010034,rev_006_072b03e4,0,40.2,42
arm2,redmi9t,20260911-010034,rev_006_072b03e4,1,38.0,73
arm2,redmi9t,20260911-010034,rev_006_072b03e4,10,37.7,46
arm2,redmi9t,20260911-010034,rev_006_072b03e4,11,38.3,42
arm2,redmi9t,20260911-010034,rev_006_072b03e4,12,42.0,47
arm2,redmi9t,20260911-010034,rev_006_072b03e4,13,42.6,42
arm2,redmi9t,20260911-010034,rev_006_072b03e4,14,38.3,35
arm2,redmi9t,20260911-010034,rev_006_072b03e4,2,38.0,46
arm2,redmi9t,20260911-010034,rev_006_072b03e4,3,39.8,43
arm2,redmi9t,20260911-010034,rev_006_072b03e4,4,41.4,39
arm2,redmi9t,20260911-010034,rev_006_072b03e4,5,38.3,73
arm2,redmi9t,20260911-010034,rev_006_072b03e4,6,42.3,40
arm2,redmi9t,20260911-010034,rev_006_072b03e4,7,39.8,43
arm2,redmi9t,20260911-010034,rev_006_072b03e4,8,43.6,38
arm2,redmi9t,20260911-010034,rev_006_072b03e4,9,38.0,41
arm2,redmi9t,20260911-010034,rev_006_ac191eff,0,44.2,46
arm2,redmi9t,20260911-010034,rev_006_ac191eff,1,38.3,41
arm2,redmi9t,20260911-010034,rev_006_ac191eff,10,38.0,45
arm2,redmi9t,20260911-010034,rev_006_ac191eff,11,41.1,44
arm2,redmi9t,20260911-010034,rev_006_ac191eff,12,38.6,34
arm2,redmi9t,20260911-010034,rev_006_ac191eff,13,38.3,47
arm2,redmi9t,20260911-010034,rev_006_ac191eff,14,38.0,45
arm2,redmi9t,20260911-010034,rev_006_ac191eff,2,38.9,45
arm2,redmi9t,20260911-010034,rev_006_ac191eff,3,38.6,36
arm2,redmi9t,20260911-010034,rev_006_ac191eff,4,46.7,44
arm2,redmi9t,20260911-010034,rev_006_ac191eff,5,44.2,38
arm2,redmi9t,20260911-010034,rev_006_ac191eff,6,38.0,44
arm2,redmi9t,20260911-010034,rev_006_ac191eff,7,44.8,39
arm2,redmi9t,20260911-010034,rev_006_ac191eff,8,42.6,73
arm2,redmi9t,20260911-010034,rev_006_ac191eff,9,41.1,73
arm2,redmi9t,20260911-010034,rev_007_ac191eff,0,46.7,66
arm2,redmi9t,20260911-010034,rev_007_ac191eff,1,46.7,64
arm2,redmi9t,20260911-010034,rev_007_ac191eff,10,38.9,65
arm2,redmi9t,20260911-010034,rev_007_ac191eff,11,40.5,65
arm2,redmi9t,20260911-010034,rev_007_ac191eff,12,39.5,64
arm2,redmi9t,20260911-010034,rev_007_ac191eff,13,40.5,66
arm2,redmi9t,20260911-010034,rev_007_ac191eff,14,39.2,65
arm2,redmi9t,20260911-010034,rev_007_ac191eff,2,43.9,68
arm2,redmi9t,20260911-010034,rev_007_ac191eff,3,38.9,67
arm2,redmi9t,20260911-010034,rev_007_ac191eff,4,39.5,63
arm2,redmi9t,20260911-010034,rev_007_ac191eff,5,38.6,68
arm2,redmi9t,20260911-010034,rev_007_ac191eff,6,39.5,67
arm2,redmi9t,20260911-010034,rev_007_ac191eff,7,39.2,67
arm2,redmi9t,20260911-010034,rev_007_ac191eff,8,39.2,67
arm2,redmi9t,20260911-010034,rev_007_ac191eff,9,39.5,66
arm2,redmi9t,20260911-010034,rev_008_5c837516,0,42.9,37
arm2,redmi9t,20260911-010034,rev_008_5c837516,1,38.3,42
arm2,redmi9t,20260911-010034,rev_008_5c837516,10,38.3,44
arm2,redmi9t,20260911-010034,rev_008_5c837516,11,38.3,42
arm2,redmi9t,20260911-010034,rev_008_5c837516,12,38.3,47
arm2,redmi9t,20260911-010034,rev_008_5c837516,13,39.2,39
arm2,redmi9t,20260911-010034,rev_008_5c837516,14,39.8,35
arm2,redmi9t,20260911-010034,rev_008_5c837516,2,38.9,44
arm2,redmi9t,20260911-010034,rev_008_5c837516,3,38.0,43
arm2,redmi9t,20260911-010034,rev_008_5c837516,4,39.2,73
arm2,redmi9t,20260911-010034,rev_008_5c837516,5,44.5,40
arm2,redmi9t,20260911-010034,rev_008_5c837516,6,38.3,46
arm2,redmi9t,20260911-010034,rev_008_5c837516,7,38.0,45
arm2,redmi9t,20260911-010034,rev_008_5c837516,8,44.5,40
arm2,redmi9t,20260911-010034,rev_008_5c837516,9,42.6,73
arm2,redmi9t,20260911-010034,rev_010_9ed8fc40,0,39.5,73
arm2,redmi9t,20260911-010034,rev_010_9ed8fc40,1,41.7,73
arm2,redmi9t,20260911-010034,rev_010_9ed8fc40,10,40.5,44
arm2,redmi9t,20260911-010034,rev_010_9ed8fc40,11,39.2,35
arm2,redmi9t,20260911-010034,rev_010_9ed8fc40,12,38.6,73
arm2,redmi9t,20260911-010034,rev_010_9ed8fc40,13,43.9,41
arm2,redmi9t,20260911-010034,rev_010_9ed8fc40,14,41.1,73
arm2,redmi9t,20260911-010034,rev_010_9ed8fc40,2,42.9,41
arm2,redmi9t,20260911-010034,rev_010_9ed8fc40,3,39.5,37
arm2,redmi9t,20260911-010034,rev_010_9ed8fc40,4,38.3,43
arm2,redmi9t,20260911-010034,rev_010_9ed8fc40,5,38.0,73
arm2,redmi9t,20260911-010034,rev_010_9ed8fc40,6,38.9,73
arm2,redmi9t,20260911-010034,rev_010_9ed8fc40,7,38.3,36
arm2,redmi9t,20260911-010034,rev_010_9ed8fc40,8,39.5,36
arm2,redmi9t,20260911-010034,rev_010_9ed8fc40,9,44.2,73
arm2,redmi9t,20260911-010034,rev_011_9ed8fc40,0,38.9,64
arm2,redmi9t,20260911-010034,rev_011_9ed8fc40,1,39.8,63
arm2,redmi9t,20260911-010034,rev_011_9ed8fc40,10,38.6,65
arm2,redmi9t,20260911-010034,rev_011_9ed8fc40,11,40.2,63
arm2,redmi9t,20260911-010034,rev_011_9ed8fc40,12,39.2,63
arm2,redmi9t,20260911-010034,rev_011_9ed8fc40,13,45.1,66
arm2,redmi9t,20260911-010034,rev_011_9ed8fc40,14,39.5,65
arm2,redmi9t,20260911-010034,rev_011_9ed8fc40,2,39.2,64
arm2,redmi9t,20260911-010034,rev_011_9ed8fc40,3,39.5,67
arm2,redmi9t,20260911-010034,rev_011_9ed8fc40,4,40.2,67
arm2,redmi9t,20260911-010034,rev_011_9ed8fc40,5,38.9,65
arm2,redmi9t,20260911-010034,rev_011_9ed8fc40,6,47.0,63
arm2,redmi9t,20260911-010034,rev_011_9ed8fc40,7,39.8,66
arm2,redmi9t,20260911-010034,rev_011_9ed8fc40,8,40.2,64
arm2,redmi9t,20260911-010034,rev_011_9ed8fc40,9,39.5,68
arm2,redmi9t,20260917-025915,rev_001_14993d48,0,40.8,74
arm2,redmi9t,20260917-025915,rev_001_14993d48,1,37.0,69
arm2,redmi9t,20260917-025915,rev_001_14993d48,10,37.0,69
arm2,redmi9t,20260917-025915,rev_001_14993d48,11,41.4,71
arm2,redmi9t,20260917-025915,rev_001_14993d48,12,42.0,80
arm2,redmi9t,20260917-025915,rev_001_14993d48,13,41.4,71
arm2,redmi9t,20260917-025915,rev_001_14993d48,14,40.5,70
arm2,redmi9t,20260917-025915,rev_001_14993d48,2,42.0,78
arm2,redmi9t,20260917-025915,rev_001_14993d48,3,41.7,70
arm2,redmi9t,20260917-025915,rev_001_14993d48,4,40.8,72
arm2,redmi9t,20260917-025915,rev_001_14993d48,5,40.8,76
arm2,redmi9t,20260917-025915,rev_001_14993d48,6,40.8,76
arm2,redmi9t,20260917-025915,rev_001_14993d48,7,41.7,78
arm2,redmi9t,20260917-025915,rev_001_14993d48,8,40.8,82
arm2,redmi9t,20260917-025915,rev_001_14993d48,9,41.1,75
arm2,redmi9t,20260917-025915,rev_002_85b46635,0,37.0,69
arm2,redmi9t,20260917-025915,rev_002_85b46635,1,40.5,78
arm2,redmi9t,20260917-025915,rev_002_85b46635,10,42.6,73
arm2,redmi9t,20260917-025915,rev_002_85b46635,11,37.4,69
arm2,redmi9t,20260917-025915,rev_002_85b46635,12,41.1,73
arm2,redmi9t,20260917-025915,rev_002_85b46635,13,40.2,71
arm2,redmi9t,20260917-025915,rev_002_85b46635,14,40.8,73
arm2,redmi9t,20260917-025915,rev_002_85b46635,2,41.4,71
arm2,redmi9t,20260917-025915,rev_002_85b46635,3,41.7,79
arm2,redmi9t,20260917-025915,rev_002_85b46635,4,40.5,69
arm2,redmi9t,20260917-025915,rev_002_85b46635,5,40.2,75
arm2,redmi9t,20260917-025915,rev_002_85b46635,6,40.8,75
arm2,redmi9t,20260917-025915,rev_002_85b46635,7,41.1,77
arm2,redmi9t,20260917-025915,rev_002_85b46635,8,40.8,79
arm2,redmi9t,20260917-025915,rev_002_85b46635,9,40.2,77
arm2,redmi9t,20260917-025915,rev_006_59642fcc,0,41.4,81
arm2,redmi9t,20260917-025915,rev_006_59642fcc,1,41.1,70
arm2,redmi9t,20260917-025915,rev_006_59642fcc,10,40.2,70
arm2,redmi9t,20260917-025915,rev_006_59642fcc,11,41.4,81
arm2,redmi9t,20260917-025915,rev_006_59642fcc,12,37.0,69
arm2,redmi9t,20260917-025915,rev_006_59642fcc,13,41.4,81
arm2,redmi9t,20260917-025915,rev_006_59642fcc,14,40.8,75
arm2,redmi9t,20260917-025915,rev_006_59642fcc,2,41.4,70
arm2,redmi9t,20260917-025915,rev_006_59642fcc,3,41.1,82
arm2,redmi9t,20260917-025915,rev_006_59642fcc,4,41.7,78
arm2,redmi9t,20260917-025915,rev_006_59642fcc,5,42.0,70
arm2,redmi9t,20260917-025915,rev_006_59642fcc,6,42.0,79
arm2,redmi9t,20260917-025915,rev_006_59642fcc,7,41.4,81
arm2,redmi9t,20260917-025915,rev_006_59642fcc,8,41.4,77
arm2,redmi9t,20260917-025915,rev_006_59642fcc,9,41.1,80
arm2,redmi9t,20260917-025915,rev_007_02c163b0,0,40.5,70
arm2,redmi9t,20260917-025915,rev_007_02c163b0,1,42.0,80
arm2,redmi9t,20260917-025915,rev_007_02c163b0,10,43.9,82
arm2,redmi9t,20260917-025915,rev_007_02c163b0,11,42.0,82
arm2,redmi9t,20260917-025915,rev_007_02c163b0,12,41.4,74
arm2,redmi9t,20260917-025915,rev_007_02c163b0,13,37.0,69
arm2,redmi9t,20260917-025915,rev_007_02c163b0,14,40.5,69
arm2,redmi9t,20260917-025915,rev_007_02c163b0,2,40.2,70
arm2,redmi9t,20260917-025915,rev_007_02c163b0,3,41.1,76
arm2,redmi9t,20260917-025915,rev_007_02c163b0,4,42.0,82
arm2,redmi9t,20260917-025915,rev_007_02c163b0,5,41.7,77
arm2,redmi9t,20260917-025915,rev_007_02c163b0,6,42.6,82
arm2,redmi9t,20260917-025915,rev_007_02c163b0,7,40.8,79
arm2,redmi9t,20260917-025915,rev_007_02c163b0,8,41.1,74
arm2,redmi9t,20260917-025915,rev_007_02c163b0,9,40.5,72
arm2,redmi9t,20260917-025915,rev_009_9ed8fc40,0,42.0,76
arm2,redmi9t,20260917-025915,rev_009_9ed8fc40,1,41.1,81
arm2,redmi9t,20260917-025915,rev_009_9ed8fc40,10,43.9,82
arm2,redmi9t,20260917-025915,rev_009_9ed8fc40,11,42.3,81
arm2,redmi9t,20260917-025915,rev_009_9ed8fc40,12,37.0,69
arm2,redmi9t,20260917-025915,rev_009_9ed8fc40,13,41.7,78
arm2,redmi9t,20260917-025915,rev_009_9ed8fc40,14,41.7,75
arm2,redmi9t,20260917-025915,rev_009_9ed8fc40,2,43.9,82
arm2,redmi9t,20260917-025915,rev_009_9ed8fc40,3,41.7,82
arm2,redmi9t,20260917-025915,rev_009_9ed8fc40,4,41.1,73
arm2,redmi9t,20260917-025915,rev_009_9ed8fc40,5,40.8,79
arm2,redmi9t,20260917-025915,rev_009_9ed8fc40,6,37.0,69
arm2,redmi9t,20260917-025915,rev_009_9ed8fc40,7,40.5,69
arm2,redmi9t,20260917-025915,rev_009_9ed8fc40,8,42.9,79
arm2,redmi9t,20260917-025915,rev_009_9ed8fc40,9,41.4,71
arm2,redmi9t,20260917-025915,rev_010_9ed8fc40,0,41.4,72
arm2,redmi9t,20260917-025915,rev_010_9ed8fc40,1,40.5,73
arm2,redmi9t,20260917-025915,rev_010_9ed8fc40,10,41.4,82
arm2,redmi9t,20260917-025915,rev_010_9ed8fc40,11,40.5,74
arm2,redmi9t,20260917-025915,rev_010_9ed8fc40,12,41.4,72
arm2,redmi9t,20260917-025915,rev_010_9ed8fc40,13,41.7,80
arm2,redmi9t,20260917-025915,rev_010_9ed8fc40,14,42.0,73
arm2,redmi9t,20260917-025915,rev_010_9ed8fc40,2,42.0,80
arm2,redmi9t,20260917-025915,rev_010_9ed8fc40,3,41.1,77
arm2,redmi9t,20260917-025915,rev_010_9ed8fc40,4,41.1,82
arm2,redmi9t,20260917-025915,rev_010_9ed8fc40,5,41.7,72
arm2,redmi9t,20260917-025915,rev_010_9ed8fc40,6,41.1,70
arm2,redmi9t,20260917-025915,rev_010_9ed8fc40,7,41.1,76
arm2,redmi9t,20260917-025915,rev_010_9ed8fc40,8,40.2,75
arm2,redmi9t,20260917-025915,rev_010_9ed8fc40,9,41.1,74
arm2,redmi9t,20260911-085317,rev_004_83a32fe8,0,38.3,48
arm2,redmi9t,20260911-085317,rev_004_83a32fe8,1,43.2,42
arm2,redmi9t,20260911-085317,rev_004_83a32fe8,10,42.9,49
arm2,redmi9t,20260911-085317,rev_004_83a32fe8,11,38.0,52
arm2,redmi9t,20260911-085317,rev_004_83a32fe8,12,38.9,46
arm2,redmi9t,20260911-085317,rev_004_83a32fe8,13,38.3,45
arm2,redmi9t,20260911-085317,rev_004_83a32fe8,14,38.3,43
arm2,redmi9t,20260911-085317,rev_004_83a32fe8,2,38.6,45
arm2,redmi9t,20260911-085317,rev_004_83a32fe8,3,38.0,50
arm2,redmi9t,20260911-085317,rev_004_83a32fe8,4,38.0,49
arm2,redmi9t,20260911-085317,rev_004_83a32fe8,5,39.5,44
arm2,redmi9t,20260911-085317,rev_004_83a32fe8,6,39.2,44
arm2,redmi9t,20260911-085317,rev_004_83a32fe8,7,38.0,42
arm2,redmi9t,20260911-085317,rev_004_83a32fe8,8,46.0,43
arm2,redmi9t,20260911-085317,rev_004_83a32fe8,9,39.8,50
arm2,redmi9t,20260911-085317,rev_006_3df8edf6,0,37.4,43
arm2,redmi9t,20260911-085317,rev_006_3df8edf6,1,38.0,51
arm2,redmi9t,20260911-085317,rev_006_3df8edf6,10,37.7,48
arm2,redmi9t,20260911-085317,rev_006_3df8edf6,11,44.2,47
arm2,redmi9t,20260911-085317,rev_006_3df8edf6,12,38.3,45
arm2,redmi9t,20260911-085317,rev_006_3df8edf6,13,39.5,47
arm2,redmi9t,20260911-085317,rev_006_3df8edf6,14,38.0,49
arm2,redmi9t,20260911-085317,rev_006_3df8edf6,2,39.8,42
arm2,redmi9t,20260911-085317,rev_006_3df8edf6,3,38.0,47
arm2,redmi9t,20260911-085317,rev_006_3df8edf6,4,39.5,51
arm2,redmi9t,20260911-085317,rev_006_3df8edf6,5,38.6,51
arm2,redmi9t,20260911-085317,rev_006_3df8edf6,6,41.1,49
arm2,redmi9t,20260911-085317,rev_006_3df8edf6,7,38.3,48
arm2,redmi9t,20260911-085317,rev_006_3df8edf6,8,43.2,52
arm2,redmi9t,20260911-085317,rev_006_3df8edf6,9,38.6,48
arm2,redmi9t,20260911-085317,rev_007_39cfa6cf,0,38.3,50
arm2,redmi9t,20260911-085317,rev_007_39cfa6cf,1,39.2,50
arm2,redmi9t,20260911-085317,rev_007_39cfa6cf,10,38.0,42
arm2,redmi9t,20260911-085317,rev_007_39cfa6cf,11,38.0,48
arm2,redmi9t,20260911-085317,rev_007_39cfa6cf,12,38.6,46
arm2,redmi9t,20260911-085317,rev_007_39cfa6cf,13,39.8,44
arm2,redmi9t,20260911-085317,rev_007_39cfa6cf,14,39.5,48
arm2,redmi9t,20260911-085317,rev_007_39cfa6cf,2,42.9,46
arm2,redmi9t,20260911-085317,rev_007_39cfa6cf,3,39.8,51
arm2,redmi9t,20260911-085317,rev_007_39cfa6cf,4,38.3,44
arm2,redmi9t,20260911-085317,rev_007_39cfa6cf,5,39.8,46
arm2,redmi9t,20260911-085317,rev_007_39cfa6cf,6,43.9,50
arm2,redmi9t,20260911-085317,rev_007_39cfa6cf,7,38.3,45
arm2,redmi9t,20260911-085317,rev_007_39cfa6cf,8,37.0,52
arm2,redmi9t,20260911-085317,rev_007_39cfa6cf,9,39.2,47
arm2,redmi9t,20260911-085317,rev_009_be7c3ad2,0,38.3,50
arm2,redmi9t,20260911-085317,rev_009_be7c3ad2,1,38.0,45
arm2,redmi9t,20260911-085317,rev_009_be7c3ad2,10,38.6,51
arm2,redmi9t,20260911-085317,rev_009_be7c3ad2,11,38.6,43
arm2,redmi9t,20260911-085317,rev_009_be7c3ad2,12,38.3,45
arm2,redmi9t,20260911-085317,rev_009_be7c3ad2,13,38.6,51
arm2,redmi9t,20260911-085317,rev_009_be7c3ad2,14,38.0,48
arm2,redmi9t,20260911-085317,rev_009_be7c3ad2,2,38.3,42
arm2,redmi9t,20260911-085317,rev_009_be7c3ad2,3,39.5,46
arm2,redmi9t,20260911-085317,rev_009_be7c3ad2,4,38.3,50
arm2,redmi9t,20260911-085317,rev_009_be7c3ad2,5,38.0,49
arm2,redmi9t,20260911-085317,rev_009_be7c3ad2,6,41.1,44
arm2,redmi9t,20260911-085317,rev_009_be7c3ad2,7,38.3,47
arm2,redmi9t,20260911-085317,rev_009_be7c3ad2,8,38.3,46
arm2,redmi9t,20260911-085317,rev_009_be7c3ad2,9,38.6,52
arm2,redmi9t,20260917-074729,rev_001_a8ce423c,0,40.5,68
arm2,redmi9t,20260917-074729,rev_001_a8ce423c,1,41.1,46
arm2,redmi9t,20260917-074729,rev_001_a8ce423c,10,41.1,51
arm2,redmi9t,20260917-074729,rev_001_a8ce423c,11,41.4,49
arm2,redmi9t,20260917-074729,rev_001_a8ce423c,12,42.0,49
arm2,redmi9t,20260917-074729,rev_001_a8ce423c,13,42.0,49
arm2,redmi9t,20260917-074729,rev_001_a8ce423c,14,41.1,58
arm2,redmi9t,20260917-074729,rev_001_a8ce423c,2,40.5,58
arm2,redmi9t,20260917-074729,rev_001_a8ce423c,3,41.4,65
arm2,redmi9t,20260917-074729,rev_001_a8ce423c,4,41.1,59
arm2,redmi9t,20260917-074729,rev_001_a8ce423c,5,42.3,50
arm2,redmi9t,20260917-074729,rev_001_a8ce423c,6,41.7,43
arm2,redmi9t,20260917-074729,rev_001_a8ce423c,7,41.1,44
arm2,redmi9t,20260917-074729,rev_001_a8ce423c,8,44.2,44
arm2,redmi9t,20260917-074729,rev_001_a8ce423c,9,40.5,56
arm2,redmi9t,20260917-074729,rev_002_235e757f,0,41.7,51
arm2,redmi9t,20260917-074729,rev_002_235e757f,1,41.7,61
arm2,redmi9t,20260917-074729,rev_002_235e757f,10,42.0,59
arm2,redmi9t,20260917-074729,rev_002_235e757f,11,42.3,43
arm2,redmi9t,20260917-074729,rev_002_235e757f,12,42.0,48
arm2,redmi9t,20260917-074729,rev_002_235e757f,13,42.9,42
arm2,redmi9t,20260917-074729,rev_002_235e757f,14,41.7,53
arm2,redmi9t,20260917-074729,rev_002_235e757f,2,42.3,59
arm2,redmi9t,20260917-074729,rev_002_235e757f,3,41.4,67
arm2,redmi9t,20260917-074729,rev_002_235e757f,4,40.8,48
arm2,redmi9t,20260917-074729,rev_002_235e757f,5,41.4,47
arm2,redmi9t,20260917-074729,rev_002_235e757f,6,40.8,56
arm2,redmi9t,20260917-074729,rev_002_235e757f,7,42.0,44
arm2,redmi9t,20260917-074729,rev_002_235e757f,8,41.1,44
arm2,redmi9t,20260917-074729,rev_002_235e757f,9,41.4,52
arm2,redmi9t,20260917-074729,rev_004_d6878cfb,0,41.4,66
arm2,redmi9t,20260917-074729,rev_004_d6878cfb,1,40.5,56
arm2,redmi9t,20260917-074729,rev_004_d6878cfb,10,41.1,68
arm2,redmi9t,20260917-074729,rev_004_d6878cfb,11,41.1,57
arm2,redmi9t,20260917-074729,rev_004_d6878cfb,12,42.0,63
arm2,redmi9t,20260917-074729,rev_004_d6878cfb,13,41.7,48
arm2,redmi9t,20260917-074729,rev_004_d6878cfb,14,41.4,50
arm2,redmi9t,20260917-074729,rev_004_d6878cfb,2,40.2,67
arm2,redmi9t,20260917-074729,rev_004_d6878cfb,3,42.0,50
arm2,redmi9t,20260917-074729,rev_004_d6878cfb,4,40.2,56
arm2,redmi9t,20260917-074729,rev_004_d6878cfb,5,40.5,43
arm2,redmi9t,20260917-074729,rev_004_d6878cfb,6,41.4,59
arm2,redmi9t,20260917-074729,rev_004_d6878cfb,7,40.8,52
arm2,redmi9t,20260917-074729,rev_004_d6878cfb,8,42.3,68
arm2,redmi9t,20260917-074729,rev_004_d6878cfb,9,42.0,68
arm2,redmi9t,20260917-074729,rev_007_39cfa6cf,0,41.1,49
arm2,redmi9t,20260917-074729,rev_007_39cfa6cf,1,40.8,52
arm2,redmi9t,20260917-074729,rev_007_39cfa6cf,10,41.7,45
arm2,redmi9t,20260917-074729,rev_007_39cfa6cf,11,41.4,46
arm2,redmi9t,20260917-074729,rev_007_39cfa6cf,12,41.1,43
arm2,redmi9t,20260917-074729,rev_007_39cfa6cf,13,42.3,51
arm2,redmi9t,20260917-074729,rev_007_39cfa6cf,14,41.4,45
arm2,redmi9t,20260917-074729,rev_007_39cfa6cf,2,42.3,55
arm2,redmi9t,20260917-074729,rev_007_39cfa6cf,3,40.5,49
arm2,redmi9t,20260917-074729,rev_007_39cfa6cf,4,40.8,61
arm2,redmi9t,20260917-074729,rev_007_39cfa6cf,5,43.2,45
arm2,redmi9t,20260917-074729,rev_007_39cfa6cf,6,41.1,58
arm2,redmi9t,20260917-074729,rev_007_39cfa6cf,7,42.0,58
arm2,redmi9t,20260917-074729,rev_007_39cfa6cf,8,41.4,65
arm2,redmi9t,20260917-074729,rev_007_39cfa6cf,9,42.0,47
arm2,redmi9t,20260917-074729,rev_014_bca4e2e7,0,40.5,64
arm2,redmi9t,20260917-074729,rev_014_bca4e2e7,1,41.4,69
arm2,redmi9t,20260917-074729,rev_014_bca4e2e7,10,41.1,43
arm2,redmi9t,20260917-074729,rev_014_bca4e2e7,11,41.1,46
arm2,redmi9t,20260917-074729,rev_014_bca4e2e7,12,43.2,65
arm2,redmi9t,20260917-074729,rev_014_bca4e2e7,13,41.4,52
arm2,redmi9t,20260917-074729,rev_014_bca4e2e7,14,40.8,57
arm2,redmi9t,20260917-074729,rev_014_bca4e2e7,2,41.4,43
arm2,redmi9t,20260917-074729,rev_014_bca4e2e7,3,39.8,70
arm2,redmi9t,20260917-074729,rev_014_bca4e2e7,4,41.1,60
arm2,redmi9t,20260917-074729,rev_014_bca4e2e7,5,40.8,68
arm2,redmi9t,20260917-074729,rev_014_bca4e2e7,6,40.8,62
arm2,redmi9t,20260917-074729,rev_014_bca4e2e7,7,41.1,63
arm2,redmi9t,20260917-074729,rev_014_bca4e2e7,8,41.1,51
arm2,redmi9t,20260917-074729,rev_014_bca4e2e7,9,46.0,59
arm2,redmi9t,20260917-074729,rev_018_62f7d97f,0,41.4,69
arm2,redmi9t,20260917-074729,rev_018_62f7d97f,1,41.4,60
arm2,redmi9t,20260917-074729,rev_018_62f7d97f,10,40.5,68
arm2,redmi9t,20260917-074729,rev_018_62f7d97f,11,40.8,62
arm2,redmi9t,20260917-074729,rev_018_62f7d97f,12,42.0,54
arm2,redmi9t,20260917-074729,rev_018_62f7d97f,13,41.7,61
arm2,redmi9t,20260917-074729,rev_018_62f7d97f,14,39.5,47
arm2,redmi9t,20260917-074729,rev_018_62f7d97f,2,41.7,50
arm2,redmi9t,20260917-074729,rev_018_62f7d97f,3,40.8,56
arm2,redmi9t,20260917-074729,rev_018_62f7d97f,4,42.0,52
arm2,redmi9t,20260917-074729,rev_018_62f7d97f,5,41.7,52
arm2,redmi9t,20260917-074729,rev_018_62f7d97f,6,41.1,62
arm2,redmi9t,20260917-074729,rev_018_62f7d97f,7,40.8,57
arm2,redmi9t,20260917-074729,rev_018_62f7d97f,8,41.4,66
arm2,redmi9t,20260917-074729,rev_018_62f7d97f,9,41.1,53
arm2,redmi9t,20260917-074729,rev_019_9016c75d,0,41.7,53
arm2,redmi9t,20260917-074729,rev_019_9016c75d,1,42.3,62
arm2,redmi9t,20260917-074729,rev_019_9016c75d,10,41.4,54
arm2,redmi9t,20260917-074729,rev_019_9016c75d,11,42.9,62
arm2,redmi9t,20260917-074729,rev_019_9016c75d,12,41.7,56
arm2,redmi9t,20260917-074729,rev_019_9016c75d,13,41.4,47
arm2,redmi9t,20260917-074729,rev_019_9016c75d,14,41.1,61
arm2,redmi9t,20260917-074729,rev_019_9016c75d,2,40.2,64
arm2,redmi9t,20260917-074729,rev_019_9016c75d,3,40.8,50
arm2,redmi9t,20260917-074729,rev_019_9016c75d,4,41.7,55
arm2,redmi9t,20260917-074729,rev_019_9016c75d,5,42.3,67
arm2,redmi9t,20260917-074729,rev_019_9016c75d,6,41.1,60
arm2,redmi9t,20260917-074729,rev_019_9016c75d,7,42.3,46
arm2,redmi9t,20260917-074729,rev_019_9016c75d,8,41.4,60
arm2,redmi9t,20260917-074729,rev_019_9016c75d,9,41.1,54
arm2,redmi9t,20260917-074729,rev_020_d912c4c5,0,41.7,53
arm2,redmi9t,20260917-074729,rev_020_d912c4c5,1,41.1,54
arm2,redmi9t,20260917-074729,rev_020_d912c4c5,10,42.6,59
arm2,redmi9t,20260917-074729,rev_020_d912c4c5,11,41.1,62
arm2,redmi9t,20260917-074729,rev_020_d912c4c5,12,41.7,53
arm2,redmi9t,20260917-074729,rev_020_d912c4c5,13,39.8,63
arm2,redmi9t,20260917-074729,rev_020_d912c4c5,14,38.9,66
arm2,redmi9t,20260917-074729,rev_020_d912c4c5,2,41.4,46
arm2,redmi9t,20260917-074729,rev_020_d912c4c5,3,41.4,44
arm2,redmi9t,20260917-074729,rev_020_d912c4c5,4,41.7,69
arm2,redmi9t,20260917-074729,rev_020_d912c4c5,5,40.2,63
arm2,redmi9t,20260917-074729,rev_020_d912c4c5,6,40.8,55
arm2,redmi9t,20260917-074729,rev_020_d912c4c5,7,40.2,54
arm2,redmi9t,20260917-074729,rev_020_d912c4c5,8,40.5,51
arm2,redmi9t,20260917-074729,rev_020_d912c4c5,9,41.1,46
arm2,redmi9t,20260917-074729,rev_022_ef044d72,0,42.6,54
arm2,redmi9t,20260917-074729,rev_022_ef044d72,1,41.4,48
arm2,redmi9t,20260917-074729,rev_022_ef044d72,10,40.8,69
arm2,redmi9t,20260917-074729,rev_022_ef044d72,11,41.1,67
arm2,redmi9t,20260917-074729,rev_022_ef044d72,12,40.8,66
arm2,redmi9t,20260917-074729,rev_022_ef044d72,13,41.4,69
arm2,redmi9t,20260917-074729,rev_022_ef044d72,14,41.1,69
arm2,redmi9t,20260917-074729,rev_022_ef044d72,2,42.3,60
arm2,redmi9t,20260917-074729,rev_022_ef044d72,3,41.1,65
arm2,redmi9t,20260917-074729,rev_022_ef044d72,4,40.5,55
arm2,redmi9t,20260917-074729,rev_022_ef044d72,5,40.8,50
arm2,redmi9t,20260917-074729,rev_022_ef044d72,6,42.3,48
arm2,redmi9t,20260917-074729,rev_022_ef044d72,7,41.4,64
arm2,redmi9t,20260917-074729,rev_022_ef044d72,8,40.5,65
arm2,redmi9t,20260917-074729,rev_022_ef044d72,9,40.8,45
arm2,redmi9t,20260917-074729,rev_023_80728fdb,0,42.6,57
arm2,redmi9t,20260917-074729,rev_023_80728fdb,1,41.1,65
arm2,redmi9t,20260917-074729,rev_023_80728fdb,10,41.4,61
arm2,redmi9t,20260917-074729,rev_023_80728fdb,11,41.7,63
arm2,redmi9t,20260917-074729,rev_023_80728fdb,12,41.1,51
arm2,redmi9t,20260917-074729,rev_023_80728fdb,13,41.7,45
arm2,redmi9t,20260917-074729,rev_023_80728fdb,14,41.7,57
arm2,redmi9t,20260917-074729,rev_023_80728fdb,2,41.1,63
arm2,redmi9t,20260917-074729,rev_023_80728fdb,3,41.1,58
arm2,redmi9t,20260917-074729,rev_023_80728fdb,4,42.0,44
arm2,redmi9t,20260917-074729,rev_023_80728fdb,5,42.0,49
arm2,redmi9t,20260917-074729,rev_023_80728fdb,6,42.0,67
arm2,redmi9t,20260917-074729,rev_023_80728fdb,7,40.5,53
arm2,redmi9t,20260917-074729,rev_023_80728fdb,8,42.0,55
arm2,redmi9t,20260917-074729,rev_023_80728fdb,9,41.7,48
arm2,redmi9t,20260917-130146,rev_001_a8ce423c,0,48.2,37
arm2,redmi9t,20260917-130146,rev_001_a8ce423c,1,40.5,34
arm2,redmi9t,20260917-130146,rev_001_a8ce423c,10,41.1,42
arm2,redmi9t,20260917-130146,rev_001_a8ce423c,11,41.4,39
arm2,redmi9t,20260917-130146,rev_001_a8ce423c,12,41.1,41
arm2,redmi9t,20260917-130146,rev_001_a8ce423c,13,43.6,38
arm2,redmi9t,20260917-130146,rev_001_a8ce423c,14,40.8,35
arm2,redmi9t,20260917-130146,rev_001_a8ce423c,2,41.4,36
arm2,redmi9t,20260917-130146,rev_001_a8ce423c,3,42.3,40
arm2,redmi9t,20260917-130146,rev_001_a8ce423c,4,42.3,40
arm2,redmi9t,20260917-130146,rev_001_a8ce423c,5,41.1,36
arm2,redmi9t,20260917-130146,rev_001_a8ce423c,6,41.1,35
arm2,redmi9t,20260917-130146,rev_001_a8ce423c,7,40.2,34
arm2,redmi9t,20260917-130146,rev_001_a8ce423c,8,40.5,35
arm2,redmi9t,20260917-130146,rev_001_a8ce423c,9,41.1,41
arm2,redmi9t,20260917-130146,rev_002_459c92cc,0,42.3,35
arm2,redmi9t,20260917-130146,rev_002_459c92cc,1,42.6,37
arm2,redmi9t,20260917-130146,rev_002_459c92cc,10,42.0,38
arm2,redmi9t,20260917-130146,rev_002_459c92cc,11,41.7,39
arm2,redmi9t,20260917-130146,rev_002_459c92cc,12,42.0,36
arm2,redmi9t,20260917-130146,rev_002_459c92cc,13,41.4,41
arm2,redmi9t,20260917-130146,rev_002_459c92cc,14,41.7,39
arm2,redmi9t,20260917-130146,rev_002_459c92cc,2,40.5,34
arm2,redmi9t,20260917-130146,rev_002_459c92cc,3,39.2,42
arm2,redmi9t,20260917-130146,rev_002_459c92cc,4,42.0,37
arm2,redmi9t,20260917-130146,rev_002_459c92cc,5,41.7,38
arm2,redmi9t,20260917-130146,rev_002_459c92cc,6,42.0,42
arm2,redmi9t,20260917-130146,rev_002_459c92cc,7,40.8,38
arm2,redmi9t,20260917-130146,rev_002_459c92cc,8,40.5,41
arm2,redmi9t,20260917-130146,rev_002_459c92cc,9,41.1,40
arm2,redmi9t,20260917-130146,rev_003_39cfa6cf,0,42.0,38
arm2,redmi9t,20260917-130146,rev_003_39cfa6cf,1,42.0,39
arm2,redmi9t,20260917-130146,rev_003_39cfa6cf,10,40.5,34
arm2,redmi9t,20260917-130146,rev_003_39cfa6cf,11,41.7,37
arm2,redmi9t,20260917-130146,rev_003_39cfa6cf,12,41.7,36
arm2,redmi9t,20260917-130146,rev_003_39cfa6cf,13,41.7,37
arm2,redmi9t,20260917-130146,rev_003_39cfa6cf,14,41.7,40
arm2,redmi9t,20260917-130146,rev_003_39cfa6cf,2,42.0,41
arm2,redmi9t,20260917-130146,rev_003_39cfa6cf,3,42.0,40
arm2,redmi9t,20260917-130146,rev_003_39cfa6cf,4,41.4,35
arm2,redmi9t,20260917-130146,rev_003_39cfa6cf,5,41.1,36
arm2,redmi9t,20260917-130146,rev_003_39cfa6cf,6,41.7,42
arm2,redmi9t,20260917-130146,rev_003_39cfa6cf,7,41.4,36
arm2,redmi9t,20260917-130146,rev_003_39cfa6cf,8,41.4,39
arm2,redmi9t,20260917-130146,rev_003_39cfa6cf,9,41.1,39
arm2,redmi9t,20260917-142907,rev_002_39cfa6cf,3,39.5,60
arm2,redmi9t,20260917-142907,rev_002_39cfa6cf,6,39.2,60
arm2,redmi9t,20260917-142907,rev_009_bca4e2e7,6,37.1,60
arm2,redmi9t,20260917-143611,rev_001_75729f42,0,41.7,81
arm2,redmi9t,20260917-143611,rev_001_75729f42,1,37.4,76
arm2,redmi9t,20260917-143611,rev_001_75729f42,10,40.8,81
arm2,redmi9t,20260917-143611,rev_001_75729f42,11,41.1,32
arm2,redmi9t,20260917-143611,rev_001_75729f42,12,39.8,80
arm2,redmi9t,20260917-143611,rev_001_75729f42,13,41.1,79
arm2,redmi9t,20260917-143611,rev_001_75729f42,14,42.6,77
arm2,redmi9t,20260917-143611,rev_001_75729f42,2,39.5,78
arm2,redmi9t,20260917-143611,rev_001_75729f42,3,39.2,81
arm2,redmi9t,20260917-143611,rev_001_75729f42,4,38.6,81
arm2,redmi9t,20260917-143611,rev_001_75729f42,5,40.5,78
arm2,redmi9t,20260917-143611,rev_001_75729f42,6,39.8,77
arm2,redmi9t,20260917-143611,rev_001_75729f42,7,37.0,76
arm2,redmi9t,20260917-143611,rev_001_75729f42,8,40.5,77
arm2,redmi9t,20260917-143611,rev_001_75729f42,9,38.9,81
arm2,redmi9t,20260917-143611,rev_003_dd3b3254,0,39.8,77
arm2,redmi9t,20260917-143611,rev_003_dd3b3254,1,41.1,32
arm2,redmi9t,20260917-143611,rev_003_dd3b3254,10,40.8,81
arm2,redmi9t,20260917-143611,rev_003_dd3b3254,11,39.8,80
arm2,redmi9t,20260917-143611,rev_003_dd3b3254,12,40.8,78
arm2,redmi9t,20260917-143611,rev_003_dd3b3254,13,41.1,80
arm2,redmi9t,20260917-143611,rev_003_dd3b3254,14,38.6,81
arm2,redmi9t,20260917-143611,rev_003_dd3b3254,2,37.1,76
arm2,redmi9t,20260917-143611,rev_003_dd3b3254,3,41.4,80
arm2,redmi9t,20260917-143611,rev_003_dd3b3254,4,39.5,81
arm2,redmi9t,20260917-143611,rev_003_dd3b3254,5,41.7,32
arm2,redmi9t,20260917-143611,rev_003_dd3b3254,6,40.2,81
arm2,redmi9t,20260917-143611,rev_003_dd3b3254,7,40.8,81
arm2,redmi9t,20260917-143611,rev_003_dd3b3254,8,41.1,33
arm2,redmi9t,20260917-143611,rev_003_dd3b3254,9,40.2,81
arm2,redmi9t,20260917-143611,rev_004_39cfa6cf,0,40.8,81
arm2,redmi9t,20260917-143611,rev_004_39cfa6cf,1,39.8,81
arm2,redmi9t,20260917-143611,rev_004_39cfa6cf,10,37.0,76
arm2,redmi9t,20260917-143611,rev_004_39cfa6cf,11,39.8,81
arm2,redmi9t,20260917-143611,rev_004_39cfa6cf,12,40.5,79
arm2,redmi9t,20260917-143611,rev_004_39cfa6cf,13,40.2,77
arm2,redmi9t,20260917-143611,rev_004_39cfa6cf,14,39.8,81
arm2,redmi9t,20260917-143611,rev_004_39cfa6cf,2,40.2,79
arm2,redmi9t,20260917-143611,rev_004_39cfa6cf,3,40.2,81
arm2,redmi9t,20260917-143611,rev_004_39cfa6cf,4,40.8,78
arm2,redmi9t,20260917-143611,rev_004_39cfa6cf,5,40.2,79
arm2,redmi9t,20260917-143611,rev_004_39cfa6cf,6,40.5,81
arm2,redmi9t,20260917-143611,rev_004_39cfa6cf,7,42.6,78
arm2,redmi9t,20260917-143611,rev_004_39cfa6cf,8,39.2,33
arm2,redmi9t,20260917-143611,rev_004_39cfa6cf,9,39.8,80
arm2,redmi9t,20260917-143611,rev_011_bca4e2e7,0,40.2,81
arm2,redmi9t,20260917-143611,rev_011_bca4e2e7,1,40.5,79
arm2,redmi9t,20260917-143611,rev_011_bca4e2e7,10,39.8,81
arm2,redmi9t,20260917-143611,rev_011_bca4e2e7,11,40.5,77
arm2,redmi9t,20260917-143611,rev_011_bca4e2e7,12,42.3,78
arm2,redmi9t,20260917-143611,rev_011_bca4e2e7,13,41.1,81
arm2,redmi9t,20260917-143611,rev_011_bca4e2e7,14,40.5,81
arm2,redmi9t,20260917-143611,rev_011_bca4e2e7,2,38.3,76
arm2,redmi9t,20260917-143611,rev_011_bca4e2e7,3,39.8,80
arm2,redmi9t,20260917-143611,rev_011_bca4e2e7,4,38.9,81
arm2,redmi9t,20260917-143611,rev_011_bca4e2e7,5,39.2,81
arm2,redmi9t,20260917-143611,rev_011_bca4e2e7,6,40.5,78
arm2,redmi9t,20260917-143611,rev_011_bca4e2e7,7,40.8,80
arm2,redmi9t,20260917-143611,rev_011_bca4e2e7,8,39.8,79
arm2,redmi9t,20260917-143611,rev_011_bca4e2e7,9,41.1,32
arm2,redmi9t,20260917-181138,rev_001_36f9332f,0,37.0,72
arm2,redmi9t,20260917-181138,rev_001_36f9332f,1,37.0,67
arm2,redmi9t,20260917-181138,rev_001_36f9332f,10,37.0,72
arm2,redmi9t,20260917-181138,rev_001_36f9332f,11,37.0,75
arm2,redmi9t,20260917-181138,rev_001_36f9332f,12,37.0,70
arm2,redmi9t,20260917-181138,rev_001_36f9332f,13,37.0,69
arm2,redmi9t,20260917-181138,rev_001_36f9332f,14,37.0,68
arm2,redmi9t,20260917-181138,rev_001_36f9332f,2,37.1,69
arm2,redmi9t,20260917-181138,rev_001_36f9332f,3,37.0,73
arm2,redmi9t,20260917-181138,rev_001_36f9332f,4,37.0,73
arm2,redmi9t,20260917-181138,rev_001_36f9332f,5,37.0,69
arm2,redmi9t,20260917-181138,rev_001_36f9332f,6,37.0,68
arm2,redmi9t,20260917-181138,rev_001_36f9332f,7,37.0,67
arm2,redmi9t,20260917-181138,rev_001_36f9332f,8,37.0,68
arm2,redmi9t,20260917-181138,rev_001_36f9332f,9,37.0,74
arm2,redmi9t,20260917-181138,rev_002_fb35943d,0,37.0,67
arm2,redmi9t,20260917-181138,rev_002_fb35943d,1,38.0,75
arm2,redmi9t,20260917-181138,rev_002_fb35943d,10,37.0,71
arm2,redmi9t,20260917-181138,rev_002_fb35943d,11,37.0,71
arm2,redmi9t,20260917-181138,rev_002_fb35943d,12,37.0,69
arm2,redmi9t,20260917-181138,rev_002_fb35943d,13,37.0,71
arm2,redmi9t,20260917-181138,rev_002_fb35943d,14,37.0,73
arm2,redmi9t,20260917-181138,rev_002_fb35943d,2,37.0,67
arm2,redmi9t,20260917-181138,rev_002_fb35943d,3,37.0,71
arm2,redmi9t,20260917-181138,rev_002_fb35943d,4,38.0,74
arm2,redmi9t,20260917-181138,rev_002_fb35943d,5,37.1,75
arm2,redmi9t,20260917-181138,rev_002_fb35943d,6,37.0,73
arm2,redmi9t,20260917-181138,rev_002_fb35943d,7,37.4,72
arm2,redmi9t,20260917-181138,rev_002_fb35943d,8,37.0,75
arm2,redmi9t,20260917-181138,rev_002_fb35943d,9,37.0,72
arm2,redmi9t,20260917-181138,rev_004_feb1342a,0,37.0,74
arm2,redmi9t,20260917-181138,rev_004_feb1342a,1,37.0,74
arm2,redmi9t,20260917-181138,rev_004_feb1342a,10,37.0,67
arm2,redmi9t,20260917-181138,rev_004_feb1342a,11,37.0,72
arm2,redmi9t,20260917-181138,rev_004_feb1342a,12,37.0,70
arm2,redmi9t,20260917-181138,rev_004_feb1342a,13,37.0,68
arm2,redmi9t,20260917-181138,rev_004_feb1342a,14,37.0,72
arm2,redmi9t,20260917-181138,rev_004_feb1342a,2,37.0,70
arm2,redmi9t,20260917-181138,rev_004_feb1342a,3,37.0,74
arm2,redmi9t,20260917-181138,rev_004_feb1342a,4,37.0,68
arm2,redmi9t,20260917-181138,rev_004_feb1342a,5,37.0,70
arm2,redmi9t,20260917-181138,rev_004_feb1342a,6,37.0,74
arm2,redmi9t,20260917-181138,rev_004_feb1342a,7,37.0,69
arm2,redmi9t,20260917-181138,rev_004_feb1342a,8,37.0,75
arm2,redmi9t,20260917-181138,rev_004_feb1342a,9,37.0,71
arm2,redmi9t,20260917-181138,rev_015_c777ccbb,0,37.0,74
arm2,redmi9t,20260917-181138,rev_015_c777ccbb,1,37.0,69
arm2,redmi9t,20260917-181138,rev_015_c777ccbb,10,37.0,75
arm2,redmi9t,20260917-181138,rev_015_c777ccbb,11,37.0,68
arm2,redmi9t,20260917-181138,rev_015_c777ccbb,12,37.0,69
arm2,redmi9t,20260917-181138,rev_015_c777ccbb,13,37.0,74
arm2,redmi9t,20260917-181138,rev_015_c777ccbb,14,37.0,72
arm2,redmi9t,20260917-181138,rev_015_c777ccbb,2,37.0,67
arm2,redmi9t,20260917-181138,rev_015_c777ccbb,3,37.7,70
arm2,redmi9t,20260917-181138,rev_015_c777ccbb,4,37.1,73
arm2,redmi9t,20260917-181138,rev_015_c777ccbb,5,37.7,73
arm2,redmi9t,20260917-181138,rev_015_c777ccbb,6,37.0,68
arm2,redmi9t,20260917-181138,rev_015_c777ccbb,7,37.0,71
arm2,redmi9t,20260917-181138,rev_015_c777ccbb,8,37.0,70
arm2,redmi9t,20260917-181138,rev_015_c777ccbb,9,37.0,75
arm2,redmi9t,20260912-024504,rev_001_a8208431,0,38.6,67
arm2,redmi9t,20260912-024504,rev_001_a8208431,1,38.0,70
arm2,redmi9t,20260912-024504,rev_001_a8208431,10,38.9,73
arm2,redmi9t,20260912-024504,rev_001_a8208431,11,37.0,72
arm2,redmi9t,20260912-024504,rev_001_a8208431,12,37.4,72
arm2,redmi9t,20260912-024504,rev_001_a8208431,13,42.9,70
arm2,redmi9t,20260912-024504,rev_001_a8208431,14,39.5,73
arm2,redmi9t,20260912-024504,rev_001_a8208431,2,39.5,70
arm2,redmi9t,20260912-024504,rev_001_a8208431,3,38.6,67
arm2,redmi9t,20260912-024504,rev_001_a8208431,4,39.8,68
arm2,redmi9t,20260912-024504,rev_001_a8208431,5,37.0,72
arm2,redmi9t,20260912-024504,rev_001_a8208431,6,39.5,72
arm2,redmi9t,20260912-024504,rev_001_a8208431,7,40.8,68
arm2,redmi9t,20260912-024504,rev_001_a8208431,8,45.4,68
arm2,redmi9t,20260912-024504,rev_001_a8208431,9,43.6,71
arm2,redmi9t,20260912-024504,rev_002_5939b95b,0,39.2,71
arm2,redmi9t,20260912-024504,rev_002_5939b95b,1,37.7,71
arm2,redmi9t,20260912-024504,rev_002_5939b95b,10,38.3,71
arm2,redmi9t,20260912-024504,rev_002_5939b95b,11,37.4,73
arm2,redmi9t,20260912-024504,rev_002_5939b95b,12,37.4,71
arm2,redmi9t,20260912-024504,rev_002_5939b95b,13,39.2,69
arm2,redmi9t,20260912-024504,rev_002_5939b95b,14,38.3,71
arm2,redmi9t,20260912-024504,rev_002_5939b95b,2,43.9,69
arm2,redmi9t,20260912-024504,rev_002_5939b95b,3,37.4,70
arm2,redmi9t,20260912-024504,rev_002_5939b95b,4,37.4,73
arm2,redmi9t,20260912-024504,rev_002_5939b95b,5,37.7,67
arm2,redmi9t,20260912-024504,rev_002_5939b95b,6,37.4,71
arm2,redmi9t,20260912-024504,rev_002_5939b95b,7,37.7,72
arm2,redmi9t,20260912-024504,rev_002_5939b95b,8,40.8,68
arm2,redmi9t,20260912-024504,rev_002_5939b95b,9,38.3,68
arm2,redmi9t,20260917-203437,rev_001_be7a2bcf,0,37.1,63
arm2,redmi9t,20260917-203437,rev_001_be7a2bcf,1,37.0,57
arm2,redmi9t,20260917-203437,rev_001_be7a2bcf,10,37.0,63
arm2,redmi9t,20260917-203437,rev_001_be7a2bcf,11,37.0,66
arm2,redmi9t,20260917-203437,rev_001_be7a2bcf,12,37.0,61
arm2,redmi9t,20260917-203437,rev_001_be7a2bcf,13,37.0,61
arm2,redmi9t,20260917-203437,rev_001_be7a2bcf,14,37.0,58
arm2,redmi9t,20260917-203437,rev_001_be7a2bcf,2,37.0,59
arm2,redmi9t,20260917-203437,rev_001_be7a2bcf,3,37.0,64
arm2,redmi9t,20260917-203437,rev_001_be7a2bcf,4,37.0,64
arm2,redmi9t,20260917-203437,rev_001_be7a2bcf,5,37.0,59
arm2,redmi9t,20260917-203437,rev_001_be7a2bcf,6,37.0,58
arm2,redmi9t,20260917-203437,rev_001_be7a2bcf,7,37.7,57
arm2,redmi9t,20260917-203437,rev_001_be7a2bcf,8,37.0,58
arm2,redmi9t,20260917-203437,rev_001_be7a2bcf,9,37.1,65
arm2,redmi9t,20260917-203437,rev_011_461470a5,0,37.0,58
arm2,redmi9t,20260917-203437,rev_011_461470a5,1,37.0,66
arm2,redmi9t,20260917-203437,rev_011_461470a5,10,37.0,62
arm2,redmi9t,20260917-203437,rev_011_461470a5,11,37.0,62
arm2,redmi9t,20260917-203437,rev_011_461470a5,12,37.0,59
arm2,redmi9t,20260917-203437,rev_011_461470a5,13,37.0,62
arm2,redmi9t,20260917-203437,rev_011_461470a5,14,37.0,64
arm2,redmi9t,20260917-203437,rev_011_461470a5,2,37.4,57
arm2,redmi9t,20260917-203437,rev_011_461470a5,3,37.0,62
arm2,redmi9t,20260917-203437,rev_011_461470a5,4,37.0,65
arm2,redmi9t,20260917-203437,rev_011_461470a5,5,37.0,66
arm2,redmi9t,20260917-203437,rev_011_461470a5,6,37.0,64
arm2,redmi9t,20260917-203437,rev_011_461470a5,7,37.0,63
arm2,redmi9t,20260917-203437,rev_011_461470a5,8,37.0,66
arm2,redmi9t,20260917-203437,rev_011_461470a5,9,37.0,63
arm2,redmi9t,20260917-203437,rev_012_035256ac,0,37.0,64
arm2,redmi9t,20260917-203437,rev_012_035256ac,1,37.0,65
arm2,redmi9t,20260917-203437,rev_012_035256ac,10,37.0,57
arm2,redmi9t,20260917-203437,rev_012_035256ac,11,37.0,63
arm2,redmi9t,20260917-203437,rev_012_035256ac,12,37.0,61
arm2,redmi9t,20260917-203437,rev_012_035256ac,13,37.0,58
arm2,redmi9t,20260917-203437,rev_012_035256ac,14,37.0,63
arm2,redmi9t,20260917-203437,rev_012_035256ac,2,37.0,61
arm2,redmi9t,20260917-203437,rev_012_035256ac,3,37.0,65
arm2,redmi9t,20260917-203437,rev_012_035256ac,4,37.0,59
arm2,redmi9t,20260917-203437,rev_012_035256ac,5,37.0,61
arm2,redmi9t,20260917-203437,rev_012_035256ac,6,37.1,65
arm2,redmi9t,20260917-203437,rev_012_035256ac,7,37.0,59
arm2,redmi9t,20260917-203437,rev_012_035256ac,8,37.0,66
arm2,redmi9t,20260917-203437,rev_012_035256ac,9,37.0,62
arm2,redmi9t,20260917-203437,rev_013_fa0441a0,0,37.0,65
arm2,redmi9t,20260917-203437,rev_013_fa0441a0,1,37.0,60
arm2,redmi9t,20260917-203437,rev_013_fa0441a0,10,37.0,66
arm2,redmi9t,20260917-203437,rev_013_fa0441a0,11,37.0,58
arm2,redmi9t,20260917-203437,rev_013_fa0441a0,12,37.0,60
arm2,redmi9t,20260917-203437,rev_013_fa0441a0,13,37.7,65
arm2,redmi9t,20260917-203437,rev_013_fa0441a0,14,37.0,63
arm2,redmi9t,20260917-203437,rev_013_fa0441a0,2,38.0,57
arm2,redmi9t,20260917-203437,rev_013_fa0441a0,3,37.0,61
arm2,redmi9t,20260917-203437,rev_013_fa0441a0,4,37.0,64
arm2,redmi9t,20260917-203437,rev_013_fa0441a0,5,37.0,64
arm2,redmi9t,20260917-203437,rev_013_fa0441a0,6,37.0,59
arm2,redmi9t,20260917-203437,rev_013_fa0441a0,7,37.0,62
arm2,redmi9t,20260917-203437,rev_013_fa0441a0,8,37.0,61
arm2,redmi9t,20260917-203437,rev_013_fa0441a0,9,37.0,66
arm2,redmi9t,20260917-225752,rev_003_60becf94,3,37.0,60
arm2,redmi9t,20260917-225752,rev_004_3f02dfc9,6,37.0,60
arm2,redmi9t,20260917-225752,rev_005_d624f92d,1,37.0,60
arm2,redmi9t,20260917-225915,rev_001_c3200d3f,0,37.0,50
arm2,redmi9t,20260917-225915,rev_001_c3200d3f,1,37.0,49
arm2,redmi9t,20260917-225915,rev_001_c3200d3f,10,37.0,50
arm2,redmi9t,20260917-225915,rev_001_c3200d3f,11,37.0,48
arm2,redmi9t,20260917-225915,rev_001_c3200d3f,12,37.0,49
arm2,redmi9t,20260917-225915,rev_001_c3200d3f,13,37.0,47
arm2,redmi9t,20260917-225915,rev_001_c3200d3f,14,37.0,47
arm2,redmi9t,20260917-225915,rev_001_c3200d3f,2,37.0,53
arm2,redmi9t,20260917-225915,rev_001_c3200d3f,3,37.0,47
arm2,redmi9t,20260917-225915,rev_001_c3200d3f,4,37.0,48
arm2,redmi9t,20260917-225915,rev_001_c3200d3f,5,37.0,51
arm2,redmi9t,20260917-225915,rev_001_c3200d3f,6,37.0,51
arm2,redmi9t,20260917-225915,rev_001_c3200d3f,7,37.0,56
arm2,redmi9t,20260917-225915,rev_001_c3200d3f,8,37.0,56
arm2,redmi9t,20260917-225915,rev_001_c3200d3f,9,37.0,51
arm2,redmi9t,20260917-225915,rev_002_58c78aed,0,37.0,55
arm2,redmi9t,20260917-225915,rev_002_58c78aed,1,37.0,52
arm2,redmi9t,20260917-225915,rev_002_58c78aed,10,37.0,52
arm2,redmi9t,20260917-225915,rev_002_58c78aed,11,37.0,50
arm2,redmi9t,20260917-225915,rev_002_58c78aed,12,37.0,51
arm2,redmi9t,20260917-225915,rev_002_58c78aed,13,37.0,47
arm2,redmi9t,20260917-225915,rev_002_58c78aed,14,37.0,54
arm2,redmi9t,20260917-225915,rev_002_58c78aed,2,37.0,47
arm2,redmi9t,20260917-225915,rev_002_58c78aed,3,37.0,56
arm2,redmi9t,20260917-225915,rev_002_58c78aed,4,37.0,54
arm2,redmi9t,20260917-225915,rev_002_58c78aed,5,37.0,54
arm2,redmi9t,20260917-225915,rev_002_58c78aed,6,37.0,51
arm2,redmi9t,20260917-225915,rev_002_58c78aed,7,37.0,52
arm2,redmi9t,20260917-225915,rev_002_58c78aed,8,37.0,53
arm2,redmi9t,20260917-225915,rev_002_58c78aed,9,37.0,52
arm2,redmi9t,20260917-225915,rev_003_986aaa79,0,37.0,55
arm2,redmi9t,20260917-225915,rev_003_986aaa79,1,37.0,47
arm2,redmi9t,20260917-225915,rev_003_986aaa79,10,37.0,53
arm2,redmi9t,20260917-225915,rev_003_986aaa79,11,37.0,49
arm2,redmi9t,20260917-225915,rev_003_986aaa79,12,37.0,51
arm2,redmi9t,20260917-225915,rev_003_986aaa79,13,37.0,55
arm2,redmi9t,20260917-225915,rev_003_986aaa79,14,37.0,49
arm2,redmi9t,20260917-225915,rev_003_986aaa79,2,37.7,48
arm2,redmi9t,20260917-225915,rev_003_986aaa79,3,37.0,52
arm2,redmi9t,20260917-225915,rev_003_986aaa79,4,37.0,49
arm2,redmi9t,20260917-225915,rev_003_986aaa79,5,37.7,47
arm2,redmi9t,20260917-225915,rev_003_986aaa79,6,37.0,56
arm2,redmi9t,20260917-225915,rev_003_986aaa79,7,37.0,50
arm2,redmi9t,20260917-225915,rev_003_986aaa79,8,37.0,48
arm2,redmi9t,20260917-225915,rev_003_986aaa79,9,37.0,55
arm2,redmi9t,20260917-225915,rev_004_b86f512b,0,37.0,49
arm2,redmi9t,20260917-225915,rev_004_b86f512b,1,37.0,57
arm2,redmi9t,20260917-225915,rev_004_b86f512b,10,37.0,55
arm2,redmi9t,20260917-225915,rev_004_b86f512b,11,37.4,53
arm2,redmi9t,20260917-225915,rev_004_b86f512b,12,37.0,55
arm2,redmi9t,20260917-225915,rev_004_b86f512b,13,37.0,52
arm2,redmi9t,20260917-225915,rev_004_b86f512b,14,37.0,56
arm2,redmi9t,20260917-225915,rev_004_b86f512b,2,37.0,51
arm2,redmi9t,20260917-225915,rev_004_b86f512b,3,37.0,52
arm2,redmi9t,20260917-225915,rev_004_b86f512b,4,37.0,54
arm2,redmi9t,20260917-225915,rev_004_b86f512b,5,37.0,53
arm2,redmi9t,20260917-225915,rev_004_b86f512b,6,37.0,53
arm2,redmi9t,20260917-225915,rev_004_b86f512b,7,37.0,54
arm2,redmi9t,20260917-225915,rev_004_b86f512b,8,37.0,50
arm2,redmi9t,20260917-225915,rev_004_b86f512b,9,38.3,48
arm2,redmi9t,20260917-225915,rev_005_659ae7ce,0,37.0,56
arm2,redmi9t,20260917-225915,rev_005_659ae7ce,1,37.0,50
arm2,redmi9t,20260917-225915,rev_005_659ae7ce,10,38.0,50
arm2,redmi9t,20260917-225915,rev_005_659ae7ce,11,37.1,56
arm2,redmi9t,20260917-225915,rev_005_659ae7ce,12,37.1,49
arm2,redmi9t,20260917-225915,rev_005_659ae7ce,13,37.0,48
arm2,redmi9t,20260917-225915,rev_005_659ae7ce,14,37.0,48
arm2,redmi9t,20260917-225915,rev_005_659ae7ce,2,37.1,51
arm2,redmi9t,20260917-225915,rev_005_659ae7ce,3,37.0,54
arm2,redmi9t,20260917-225915,rev_005_659ae7ce,4,37.0,53
arm2,redmi9t,20260917-225915,rev_005_659ae7ce,5,37.4,55
arm2,redmi9t,20260917-225915,rev_005_659ae7ce,6,37.0,53
arm2,redmi9t,20260917-225915,rev_005_659ae7ce,7,37.0,48
arm2,redmi9t,20260917-225915,rev_005_659ae7ce,8,37.0,48
arm2,redmi9t,20260917-225915,rev_005_659ae7ce,9,37.0,50
arm2,redmi9t,20260918-015038,rev_001_c2b16d6a,0,37.0,43
arm2,redmi9t,20260918-015038,rev_001_c2b16d6a,1,37.0,37
arm2,redmi9t,20260918-015038,rev_001_c2b16d6a,10,37.0,43
arm2,redmi9t,20260918-015038,rev_001_c2b16d6a,11,37.0,46
arm2,redmi9t,20260918-015038,rev_001_c2b16d6a,12,37.0,41
arm2,redmi9t,20260918-015038,rev_001_c2b16d6a,13,37.0,40
arm2,redmi9t,20260918-015038,rev_001_c2b16d6a,14,37.0,38
arm2,redmi9t,20260918-015038,rev_001_c2b16d6a,2,37.0,39
arm2,redmi9t,20260918-015038,rev_001_c2b16d6a,3,37.0,44
arm2,redmi9t,20260918-015038,rev_001_c2b16d6a,4,37.4,44
arm2,redmi9t,20260918-015038,rev_001_c2b16d6a,5,37.0,39
arm2,redmi9t,20260918-015038,rev_001_c2b16d6a,6,37.0,38
arm2,redmi9t,20260918-015038,rev_001_c2b16d6a,7,37.0,37
arm2,redmi9t,20260918-015038,rev_001_c2b16d6a,8,37.0,38
arm2,redmi9t,20260918-015038,rev_001_c2b16d6a,9,37.0,45
arm2,redmi9t,20260918-015038,rev_002_4f5d4e90,0,37.0,37
arm2,redmi9t,20260918-015038,rev_002_4f5d4e90,1,37.0,46
arm2,redmi9t,20260918-015038,rev_002_4f5d4e90,10,37.0,42
arm2,redmi9t,20260918-015038,rev_002_4f5d4e90,11,37.0,41
arm2,redmi9t,20260918-015038,rev_002_4f5d4e90,12,37.0,39
arm2,redmi9t,20260918-015038,rev_002_4f5d4e90,13,37.0,42
arm2,redmi9t,20260918-015038,rev_002_4f5d4e90,14,37.0,44
arm2,redmi9t,20260918-015038,rev_002_4f5d4e90,2,37.0,37
arm2,redmi9t,20260918-015038,rev_002_4f5d4e90,3,37.0,42
arm2,redmi9t,20260918-015038,rev_002_4f5d4e90,4,37.0,45
arm2,redmi9t,20260918-015038,rev_002_4f5d4e90,5,38.0,46
arm2,redmi9t,20260918-015038,rev_002_4f5d4e90,6,37.0,44
arm2,redmi9t,20260918-015038,rev_002_4f5d4e90,7,37.0,43
arm2,redmi9t,20260918-015038,rev_002_4f5d4e90,8,37.0,46
arm2,redmi9t,20260918-015038,rev_002_4f5d4e90,9,37.0,43
arm2,redmi9t,20260918-015038,rev_003_cdbc2f11,0,37.0,44
arm2,redmi9t,20260918-015038,rev_003_cdbc2f11,1,37.0,45
arm2,redmi9t,20260918-015038,rev_003_cdbc2f11,10,37.0,36
arm2,redmi9t,20260918-015038,rev_003_cdbc2f11,11,37.0,43
arm2,redmi9t,20260918-015038,rev_003_cdbc2f11,12,37.0,40
arm2,redmi9t,20260918-015038,rev_003_cdbc2f11,13,37.0,38
arm2,redmi9t,20260918-015038,rev_003_cdbc2f11,14,37.0,42
arm2,redmi9t,20260918-015038,rev_003_cdbc2f11,2,37.0,40
arm2,redmi9t,20260918-015038,rev_003_cdbc2f11,3,43.2,45
arm2,redmi9t,20260918-015038,rev_003_cdbc2f11,4,37.0,39
arm2,redmi9t,20260918-015038,rev_003_cdbc2f11,5,37.0,41
arm2,redmi9t,20260918-015038,rev_003_cdbc2f11,6,38.0,45
arm2,redmi9t,20260918-015038,rev_003_cdbc2f11,7,37.0,39
arm2,redmi9t,20260918-015038,rev_003_cdbc2f11,8,37.0,46
arm2,redmi9t,20260918-015038,rev_003_cdbc2f11,9,37.0,41
arm2,redmi9t,20260918-015038,rev_004_43b5d4fb,0,37.0,45
arm2,redmi9t,20260918-015038,rev_004_43b5d4fb,1,37.0,40
arm2,redmi9t,20260918-015038,rev_004_43b5d4fb,10,37.0,46
arm2,redmi9t,20260918-015038,rev_004_43b5d4fb,11,37.0,38
arm2,redmi9t,20260918-015038,rev_004_43b5d4fb,12,37.0,40
arm2,redmi9t,20260918-015038,rev_004_43b5d4fb,13,37.0,45
arm2,redmi9t,20260918-015038,rev_004_43b5d4fb,14,37.0,43
arm2,redmi9t,20260918-015038,rev_004_43b5d4fb,2,37.0,37
arm2,redmi9t,20260918-015038,rev_004_43b5d4fb,3,37.0,41
arm2,redmi9t,20260918-015038,rev_004_43b5d4fb,4,37.0,44
arm2,redmi9t,20260918-015038,rev_004_43b5d4fb,5,38.9,44
arm2,redmi9t,20260918-015038,rev_004_43b5d4fb,6,37.0,38
arm2,redmi9t,20260918-015038,rev_004_43b5d4fb,7,37.0,42
arm2,redmi9t,20260918-015038,rev_004_43b5d4fb,8,37.0,40
arm2,redmi9t,20260918-015038,rev_004_43b5d4fb,9,37.0,46
arm2,redmi9t,20260918-063954,rev_001_4b266f02,0,40.2,77
arm2,redmi9t,20260918-063954,rev_001_4b266f02,1,40.2,75
arm2,redmi9t,20260918-063954,rev_001_4b266f02,10,40.5,77
arm2,redmi9t,20260918-063954,rev_001_4b266f02,11,39.8,73
arm2,redmi9t,20260918-063954,rev_001_4b266f02,12,41.4,75
arm2,redmi9t,20260918-063954,rev_001_4b266f02,13,41.4,73
arm2,redmi9t,20260918-063954,rev_001_4b266f02,14,41.7,72
arm2,redmi9t,20260918-063954,rev_001_4b266f02,2,41.4,81
arm2,redmi9t,20260918-063954,rev_001_4b266f02,3,39.8,73
arm2,redmi9t,20260918-063954,rev_001_4b266f02,4,40.5,74
arm2,redmi9t,20260918-063954,rev_001_4b266f02,5,42.3,78
arm2,redmi9t,20260918-063954,rev_001_4b266f02,6,40.8,78
arm2,redmi9t,20260918-063954,rev_001_4b266f02,7,40.5,84
arm2,redmi9t,20260918-063954,rev_001_4b266f02,8,40.2,84
arm2,redmi9t,20260918-063954,rev_001_4b266f02,9,41.4,78
arm2,redmi9t,20260918-063954,rev_002_25fe59ad,0,40.5,83
arm2,redmi9t,20260918-063954,rev_002_25fe59ad,1,40.5,79
arm2,redmi9t,20260918-063954,rev_002_25fe59ad,10,41.1,79
arm2,redmi9t,20260918-063954,rev_002_25fe59ad,11,41.1,76
arm2,redmi9t,20260918-063954,rev_002_25fe59ad,12,41.1,77
arm2,redmi9t,20260918-063954,rev_002_25fe59ad,13,40.5,73
arm2,redmi9t,20260918-063954,rev_002_25fe59ad,14,40.2,82
arm2,redmi9t,20260918-063954,rev_002_25fe59ad,2,40.8,73
arm2,redmi9t,20260918-063954,rev_002_25fe59ad,3,39.8,85
arm2,redmi9t,20260918-063954,rev_002_25fe59ad,4,40.8,81
arm2,redmi9t,20260918-063954,rev_002_25fe59ad,5,41.4,81
arm2,redmi9t,20260918-063954,rev_002_25fe59ad,6,41.1,77
arm2,redmi9t,20260918-063954,rev_002_25fe59ad,7,40.5,79
arm2,redmi9t,20260918-063954,rev_002_25fe59ad,8,42.9,80
arm2,redmi9t,20260918-063954,rev_002_25fe59ad,9,41.1,78
arm2,redmi9t,20260918-063954,rev_004_3edaf7e4,0,40.2,82
arm2,redmi9t,20260918-063954,rev_004_3edaf7e4,1,43.6,73
arm2,redmi9t,20260918-063954,rev_004_3edaf7e4,10,40.2,81
arm2,redmi9t,20260918-063954,rev_004_3edaf7e4,11,40.8,75
arm2,redmi9t,20260918-063954,rev_004_3edaf7e4,12,41.1,78
arm2,redmi9t,20260918-063954,rev_004_3edaf7e4,13,42.0,83
arm2,redmi9t,20260918-063954,rev_004_3edaf7e4,14,40.2,76
arm2,redmi9t,20260918-063954,rev_004_3edaf7e4,2,40.5,74
arm2,redmi9t,20260918-063954,rev_004_3edaf7e4,3,41.4,79
arm2,redmi9t,20260918-063954,rev_004_3edaf7e4,4,42.0,76
arm2,redmi9t,20260918-063954,rev_004_3edaf7e4,5,40.8,73
arm2,redmi9t,20260918-063954,rev_004_3edaf7e4,6,40.5,85
arm2,redmi9t,20260918-063954,rev_004_3edaf7e4,7,40.8,76
arm2,redmi9t,20260918-063954,rev_004_3edaf7e4,8,39.5,75
arm2,redmi9t,20260918-063954,rev_004_3edaf7e4,9,40.8,83
arm2,redmi9t,20260918-063954,rev_023_13310e2d,0,40.2,75
arm2,redmi9t,20260918-063954,rev_023_13310e2d,1,37.4,85
arm2,redmi9t,20260918-063954,rev_023_13310e2d,10,40.2,82
arm2,redmi9t,20260918-063954,rev_023_13310e2d,11,42.0,80
arm2,redmi9t,20260918-063954,rev_023_13310e2d,12,40.5,83
arm2,redmi9t,20260918-063954,rev_023_13310e2d,13,40.5,80
arm2,redmi9t,20260918-063954,rev_023_13310e2d,14,40.8,84
arm2,redmi9t,20260918-063954,rev_023_13310e2d,2,41.4,77
arm2,redmi9t,20260918-063954,rev_023_13310e2d,3,40.8,79
arm2,redmi9t,20260918-063954,rev_023_13310e2d,4,40.5,82
arm2,redmi9t,20260918-063954,rev_023_13310e2d,5,42.0,80
arm2,redmi9t,20260918-063954,rev_023_13310e2d,6,40.2,81
arm2,redmi9t,20260918-063954,rev_023_13310e2d,7,41.4,82
arm2,redmi9t,20260918-063954,rev_023_13310e2d,8,40.2,77
arm2,redmi9t,20260918-063954,rev_023_13310e2d,9,40.2,74
arm2,redmi9t,20260918-063954,rev_038_bf1b9368,0,40.8,84
arm2,redmi9t,20260918-063954,rev_038_bf1b9368,1,40.2,76
arm2,redmi9t,20260918-063954,rev_038_bf1b9368,10,40.5,76
arm2,redmi9t,20260918-063954,rev_038_bf1b9368,11,41.1,84
arm2,redmi9t,20260918-063954,rev_038_bf1b9368,12,40.8,75
arm2,redmi9t,20260918-063954,rev_038_bf1b9368,13,40.5,74
arm2,redmi9t,20260918-063954,rev_038_bf1b9368,14,41.1,74
arm2,redmi9t,20260918-063954,rev_038_bf1b9368,2,40.5,78
arm2,redmi9t,20260918-063954,rev_038_bf1b9368,3,41.4,81
arm2,redmi9t,20260918-063954,rev_038_bf1b9368,4,41.4,80
arm2,redmi9t,20260918-063954,rev_038_bf1b9368,5,41.1,83
arm2,redmi9t,20260918-063954,rev_038_bf1b9368,6,41.1,80
arm2,redmi9t,20260918-063954,rev_038_bf1b9368,7,40.8,74
arm2,redmi9t,20260918-063954,rev_038_bf1b9368,8,41.4,74
arm2,redmi9t,20260918-063954,rev_038_bf1b9368,9,40.5,77
arm2,redmi9t,20260918-090345,rev_003_ac7a9c17,0,42.0,65
arm2,redmi9t,20260918-090345,rev_003_ac7a9c17,1,40.8,63
arm2,redmi9t,20260918-090345,rev_003_ac7a9c17,10,41.1,65
arm2,redmi9t,20260918-090345,rev_003_ac7a9c17,11,40.2,62
arm2,redmi9t,20260918-090345,rev_003_ac7a9c17,12,40.2,63
arm2,redmi9t,20260918-090345,rev_003_ac7a9c17,13,40.8,61
arm2,redmi9t,20260918-090345,rev_003_ac7a9c17,14,41.1,60
arm2,redmi9t,20260918-090345,rev_003_ac7a9c17,2,41.1,69
arm2,redmi9t,20260918-090345,rev_003_ac7a9c17,3,40.5,61
arm2,redmi9t,20260918-090345,rev_003_ac7a9c17,4,40.2,62
arm2,redmi9t,20260918-090345,rev_003_ac7a9c17,5,40.8,67
arm2,redmi9t,20260918-090345,rev_003_ac7a9c17,6,40.2,66
arm2,redmi9t,20260918-090345,rev_003_ac7a9c17,7,41.7,72
arm2,redmi9t,20260918-090345,rev_003_ac7a9c17,8,40.5,72
arm2,redmi9t,20260918-090345,rev_003_ac7a9c17,9,40.8,66
arm2,redmi9t,20260918-090345,rev_004_a0b447fb,0,40.5,71
arm2,redmi9t,20260918-090345,rev_004_a0b447fb,1,40.8,67
arm2,redmi9t,20260918-090345,rev_004_a0b447fb,10,41.4,68
arm2,redmi9t,20260918-090345,rev_004_a0b447fb,11,40.8,64
arm2,redmi9t,20260918-090345,rev_004_a0b447fb,12,41.7,65
arm2,redmi9t,20260918-090345,rev_004_a0b447fb,13,40.5,61
arm2,redmi9t,20260918-090345,rev_004_a0b447fb,14,40.8,70
arm2,redmi9t,20260918-090345,rev_004_a0b447fb,2,39.8,61
arm2,redmi9t,20260918-090345,rev_004_a0b447fb,3,40.5,72
arm2,redmi9t,20260918-090345,rev_004_a0b447fb,4,40.8,69
arm2,redmi9t,20260918-090345,rev_004_a0b447fb,5,41.4,69
arm2,redmi9t,20260918-090345,rev_004_a0b447fb,6,40.5,66
arm2,redmi9t,20260918-090345,rev_004_a0b447fb,7,40.5,67
arm2,redmi9t,20260918-090345,rev_004_a0b447fb,8,39.8,68
arm2,redmi9t,20260918-090345,rev_004_a0b447fb,9,42.3,67
arm2,redmi9t,20260918-090345,rev_005_225cd9c1,0,41.1,70
arm2,redmi9t,20260918-090345,rev_005_225cd9c1,1,41.4,61
arm2,redmi9t,20260918-090345,rev_005_225cd9c1,10,39.8,69
arm2,redmi9t,20260918-090345,rev_005_225cd9c1,11,41.1,64
arm2,redmi9t,20260918-090345,rev_005_225cd9c1,12,41.1,66
arm2,redmi9t,20260918-090345,rev_005_225cd9c1,13,40.8,71
arm2,redmi9t,20260918-090345,rev_005_225cd9c1,14,42.0,64
arm2,redmi9t,20260918-090345,rev_005_225cd9c1,2,41.4,63
arm2,redmi9t,20260918-090345,rev_005_225cd9c1,3,41.4,67
arm2,redmi9t,20260918-090345,rev_005_225cd9c1,4,42.3,64
arm2,redmi9t,20260918-090345,rev_005_225cd9c1,5,40.2,61
arm2,redmi9t,20260918-090345,rev_005_225cd9c1,6,40.8,72
arm2,redmi9t,20260918-090345,rev_005_225cd9c1,7,41.4,65
arm2,redmi9t,20260918-090345,rev_005_225cd9c1,8,41.4,63
arm2,redmi9t,20260918-090345,rev_005_225cd9c1,9,40.5,71
arm2,redmi9t,20260918-090345,rev_006_530b89eb,0,41.1,64
arm2,redmi9t,20260918-090345,rev_006_530b89eb,1,38.3,72
arm2,redmi9t,20260918-090345,rev_006_530b89eb,10,40.5,70
arm2,redmi9t,20260918-090345,rev_006_530b89eb,11,40.2,69
arm2,redmi9t,20260918-090345,rev_006_530b89eb,12,39.5,70
arm2,redmi9t,20260918-090345,rev_006_530b89eb,13,39.8,68
arm2,redmi9t,20260918-090345,rev_006_530b89eb,14,40.5,71
arm2,redmi9t,20260918-090345,rev_006_530b89eb,2,40.8,66
arm2,redmi9t,20260918-090345,rev_006_530b89eb,3,40.8,67
arm2,redmi9t,20260918-090345,rev_006_530b89eb,4,40.8,70
arm2,redmi9t,20260918-090345,rev_006_530b89eb,5,39.8,68
arm2,redmi9t,20260918-090345,rev_006_530b89eb,6,40.5,69
arm2,redmi9t,20260918-090345,rev_006_530b89eb,7,40.5,70
arm2,redmi9t,20260918-090345,rev_006_530b89eb,8,40.5,65
arm2,redmi9t,20260918-090345,rev_006_530b89eb,9,39.8,62
arm2,redmi9t,20260918-090345,rev_007_1acfd5a2,0,42.3,71
arm2,redmi9t,20260918-090345,rev_007_1acfd5a2,1,40.8,64
arm2,redmi9t,20260918-090345,rev_007_1acfd5a2,10,41.1,65
arm2,redmi9t,20260918-090345,rev_007_1acfd5a2,11,40.5,71
arm2,redmi9t,20260918-090345,rev_007_1acfd5a2,12,40.5,63
arm2,redmi9t,20260918-090345,rev_007_1acfd5a2,13,40.2,62
arm2,redmi9t,20260918-090345,rev_007_1acfd5a2,14,41.1,63
arm2,redmi9t,20260918-090345,rev_007_1acfd5a2,2,41.1,66
arm2,redmi9t,20260918-090345,rev_007_1acfd5a2,3,41.4,69
arm2,redmi9t,20260918-090345,rev_007_1acfd5a2,4,47.3,68
arm2,redmi9t,20260918-090345,rev_007_1acfd5a2,5,41.4,70
arm2,redmi9t,20260918-090345,rev_007_1acfd5a2,6,40.8,68
arm2,redmi9t,20260918-090345,rev_007_1acfd5a2,7,40.2,62
arm2,redmi9t,20260918-090345,rev_007_1acfd5a2,8,40.8,62
arm2,redmi9t,20260918-090345,rev_007_1acfd5a2,9,42.3,65
arm2,redmi9t,20260912-180255,rev_003_ce76b192,0,38.6,63
arm2,redmi9t,20260912-180255,rev_003_ce76b192,1,38.3,73
arm2,redmi9t,20260912-180255,rev_003_ce76b192,10,39.2,66
arm2,redmi9t,20260912-180255,rev_003_ce76b192,11,38.9,59
arm2,redmi9t,20260912-180255,rev_003_ce76b192,12,38.6,65
arm2,redmi9t,20260912-180255,rev_003_ce76b192,13,38.6,58
arm2,redmi9t,20260912-180255,rev_003_ce76b192,14,38.0,57
arm2,redmi9t,20260912-180255,rev_003_ce76b192,2,39.2,68
arm2,redmi9t,20260912-180255,rev_003_ce76b192,3,39.2,57
arm2,redmi9t,20260912-180255,rev_003_ce76b192,4,39.8,59
arm2,redmi9t,20260912-180255,rev_003_ce76b192,5,40.5,66
arm2,redmi9t,20260912-180255,rev_003_ce76b192,6,38.9,69
arm2,redmi9t,20260912-180255,rev_003_ce76b192,7,39.2,74
arm2,redmi9t,20260912-180255,rev_003_ce76b192,8,46.0,75
arm2,redmi9t,20260912-180255,rev_003_ce76b192,9,40.5,78
arm2,redmi9t,20260912-180255,rev_004_886b9b59,0,38.6,66
arm2,redmi9t,20260912-180255,rev_004_886b9b59,1,39.2,76
arm2,redmi9t,20260912-180255,rev_004_886b9b59,10,38.9,61
arm2,redmi9t,20260912-180255,rev_004_886b9b59,11,38.3,73
arm2,redmi9t,20260912-180255,rev_004_886b9b59,12,40.2,60
arm2,redmi9t,20260912-180255,rev_004_886b9b59,13,39.2,57
arm2,redmi9t,20260912-180255,rev_004_886b9b59,14,38.9,60
arm2,redmi9t,20260912-180255,rev_004_886b9b59,2,38.3,58
arm2,redmi9t,20260912-180255,rev_004_886b9b59,3,39.5,69
arm2,redmi9t,20260912-180255,rev_004_886b9b59,4,39.5,64
arm2,redmi9t,20260912-180255,rev_004_886b9b59,5,40.8,63
arm2,redmi9t,20260912-180255,rev_004_886b9b59,6,39.8,72
arm2,redmi9t,20260912-180255,rev_004_886b9b59,7,38.6,70
arm2,redmi9t,20260912-180255,rev_004_886b9b59,8,39.2,70
arm2,redmi9t,20260912-180255,rev_004_886b9b59,9,44.8,69
arm2,redmi9t,20260912-180255,rev_005_ad140f38,0,40.5,77
arm2,redmi9t,20260912-180255,rev_005_ad140f38,1,39.5,57
arm2,redmi9t,20260912-180255,rev_005_ad140f38,10,38.6,70
arm2,redmi9t,20260912-180255,rev_005_ad140f38,11,45.1,72
arm2,redmi9t,20260912-180255,rev_005_ad140f38,12,38.3,68
arm2,redmi9t,20260912-180255,rev_005_ad140f38,13,38.6,64
arm2,redmi9t,20260912-180255,rev_005_ad140f38,14,38.6,65
arm2,redmi9t,20260912-180255,rev_005_ad140f38,2,39.8,76
arm2,redmi9t,20260912-180255,rev_005_ad140f38,3,39.8,65
arm2,redmi9t,20260912-180255,rev_005_ad140f38,4,39.2,71
arm2,redmi9t,20260912-180255,rev_005_ad140f38,5,40.8,57
arm2,redmi9t,20260912-180255,rev_005_ad140f38,6,38.3,67
arm2,redmi9t,20260912-180255,rev_005_ad140f38,7,38.6,67
arm2,redmi9t,20260912-180255,rev_005_ad140f38,8,40.8,71
arm2,redmi9t,20260912-180255,rev_005_ad140f38,9,39.8,72
arm2,redmi9t,20260912-180255,rev_006_411d2fe6,0,45.4,65
arm2,redmi9t,20260912-180255,rev_006_411d2fe6,1,38.3,67
arm2,redmi9t,20260912-180255,rev_006_411d2fe6,10,38.9,71
arm2,redmi9t,20260912-180255,rev_006_411d2fe6,11,38.9,69
arm2,redmi9t,20260912-180255,rev_006_411d2fe6,12,38.3,62
arm2,redmi9t,20260912-180255,rev_006_411d2fe6,13,38.6,66
arm2,redmi9t,20260912-180255,rev_006_411d2fe6,14,38.6,71
arm2,redmi9t,20260912-180255,rev_006_411d2fe6,2,39.8,76
arm2,redmi9t,20260912-180255,rev_006_411d2fe6,3,40.8,65
arm2,redmi9t,20260912-180255,rev_006_411d2fe6,4,39.2,68
arm2,redmi9t,20260912-180255,rev_006_411d2fe6,5,38.9,72
arm2,redmi9t,20260912-180255,rev_006_411d2fe6,6,39.8,75
arm2,redmi9t,20260912-180255,rev_006_411d2fe6,7,40.8,72
arm2,redmi9t,20260912-180255,rev_006_411d2fe6,8,41.4,62
arm2,redmi9t,20260912-180255,rev_006_411d2fe6,9,39.5,59
arm2,redmi9t,20260912-180255,rev_007_fa7d824f,0,39.2,71
arm2,redmi9t,20260912-180255,rev_007_fa7d824f,1,46.7,74
arm2,redmi9t,20260912-180255,rev_007_fa7d824f,10,38.6,73
arm2,redmi9t,20260912-180255,rev_007_fa7d824f,11,40.8,61
arm2,redmi9t,20260912-180255,rev_007_fa7d824f,12,38.6,67
arm2,redmi9t,20260912-180255,rev_007_fa7d824f,13,38.9,67
arm2,redmi9t,20260912-180255,rev_007_fa7d824f,14,38.3,66
arm2,redmi9t,20260912-180255,rev_007_fa7d824f,2,39.5,75
arm2,redmi9t,20260912-180255,rev_007_fa7d824f,3,41.7,70
arm2,redmi9t,20260912-180255,rev_007_fa7d824f,4,40.2,60
arm2,redmi9t,20260912-180255,rev_007_fa7d824f,5,42.0,70
arm2,redmi9t,20260912-180255,rev_007_fa7d824f,6,39.2,72
arm2,redmi9t,20260912-180255,rev_007_fa7d824f,7,39.5,72
arm2,redmi9t,20260912-180255,rev_007_fa7d824f,8,43.6,75
arm2,redmi9t,20260912-180255,rev_007_fa7d824f,9,39.8,59
arm2,redmi9t,20260912-180255,rev_008_0d57677a,0,39.5,59
arm2,redmi9t,20260912-180255,rev_008_0d57677a,1,39.5,70
arm2,redmi9t,20260912-180255,rev_008_0d57677a,10,42.3,64
arm2,redmi9t,20260912-180255,rev_008_0d57677a,11,38.6,58
arm2,redmi9t,20260912-180255,rev_008_0d57677a,12,41.1,77
arm2,redmi9t,20260912-180255,rev_008_0d57677a,13,39.8,76
arm2,redmi9t,20260912-180255,rev_008_0d57677a,14,44.5,62
arm2,redmi9t,20260912-180255,rev_008_0d57677a,2,40.5,60
arm2,redmi9t,20260912-180255,rev_008_0d57677a,3,47.0,73
arm2,redmi9t,20260912-180255,rev_008_0d57677a,4,40.5,76
arm2,redmi9t,20260912-180255,rev_008_0d57677a,5,39.8,73
arm2,redmi9t,20260912-180255,rev_008_0d57677a,6,47.9,57
arm2,redmi9t,20260912-180255,rev_008_0d57677a,7,47.9,75
arm2,redmi9t,20260912-180255,rev_008_0d57677a,8,38.6,61
arm2,redmi9t,20260912-180255,rev_008_0d57677a,9,42.6,78
arm2,redmi9t,20260912-180255,rev_009_7d47afbf,0,38.6,69
arm2,redmi9t,20260912-180255,rev_009_7d47afbf,1,39.8,61
arm2,redmi9t,20260912-180255,rev_009_7d47afbf,10,38.0,64
arm2,redmi9t,20260912-180255,rev_009_7d47afbf,11,40.8,65
arm2,redmi9t,20260912-180255,rev_009_7d47afbf,12,38.9,61
arm2,redmi9t,20260912-180255,rev_009_7d47afbf,13,47.9,68
arm2,redmi9t,20260912-180255,rev_009_7d47afbf,14,40.5,63
arm2,redmi9t,20260912-180255,rev_009_7d47afbf,2,39.8,77
arm2,redmi9t,20260912-180255,rev_009_7d47afbf,3,40.8,77
arm2,redmi9t,20260912-180255,rev_009_7d47afbf,4,39.2,57
arm2,redmi9t,20260912-180255,rev_009_7d47afbf,5,40.2,77
arm2,redmi9t,20260912-180255,rev_009_7d47afbf,6,39.8,77
arm2,redmi9t,20260912-180255,rev_009_7d47afbf,7,40.5,75
arm2,redmi9t,20260912-180255,rev_009_7d47afbf,8,39.5,74
arm2,redmi9t,20260912-180255,rev_009_7d47afbf,9,39.2,70
arm2,redmi9t,20260912-180255,rev_011_464290cc,0,38.0,63
arm2,redmi9t,20260912-180255,rev_011_464290cc,1,38.6,60
arm2,redmi9t,20260912-180255,rev_011_464290cc,10,38.6,63
arm2,redmi9t,20260912-180255,rev_011_464290cc,11,39.5,58
arm2,redmi9t,20260912-180255,rev_011_464290cc,12,43.9,60
arm2,redmi9t,20260912-180255,rev_011_464290cc,13,39.8,68
arm2,redmi9t,20260912-180255,rev_011_464290cc,14,38.3,64
arm2,redmi9t,20260912-180255,rev_011_464290cc,2,46.3,62
arm2,redmi9t,20260912-180255,rev_011_464290cc,3,40.2,74
arm2,redmi9t,20260912-180255,rev_011_464290cc,4,41.1,76
arm2,redmi9t,20260912-180255,rev_011_464290cc,5,38.3,64
arm2,redmi9t,20260912-180255,rev_011_464290cc,6,38.6,58
arm2,redmi9t,20260912-180255,rev_011_464290cc,7,38.6,69
arm2,redmi9t,20260912-180255,rev_011_464290cc,8,39.5,62
arm2,redmi9t,20260912-180255,rev_011_464290cc,9,41.1,77
arm2,redmi9t,20260918-112735,rev_001_886b9b59,0,40.5,47
arm2,redmi9t,20260918-112735,rev_001_886b9b59,1,41.7,59
arm2,redmi9t,20260918-112735,rev_001_886b9b59,10,40.2,58
arm2,redmi9t,20260918-112735,rev_001_886b9b59,11,39.5,44
arm2,redmi9t,20260918-112735,rev_001_886b9b59,12,41.4,53
arm2,redmi9t,20260918-112735,rev_001_886b9b59,13,43.6,43
arm2,redmi9t,20260918-112735,rev_001_886b9b59,14,41.7,42
arm2,redmi9t,20260918-112735,rev_001_886b9b59,2,41.7,50
arm2,redmi9t,20260918-112735,rev_001_886b9b59,3,39.8,42
arm2,redmi9t,20260918-112735,rev_001_886b9b59,4,40.8,45
arm2,redmi9t,20260918-112735,rev_001_886b9b59,5,41.4,51
arm2,redmi9t,20260918-112735,rev_001_886b9b59,6,40.5,49
arm2,redmi9t,20260918-112735,rev_001_886b9b59,7,40.8,51
arm2,redmi9t,20260918-112735,rev_001_886b9b59,8,41.7,56
arm2,redmi9t,20260918-112735,rev_001_886b9b59,9,40.8,60
arm2,redmi9t,20260918-112735,rev_002_d6971e32,0,40.8,60
arm2,redmi9t,20260918-112735,rev_002_d6971e32,1,40.8,50
arm2,redmi9t,20260918-112735,rev_002_d6971e32,10,41.4,46
arm2,redmi9t,20260918-112735,rev_002_d6971e32,11,40.2,56
arm2,redmi9t,20260918-112735,rev_002_d6971e32,12,41.4,45
arm2,redmi9t,20260918-112735,rev_002_d6971e32,13,42.3,43
arm2,redmi9t,20260918-112735,rev_002_d6971e32,14,42.3,45
arm2,redmi9t,20260918-112735,rev_002_d6971e32,2,41.1,43
arm2,redmi9t,20260918-112735,rev_002_d6971e32,3,40.8,52
arm2,redmi9t,20260918-112735,rev_002_d6971e32,4,40.8,48
arm2,redmi9t,20260918-112735,rev_002_d6971e32,5,40.2,48
arm2,redmi9t,20260918-112735,rev_002_d6971e32,6,40.5,56
arm2,redmi9t,20260918-112735,rev_002_d6971e32,7,40.8,49
arm2,redmi9t,20260918-112735,rev_002_d6971e32,8,40.8,52
arm2,redmi9t,20260918-112735,rev_002_d6971e32,9,42.0,51
arm2,redmi9t,20260918-112735,rev_003_ad140f38,0,41.1,57
arm2,redmi9t,20260918-112735,rev_003_ad140f38,1,41.4,43
arm2,redmi9t,20260918-112735,rev_003_ad140f38,10,40.8,52
arm2,redmi9t,20260918-112735,rev_003_ad140f38,11,41.7,58
arm2,redmi9t,20260918-112735,rev_003_ad140f38,12,42.0,60
arm2,redmi9t,20260918-112735,rev_003_ad140f38,13,41.1,48
arm2,redmi9t,20260918-112735,rev_003_ad140f38,14,40.8,55
arm2,redmi9t,20260918-112735,rev_003_ad140f38,2,42.0,55
arm2,redmi9t,20260918-112735,rev_003_ad140f38,3,41.4,57
arm2,redmi9t,20260918-112735,rev_003_ad140f38,4,40.8,51
arm2,redmi9t,20260918-112735,rev_003_ad140f38,5,41.7,42
arm2,redmi9t,20260918-112735,rev_003_ad140f38,6,39.5,52
arm2,redmi9t,20260918-112735,rev_003_ad140f38,7,42.0,55
arm2,redmi9t,20260918-112735,rev_003_ad140f38,8,39.8,50
arm2,redmi9t,20260918-112735,rev_003_ad140f38,9,40.5,52
arm2,redmi9t,20260918-112735,rev_004_411d2fe6,0,41.1,54
arm2,redmi9t,20260918-112735,rev_004_411d2fe6,1,40.8,51
arm2,redmi9t,20260918-112735,rev_004_411d2fe6,10,40.5,53
arm2,redmi9t,20260918-112735,rev_004_411d2fe6,11,40.8,57
arm2,redmi9t,20260918-112735,rev_004_411d2fe6,12,41.1,47
arm2,redmi9t,20260918-112735,rev_004_411d2fe6,13,41.1,59
arm2,redmi9t,20260918-112735,rev_004_411d2fe6,14,41.4,56
arm2,redmi9t,20260918-112735,rev_004_411d2fe6,2,39.8,53
arm2,redmi9t,20260918-112735,rev_004_411d2fe6,3,40.2,49
arm2,redmi9t,20260918-112735,rev_004_411d2fe6,4,41.4,54
arm2,redmi9t,20260918-112735,rev_004_411d2fe6,5,41.4,54
arm2,redmi9t,20260918-112735,rev_004_411d2fe6,6,40.8,50
arm2,redmi9t,20260918-112735,rev_004_411d2fe6,7,40.5,57
arm2,redmi9t,20260918-112735,rev_004_411d2fe6,8,40.2,47
arm2,redmi9t,20260918-112735,rev_004_411d2fe6,9,41.4,44
arm2,redmi9t,20260918-112735,rev_005_0d57677a,0,40.2,56
arm2,redmi9t,20260918-112735,rev_005_0d57677a,1,43.2,50
arm2,redmi9t,20260918-112735,rev_005_0d57677a,10,40.5,49
arm2,redmi9t,20260918-112735,rev_005_0d57677a,11,42.0,46
arm2,redmi9t,20260918-112735,rev_005_0d57677a,12,42.3,56
arm2,redmi9t,20260918-112735,rev_005_0d57677a,13,40.5,59
arm2,redmi9t,20260918-112735,rev_005_0d57677a,14,41.7,48
arm2,redmi9t,20260918-112735,rev_005_0d57677a,2,41.1,54
arm2,redmi9t,20260918-112735,rev_005_0d57677a,3,41.1,55
arm2,redmi9t,20260918-112735,rev_005_0d57677a,4,40.5,45
arm2,redmi9t,20260918-112735,rev_005_0d57677a,5,39.8,60
arm2,redmi9t,20260918-112735,rev_005_0d57677a,6,41.4,57
arm2,redmi9t,20260918-112735,rev_005_0d57677a,7,41.4,58
arm2,redmi9t,20260918-112735,rev_005_0d57677a,8,40.8,56
arm2,redmi9t,20260918-112735,rev_005_0d57677a,9,40.5,44
arm2,redmi9t,20260918-112735,rev_006_464290cc,0,41.1,44
arm2,redmi9t,20260918-112735,rev_006_464290cc,1,40.2,59
arm2,redmi9t,20260918-112735,rev_006_464290cc,10,40.2,51
arm2,redmi9t,20260918-112735,rev_006_464290cc,11,40.8,43
arm2,redmi9t,20260918-112735,rev_006_464290cc,12,40.8,49
arm2,redmi9t,20260918-112735,rev_006_464290cc,13,40.8,46
arm2,redmi9t,20260918-112735,rev_006_464290cc,14,40.5,53
arm2,redmi9t,20260918-112735,rev_006_464290cc,2,40.5,46
arm2,redmi9t,20260918-112735,rev_006_464290cc,3,40.5,54
arm2,redmi9t,20260918-112735,rev_006_464290cc,4,43.9,52
arm2,redmi9t,20260918-112735,rev_006_464290cc,5,41.1,58
arm2,redmi9t,20260918-112735,rev_006_464290cc,6,40.5,42
arm2,redmi9t,20260918-112735,rev_006_464290cc,7,40.5,58
arm2,redmi9t,20260918-112735,rev_006_464290cc,8,40.2,58
arm2,redmi9t,20260918-112735,rev_006_464290cc,9,40.8,55
arm2,redmi9t,20260918-112735,rev_007_2652487c,0,40.2,48
arm2,redmi9t,20260918-112735,rev_007_2652487c,1,40.5,47
arm2,redmi9t,20260918-112735,rev_007_2652487c,10,40.5,47
arm2,redmi9t,20260918-112735,rev_007_2652487c,11,40.8,43
arm2,redmi9t,20260918-112735,rev_007_2652487c,12,40.5,45
arm2,redmi9t,20260918-112735,rev_007_2652487c,13,41.1,53
arm2,redmi9t,20260918-112735,rev_007_2652487c,14,40.5,50
arm2,redmi9t,20260918-112735,rev_007_2652487c,2,40.2,45
arm2,redmi9t,20260918-112735,rev_007_2652487c,3,40.8,46
arm2,redmi9t,20260918-112735,rev_007_2652487c,4,40.5,42
arm2,redmi9t,20260918-112735,rev_007_2652487c,5,40.5,49
arm2,redmi9t,20260918-112735,rev_007_2652487c,6,40.5,48
arm2,redmi9t,20260918-112735,rev_007_2652487c,7,40.2,54
arm2,redmi9t,20260918-112735,rev_007_2652487c,8,41.7,47
arm2,redmi9t,20260918-112735,rev_007_2652487c,9,41.7,59
arm2,redmi9t,20260918-150519,rev_001_ad140f38,0,37.4,81
arm2,redmi9t,20260918-150519,rev_001_ad140f38,1,37.0,66
arm2,redmi9t,20260918-150519,rev_001_ad140f38,10,37.1,80
arm2,redmi9t,20260918-150519,rev_001_ad140f38,11,37.0,68
arm2,redmi9t,20260918-150519,rev_001_ad140f38,12,41.7,33
arm2,redmi9t,20260918-150519,rev_001_ad140f38,13,40.2,39
arm2,redmi9t,20260918-150519,rev_001_ad140f38,14,37.0,78
arm2,redmi9t,20260918-150519,rev_001_ad140f38,2,41.1,36
arm2,redmi9t,20260918-150519,rev_001_ad140f38,3,41.1,40
arm2,redmi9t,20260918-150519,rev_001_ad140f38,4,37.0,74
arm2,redmi9t,20260918-150519,rev_001_ad140f38,5,40.8,38
arm2,redmi9t,20260918-150519,rev_001_ad140f38,6,37.0,62
arm2,redmi9t,20260918-150519,rev_001_ad140f38,7,37.0,64
arm2,redmi9t,20260918-150519,rev_001_ad140f38,8,37.0,64
arm2,redmi9t,20260918-150519,rev_001_ad140f38,9,41.1,33
arm2,redmi9t,20260918-150519,rev_002_411d2fe6,0,42.0,37
arm2,redmi9t,20260918-150519,rev_002_411d2fe6,1,43.6,30
arm2,redmi9t,20260918-150519,rev_002_411d2fe6,10,37.0,70
arm2,redmi9t,20260918-150519,rev_002_411d2fe6,11,37.0,63
arm2,redmi9t,20260918-150519,rev_002_411d2fe6,12,37.0,75
arm2,redmi9t,20260918-150519,rev_002_411d2fe6,13,37.0,62
arm2,redmi9t,20260918-150519,rev_002_411d2fe6,14,37.1,74
arm2,redmi9t,20260918-150519,rev_002_411d2fe6,2,37.0,70
arm2,redmi9t,20260918-150519,rev_002_411d2fe6,3,37.0,72
arm2,redmi9t,20260918-150519,rev_002_411d2fe6,4,37.0,78
arm2,redmi9t,20260918-150519,rev_002_411d2fe6,5,37.0,69
arm2,redmi9t,20260918-150519,rev_002_411d2fe6,6,41.7,38
arm2,redmi9t,20260918-150519,rev_002_411d2fe6,7,37.0,64
arm2,redmi9t,20260918-150519,rev_002_411d2fe6,8,37.0,64
arm2,redmi9t,20260918-150519,rev_002_411d2fe6,9,37.0,68
arm2,redmi9t,20260918-150519,rev_003_fa7d824f,0,41.1,36
arm2,redmi9t,20260918-150519,rev_003_fa7d824f,1,37.0,69
arm2,redmi9t,20260918-150519,rev_003_fa7d824f,10,37.0,67
arm2,redmi9t,20260918-150519,rev_003_fa7d824f,11,37.0,71
arm2,redmi9t,20260918-150519,rev_003_fa7d824f,12,41.7,39
arm2,redmi9t,20260918-150519,rev_003_fa7d824f,13,37.0,72
arm2,redmi9t,20260918-150519,rev_003_fa7d824f,14,41.4,36
arm2,redmi9t,20260918-150519,rev_003_fa7d824f,2,37.1,79
arm2,redmi9t,20260918-150519,rev_003_fa7d824f,3,37.0,76
arm2,redmi9t,20260918-150519,rev_003_fa7d824f,4,37.0,72
arm2,redmi9t,20260918-150519,rev_003_fa7d824f,5,37.0,63
arm2,redmi9t,20260918-150519,rev_003_fa7d824f,6,42.0,38
arm2,redmi9t,20260918-150519,rev_003_fa7d824f,7,38.3,41
arm2,redmi9t,20260918-150519,rev_003_fa7d824f,8,41.7,33
arm2,redmi9t,20260918-150519,rev_003_fa7d824f,9,37.0,67
arm2,redmi9t,20260918-150519,rev_004_0d57677a,0,41.4,37
arm2,redmi9t,20260918-150519,rev_004_0d57677a,1,37.0,77
arm2,redmi9t,20260918-150519,rev_004_0d57677a,10,37.0,64
arm2,redmi9t,20260918-150519,rev_004_0d57677a,11,37.4,66
arm2,redmi9t,20260918-150519,rev_004_0d57677a,12,37.0,63
arm2,redmi9t,20260918-150519,rev_004_0d57677a,13,37.0,70
arm2,redmi9t,20260918-150519,rev_004_0d57677a,14,37.0,64
arm2,redmi9t,20260918-150519,rev_004_0d57677a,2,40.2,35
arm2,redmi9t,20260918-150519,rev_004_0d57677a,3,37.0,72
arm2,redmi9t,20260918-150519,rev_004_0d57677a,4,37.0,70
arm2,redmi9t,20260918-150519,rev_004_0d57677a,5,37.1,65
arm2,redmi9t,20260918-150519,rev_004_0d57677a,6,37.0,74
arm2,redmi9t,20260918-150519,rev_004_0d57677a,7,42.3,32
arm2,redmi9t,20260918-150519,rev_004_0d57677a,8,37.0,71
arm2,redmi9t,20260918-150519,rev_004_0d57677a,9,37.0,77
arm2,redmi9t,20260918-150519,rev_005_fbdae7ec,0,41.1,33
arm2,redmi9t,20260918-150519,rev_005_fbdae7ec,1,40.5,39
arm2,redmi9t,20260918-150519,rev_005_fbdae7ec,10,37.0,62
arm2,redmi9t,20260918-150519,rev_005_fbdae7ec,11,37.0,66
arm2,redmi9t,20260918-150519,rev_005_fbdae7ec,12,37.1,75
arm2,redmi9t,20260918-150519,rev_005_fbdae7ec,13,40.8,39
arm2,redmi9t,20260918-150519,rev_005_fbdae7ec,14,37.1,70
arm2,redmi9t,20260918-150519,rev_005_fbdae7ec,2,37.0,62
arm2,redmi9t,20260918-150519,rev_005_fbdae7ec,3,37.0,76
arm2,redmi9t,20260918-150519,rev_005_fbdae7ec,4,40.8,40
arm2,redmi9t,20260918-150519,rev_005_fbdae7ec,5,37.0,78
arm2,redmi9t,20260918-150519,rev_005_fbdae7ec,6,37.1,80
arm2,redmi9t,20260918-150519,rev_005_fbdae7ec,7,37.0,68
arm2,redmi9t,20260918-150519,rev_005_fbdae7ec,8,37.0,72
arm2,redmi9t,20260918-150519,rev_005_fbdae7ec,9,41.4,35
arm2,redmi9t,20260918-150519,rev_006_464290cc,0,37.0,69
arm2,redmi9t,20260918-150519,rev_006_464290cc,1,42.0,32
arm2,redmi9t,20260918-150519,rev_006_464290cc,10,42.3,41
arm2,redmi9t,20260918-150519,rev_006_464290cc,11,37.0,67
arm2,redmi9t,20260918-150519,rev_006_464290cc,12,37.0,67
arm2,redmi9t,20260918-150519,rev_006_464290cc,13,37.0,68
arm2,redmi9t,20260918-150519,rev_006_464290cc,14,42.0,34
arm2,redmi9t,20260918-150519,rev_006_464290cc,2,37.1,80
arm2,redmi9t,20260918-150519,rev_006_464290cc,3,41.1,31
arm2,redmi9t,20260918-150519,rev_006_464290cc,4,40.8,31
arm2,redmi9t,20260918-150519,rev_006_464290cc,5,41.4,40
arm2,redmi9t,20260918-150519,rev_006_464290cc,6,40.8,73
arm2,redmi9t,20260918-150519,rev_006_464290cc,7,37.1,76
arm2,redmi9t,20260918-150519,rev_006_464290cc,8,37.0,75
arm2,redmi9t,20260918-150519,rev_006_464290cc,9,42.0,30
arm2,redmi9t,20260918-150519,rev_007_e3ba49d2,0,37.0,71
arm2,redmi9t,20260918-150519,rev_007_e3ba49d2,1,37.0,68
arm2,redmi9t,20260918-150519,rev_007_e3ba49d2,10,42.0,41
arm2,redmi9t,20260918-150519,rev_007_e3ba49d2,11,37.1,80
arm2,redmi9t,20260918-150519,rev_007_e3ba49d2,12,39.2,31
arm2,redmi9t,20260918-150519,rev_007_e3ba49d2,13,37.0,74
arm2,redmi9t,20260918-150519,rev_007_e3ba49d2,14,40.8,39
arm2,redmi9t,20260918-150519,rev_007_e3ba49d2,2,37.0,69
arm2,redmi9t,20260918-150519,rev_007_e3ba49d2,3,37.0,71
arm2,redmi9t,20260918-150519,rev_007_e3ba49d2,4,37.0,71
arm2,redmi9t,20260918-150519,rev_007_e3ba49d2,5,37.0,80
arm2,redmi9t,20260918-150519,rev_007_e3ba49d2,6,37.0,69
arm2,redmi9t,20260918-150519,rev_007_e3ba49d2,7,37.4,68
arm2,redmi9t,20260918-150519,rev_007_e3ba49d2,8,37.0,73
arm2,redmi9t,20260918-150519,rev_007_e3ba49d2,9,37.0,74
arm2,redmi9t,20260918-150519,rev_008_3d913995,0,37.0,74
arm2,redmi9t,20260918-150519,rev_008_3d913995,1,37.0,79
arm2,redmi9t,20260918-150519,rev_008_3d913995,10,37.7,78
arm2,redmi9t,20260918-150519,rev_008_3d913995,11,37.0,71
arm2,redmi9t,20260918-150519,rev_008_3d913995,12,37.0,68
arm2,redmi9t,20260918-150519,rev_008_3d913995,13,37.0,72
arm2,redmi9t,20260918-150519,rev_008_3d913995,14,37.0,79
arm2,redmi9t,20260918-150519,rev_008_3d913995,2,37.0,66
arm2,redmi9t,20260918-150519,rev_008_3d913995,3,37.0,64
arm2,redmi9t,20260918-150519,rev_008_3d913995,4,37.0,75
arm2,redmi9t,20260918-150519,rev_008_3d913995,5,41.4,31
arm2,redmi9t,20260918-150519,rev_008_3d913995,6,40.5,38
arm2,redmi9t,20260918-150519,rev_008_3d913995,7,37.0,75
arm2,redmi9t,20260918-150519,rev_008_3d913995,8,38.3,81
arm2,redmi9t,20260918-150519,rev_008_3d913995,9,37.0,66
arm2,redmi9t,20260918-150519,rev_009_a9a3f4b7,0,37.1,77
arm2,redmi9t,20260918-150519,rev_009_a9a3f4b7,1,37.0,77
arm2,redmi9t,20260918-150519,rev_009_a9a3f4b7,10,37.4,80
arm2,redmi9t,20260918-150519,rev_009_a9a3f4b7,11,37.0,76
arm2,redmi9t,20260918-150519,rev_009_a9a3f4b7,12,37.1,77
arm2,redmi9t,20260918-150519,rev_009_a9a3f4b7,13,42.3,31
arm2,redmi9t,20260918-150519,rev_009_a9a3f4b7,14,40.8,30
arm2,redmi9t,20260918-150519,rev_009_a9a3f4b7,2,37.0,77
arm2,redmi9t,20260918-150519,rev_009_a9a3f4b7,3,40.5,34
arm2,redmi9t,20260918-150519,rev_009_a9a3f4b7,4,38.9,35
arm2,redmi9t,20260918-150519,rev_009_a9a3f4b7,5,37.0,75
arm2,redmi9t,20260918-150519,rev_009_a9a3f4b7,6,37.0,79
arm2,redmi9t,20260918-150519,rev_009_a9a3f4b7,7,37.0,73
arm2,redmi9t,20260918-150519,rev_009_a9a3f4b7,8,37.0,73
arm2,redmi9t,20260918-150519,rev_009_a9a3f4b7,9,37.0,65
arm2,redmi9t,20260918-150519,rev_012_dbe89511,0,37.0,77
arm2,redmi9t,20260918-150519,rev_012_dbe89511,1,37.0,72
arm2,redmi9t,20260918-150519,rev_012_dbe89511,10,37.0,76
arm2,redmi9t,20260918-150519,rev_012_dbe89511,11,37.0,78
arm2,redmi9t,20260918-150519,rev_012_dbe89511,12,37.0,69
arm2,redmi9t,20260918-150519,rev_012_dbe89511,13,37.0,79
arm2,redmi9t,20260918-150519,rev_012_dbe89511,14,37.0,76
arm2,redmi9t,20260918-150519,rev_012_dbe89511,2,37.0,69
arm2,redmi9t,20260918-150519,rev_012_dbe89511,3,41.1,32
arm2,redmi9t,20260918-150519,rev_012_dbe89511,4,37.0,63
arm2,redmi9t,20260918-150519,rev_012_dbe89511,5,41.4,37
arm2,redmi9t,20260918-150519,rev_012_dbe89511,6,37.0,69
arm2,redmi9t,20260918-150519,rev_012_dbe89511,7,37.1,79
arm2,redmi9t,20260918-150519,rev_012_dbe89511,8,37.0,65
arm2,redmi9t,20260918-150519,rev_012_dbe89511,9,37.0,77
arm2,redmi9t,20260918-150519,rev_015_054b5fbc,0,37.0,66
arm2,redmi9t,20260918-150519,rev_015_054b5fbc,1,37.0,64
arm2,redmi9t,20260918-150519,rev_015_054b5fbc,10,40.2,34
arm2,redmi9t,20260918-150519,rev_015_054b5fbc,11,37.0,73
arm2,redmi9t,20260918-150519,rev_015_054b5fbc,12,37.0,75
arm2,redmi9t,20260918-150519,rev_015_054b5fbc,13,37.0,62
arm2,redmi9t,20260918-150519,rev_015_054b5fbc,14,37.0,71
arm2,redmi9t,20260918-150519,rev_015_054b5fbc,2,41.1,37
arm2,redmi9t,20260918-150519,rev_015_054b5fbc,3,37.0,70
arm2,redmi9t,20260918-150519,rev_015_054b5fbc,4,37.0,65
arm2,redmi9t,20260918-150519,rev_015_054b5fbc,5,37.1,76
arm2,redmi9t,20260918-150519,rev_015_054b5fbc,6,37.0,78
arm2,redmi9t,20260918-150519,rev_015_054b5fbc,7,37.0,80
arm2,redmi9t,20260918-150519,rev_015_054b5fbc,8,37.0,70
arm2,redmi9t,20260918-150519,rev_015_054b5fbc,9,37.1,79
arm2,redmi9t,20260918-150519,rev_016_42cdec2b,0,41.1,33
arm2,redmi9t,20260918-150519,rev_016_42cdec2b,1,37.0,65
arm2,redmi9t,20260918-150519,rev_016_42cdec2b,10,37.7,67
arm2,redmi9t,20260918-150519,rev_016_42cdec2b,11,41.7,34
arm2,redmi9t,20260918-150519,rev_016_42cdec2b,12,40.8,35
arm2,redmi9t,20260918-150519,rev_016_42cdec2b,13,41.1,30
arm2,redmi9t,20260918-150519,rev_016_42cdec2b,14,37.0,65
arm2,redmi9t,20260918-150519,rev_016_42cdec2b,2,41.7,40
arm2,redmi9t,20260918-150519,rev_016_42cdec2b,3,42.3,40
arm2,redmi9t,20260918-150519,rev_016_42cdec2b,4,41.7,36
arm2,redmi9t,20260918-150519,rev_016_42cdec2b,5,37.4,71
arm2,redmi9t,20260918-150519,rev_016_42cdec2b,6,37.0,73
arm2,redmi9t,20260918-150519,rev_016_42cdec2b,7,37.0,77
arm2,redmi9t,20260918-150519,rev_016_42cdec2b,8,37.0,63
arm2,redmi9t,20260918-150519,rev_016_42cdec2b,9,37.0,79
arm2,redmi9t,20260918-150519,rev_019_24445e6f,0,37.0,73
arm2,redmi9t,20260918-150519,rev_019_24445e6f,1,37.7,73
arm2,redmi9t,20260918-150519,rev_019_24445e6f,10,37.0,67
arm2,redmi9t,20260918-150519,rev_019_24445e6f,11,37.0,68
arm2,redmi9t,20260918-150519,rev_019_24445e6f,12,37.0,74
arm2,redmi9t,20260918-150519,rev_019_24445e6f,13,37.0,75
arm2,redmi9t,20260918-150519,rev_019_24445e6f,14,37.0,67
arm2,redmi9t,20260918-150519,rev_019_24445e6f,2,42.0,37
arm2,redmi9t,20260918-150519,rev_019_24445e6f,3,37.0,65
arm2,redmi9t,20260918-150519,rev_019_24445e6f,4,37.0,76
arm2,redmi9t,20260918-150519,rev_019_24445e6f,5,37.0,78
arm2,redmi9t,20260918-150519,rev_019_24445e6f,6,37.0,78
arm2,redmi9t,20260918-150519,rev_019_24445e6f,7,37.0,68
arm2,redmi9t,20260918-150519,rev_019_24445e6f,8,37.0,63
arm2,redmi9t,20260918-150519,rev_019_24445e6f,9,37.0,62
arm2,redmi9t,20260918-150519,rev_020_a1a08e5c,0,41.4,34
arm2,redmi9t,20260918-150519,rev_020_a1a08e5c,1,41.1,41
arm2,redmi9t,20260918-150519,rev_020_a1a08e5c,10,41.7,41
arm2,redmi9t,20260918-150519,rev_020_a1a08e5c,11,37.0,63
arm2,redmi9t,20260918-150519,rev_020_a1a08e5c,12,37.0,65
arm2,redmi9t,20260918-150519,rev_020_a1a08e5c,13,37.0,73
arm2,redmi9t,20260918-150519,rev_020_a1a08e5c,14,40.8,38
arm2,redmi9t,20260918-150519,rev_020_a1a08e5c,2,37.0,66
arm2,redmi9t,20260918-150519,rev_020_a1a08e5c,3,37.0,70
arm2,redmi9t,20260918-150519,rev_020_a1a08e5c,4,37.0,74
arm2,redmi9t,20260918-150519,rev_020_a1a08e5c,5,37.0,67
arm2,redmi9t,20260918-150519,rev_020_a1a08e5c,6,41.1,36
arm2,redmi9t,20260918-150519,rev_020_a1a08e5c,7,40.8,40
arm2,redmi9t,20260918-150519,rev_020_a1a08e5c,8,40.8,30
arm2,redmi9t,20260918-150519,rev_020_a1a08e5c,9,37.0,72
arm2,redmi9t,20260918-171017,rev_001_99f52b21,0,37.0,50
arm2,redmi9t,20260918-171017,rev_001_99f52b21,1,37.0,57
arm2,redmi9t,20260918-171017,rev_001_99f52b21,10,37.0,52
arm2,redmi9t,20260918-171017,rev_001_99f52b21,11,37.0,47
arm2,redmi9t,20260918-171017,rev_001_99f52b21,12,37.0,51
arm2,redmi9t,20260918-171017,rev_001_99f52b21,13,37.0,46
arm2,redmi9t,20260918-171017,rev_001_99f52b21,14,37.0,45
arm2,redmi9t,20260918-171017,rev_001_99f52b21,2,37.0,53
arm2,redmi9t,20260918-171017,rev_001_99f52b21,3,37.0,46
arm2,redmi9t,20260918-171017,rev_001_99f52b21,4,37.0,47
arm2,redmi9t,20260918-171017,rev_001_99f52b21,5,37.0,52
arm2,redmi9t,20260918-171017,rev_001_99f52b21,6,37.4,54
arm2,redmi9t,20260918-171017,rev_001_99f52b21,7,37.0,57
arm2,redmi9t,20260918-171017,rev_001_99f52b21,8,37.0,58
arm2,redmi9t,20260918-171017,rev_001_99f52b21,9,37.0,62
arm2,redmi9t,20260918-171017,rev_003_0098c42b,0,37.0,52
arm2,redmi9t,20260918-171017,rev_003_0098c42b,1,37.0,59
arm2,redmi9t,20260918-171017,rev_003_0098c42b,10,37.0,49
arm2,redmi9t,20260918-171017,rev_003_0098c42b,11,37.0,57
arm2,redmi9t,20260918-171017,rev_003_0098c42b,12,37.0,48
arm2,redmi9t,20260918-171017,rev_003_0098c42b,13,37.0,46
arm2,redmi9t,20260918-171017,rev_003_0098c42b,14,37.0,48
arm2,redmi9t,20260918-171017,rev_003_0098c42b,2,37.0,46
arm2,redmi9t,20260918-171017,rev_003_0098c42b,3,37.0,53
arm2,redmi9t,20260918-171017,rev_003_0098c42b,4,37.0,50
arm2,redmi9t,20260918-171017,rev_003_0098c42b,5,37.0,50
arm2,redmi9t,20260918-171017,rev_003_0098c42b,6,37.0,57
arm2,redmi9t,20260918-171017,rev_003_0098c42b,7,37.0,55
arm2,redmi9t,20260918-171017,rev_003_0098c42b,8,37.0,54
arm2,redmi9t,20260918-171017,rev_003_0098c42b,9,37.0,54
arm2,redmi9t,20260918-171017,rev_005_3edb0473,0,37.0,61
arm2,redmi9t,20260918-171017,rev_005_3edb0473,1,37.0,46
arm2,redmi9t,20260918-171017,rev_005_3edb0473,10,37.0,54
arm2,redmi9t,20260918-171017,rev_005_3edb0473,11,37.0,56
arm2,redmi9t,20260918-171017,rev_005_3edb0473,12,39.2,53
arm2,redmi9t,20260918-171017,rev_005_3edb0473,13,37.0,50
arm2,redmi9t,20260918-171017,rev_005_3edb0473,14,37.0,51
arm2,redmi9t,20260918-171017,rev_005_3edb0473,2,37.0,59
arm2,redmi9t,20260918-171017,rev_005_3edb0473,3,37.0,52
arm2,redmi9t,20260918-171017,rev_005_3edb0473,4,37.0,56
arm2,redmi9t,20260918-171017,rev_005_3edb0473,5,37.0,46
arm2,redmi9t,20260918-171017,rev_005_3edb0473,6,37.0,53
arm2,redmi9t,20260918-171017,rev_005_3edb0473,7,37.0,52
arm2,redmi9t,20260918-171017,rev_005_3edb0473,8,37.0,55
arm2,redmi9t,20260918-171017,rev_005_3edb0473,9,37.0,56
arm2,redmi9t,20260918-171017,rev_006_8494e314,0,37.0,51
arm2,redmi9t,20260918-171017,rev_006_8494e314,1,37.0,52
arm2,redmi9t,20260918-171017,rev_006_8494e314,10,37.0,55
arm2,redmi9t,20260918-171017,rev_006_8494e314,11,38.3,54
arm2,redmi9t,20260918-171017,rev_006_8494e314,12,37.0,49
arm2,redmi9t,20260918-171017,rev_006_8494e314,13,37.0,52
arm2,redmi9t,20260918-171017,rev_006_8494e314,14,37.0,55
arm2,redmi9t,20260918-171017,rev_006_8494e314,2,37.0,60
arm2,redmi9t,20260918-171017,rev_006_8494e314,3,37.0,51
arm2,redmi9t,20260918-171017,rev_006_8494e314,4,37.0,53
arm2,redmi9t,20260918-171017,rev_006_8494e314,5,37.0,56
arm2,redmi9t,20260918-171017,rev_006_8494e314,6,37.0,58
arm2,redmi9t,20260918-171017,rev_006_8494e314,7,37.0,57
arm2,redmi9t,20260918-171017,rev_006_8494e314,8,37.0,49
arm2,redmi9t,20260918-171017,rev_006_8494e314,9,37.0,47
arm2,redmi9t,20260918-171017,rev_007_bca7d9a2,0,37.0,55
arm2,redmi9t,20260918-171017,rev_007_bca7d9a2,1,37.0,58
arm2,redmi9t,20260918-171017,rev_007_bca7d9a2,10,37.0,57
arm2,redmi9t,20260918-171017,rev_007_bca7d9a2,11,37.0,48
arm2,redmi9t,20260918-171017,rev_007_bca7d9a2,12,37.0,53
arm2,redmi9t,20260918-171017,rev_007_bca7d9a2,13,37.0,53
arm2,redmi9t,20260918-171017,rev_007_bca7d9a2,14,37.0,52
arm2,redmi9t,20260918-171017,rev_007_bca7d9a2,2,37.0,59
arm2,redmi9t,20260918-171017,rev_007_bca7d9a2,3,37.0,55
arm2,redmi9t,20260918-171017,rev_007_bca7d9a2,4,37.0,48
arm2,redmi9t,20260918-171017,rev_007_bca7d9a2,5,37.0,55
arm2,redmi9t,20260918-171017,rev_007_bca7d9a2,6,37.0,56
arm2,redmi9t,20260918-171017,rev_007_bca7d9a2,7,37.0,56
arm2,redmi9t,20260918-171017,rev_007_bca7d9a2,8,37.0,58
arm2,redmi9t,20260918-171017,rev_007_bca7d9a2,9,37.0,47
arm2,redmi9t,20260918-171017,rev_019_672ed006,0,37.0,47
arm2,redmi9t,20260918-171017,rev_019_672ed006,1,37.0,55
arm2,redmi9t,20260918-171017,rev_019_672ed006,10,37.1,50
arm2,redmi9t,20260918-171017,rev_019_672ed006,11,37.0,47
arm2,redmi9t,20260918-171017,rev_019_672ed006,12,37.0,60
arm2,redmi9t,20260918-171017,rev_019_672ed006,13,37.0,59
arm2,redmi9t,20260918-171017,rev_019_672ed006,14,37.0,49
arm2,redmi9t,20260918-171017,rev_019_672ed006,2,37.0,48
arm2,redmi9t,20260918-171017,rev_019_672ed006,3,37.0,57
arm2,redmi9t,20260918-171017,rev_019_672ed006,4,37.0,59
arm2,redmi9t,20260918-171017,rev_019_672ed006,5,37.0,57
arm2,redmi9t,20260918-171017,rev_019_672ed006,6,37.0,45
arm2,redmi9t,20260918-171017,rev_019_672ed006,7,37.0,59
arm2,redmi9t,20260918-171017,rev_019_672ed006,8,37.0,49
arm2,redmi9t,20260918-171017,rev_019_672ed006,9,37.0,61
arm2,redmi9t,20260918-171017,rev_020_d458d665,0,37.0,54
arm2,redmi9t,20260918-171017,rev_020_d458d665,1,37.0,49
arm2,redmi9t,20260918-171017,rev_020_d458d665,10,37.0,51
arm2,redmi9t,20260918-171017,rev_020_d458d665,11,37.0,51
arm2,redmi9t,20260918-171017,rev_020_d458d665,12,37.0,48
arm2,redmi9t,20260918-171017,rev_020_d458d665,13,37.0,53
arm2,redmi9t,20260918-171017,rev_020_d458d665,14,37.0,50
arm2,redmi9t,20260918-171017,rev_020_d458d665,2,37.0,61
arm2,redmi9t,20260918-171017,rev_020_d458d665,3,37.0,60
arm2,redmi9t,20260918-171017,rev_020_d458d665,4,37.0,46
arm2,redmi9t,20260918-171017,rev_020_d458d665,5,37.0,61
arm2,redmi9t,20260918-171017,rev_020_d458d665,6,37.0,60
arm2,redmi9t,20260918-171017,rev_020_d458d665,7,37.0,58
arm2,redmi9t,20260918-171017,rev_020_d458d665,8,37.0,58
arm2,redmi9t,20260918-171017,rev_020_d458d665,9,37.0,54
arm2,redmi9t,20260918-171017,rev_026_b2b3b9db,0,37.0,50
arm2,redmi9t,20260918-171017,rev_026_b2b3b9db,1,37.0,48
arm2,redmi9t,20260918-171017,rev_026_b2b3b9db,10,37.0,50
arm2,redmi9t,20260918-171017,rev_026_b2b3b9db,11,37.0,46
arm2,redmi9t,20260918-171017,rev_026_b2b3b9db,12,37.0,48
arm2,redmi9t,20260918-171017,rev_026_b2b3b9db,13,37.0,53
arm2,redmi9t,20260918-171017,rev_026_b2b3b9db,14,37.0,51
arm2,redmi9t,20260918-171017,rev_026_b2b3b9db,2,37.0,49
arm2,redmi9t,20260918-171017,rev_026_b2b3b9db,3,37.0,58
arm2,redmi9t,20260918-171017,rev_026_b2b3b9db,4,37.0,60
arm2,redmi9t,20260918-171017,rev_026_b2b3b9db,5,37.0,51
arm2,redmi9t,20260918-171017,rev_026_b2b3b9db,6,37.0,47
arm2,redmi9t,20260918-171017,rev_026_b2b3b9db,7,37.0,54
arm2,redmi9t,20260918-171017,rev_026_b2b3b9db,8,37.0,49
arm2,redmi9t,20260918-171017,rev_026_b2b3b9db,9,37.0,61
arm2,redmi9t,20260913-144618,rev_001_52709f96,0,40.2,74
arm2,redmi9t,20260913-144618,rev_001_52709f96,1,47.6,67
arm2,redmi9t,20260913-144618,rev_001_52709f96,10,41.1,75
arm2,redmi9t,20260913-144618,rev_001_52709f96,11,43.6,79
arm2,redmi9t,20260913-144618,rev_001_52709f96,12,45.7,72
arm2,redmi9t,20260913-144618,rev_001_52709f96,13,40.2,71
arm2,redmi9t,20260913-144618,rev_001_52709f96,14,39.2,68
arm2,redmi9t,20260913-144618,rev_001_52709f96,2,41.4,70
arm2,redmi9t,20260913-144618,rev_001_52709f96,3,40.8,76
arm2,redmi9t,20260913-144618,rev_001_52709f96,4,41.1,75
arm2,redmi9t,20260913-144618,rev_001_52709f96,5,42.0,69
arm2,redmi9t,20260913-144618,rev_001_52709f96,6,40.2,69
arm2,redmi9t,20260913-144618,rev_001_52709f96,7,44.5,67
arm2,redmi9t,20260913-144618,rev_001_52709f96,8,39.5,68
arm2,redmi9t,20260913-144618,rev_001_52709f96,9,44.8,77
arm2,redmi9t,20260913-144618,rev_002_6d2c9fd0,0,40.5,68
arm2,redmi9t,20260913-144618,rev_002_6d2c9fd0,1,39.2,79
arm2,redmi9t,20260913-144618,rev_002_6d2c9fd0,10,40.8,73
arm2,redmi9t,20260913-144618,rev_002_6d2c9fd0,11,40.2,72
arm2,redmi9t,20260913-144618,rev_002_6d2c9fd0,12,39.5,70
arm2,redmi9t,20260913-144618,rev_002_6d2c9fd0,13,40.5,73
arm2,redmi9t,20260913-144618,rev_002_6d2c9fd0,14,40.8,75
arm2,redmi9t,20260913-144618,rev_002_6d2c9fd0,2,40.8,68
arm2,redmi9t,20260913-144618,rev_002_6d2c9fd0,3,40.2,73
arm2,redmi9t,20260913-144618,rev_002_6d2c9fd0,4,40.2,77
arm2,redmi9t,20260913-144618,rev_002_6d2c9fd0,5,39.5,78
arm2,redmi9t,20260913-144618,rev_002_6d2c9fd0,6,40.5,76
arm2,redmi9t,20260913-144618,rev_002_6d2c9fd0,7,41.7,74
arm2,redmi9t,20260913-144618,rev_002_6d2c9fd0,8,41.7,79
arm2,redmi9t,20260913-144618,rev_002_6d2c9fd0,9,39.5,74
arm2,redmi9t,20260913-144618,rev_003_ce6df3c7,0,43.2,76
arm2,redmi9t,20260913-144618,rev_003_ce6df3c7,1,41.1,77
arm2,redmi9t,20260913-144618,rev_003_ce6df3c7,10,48.5,67
arm2,redmi9t,20260913-144618,rev_003_ce6df3c7,11,41.1,74
arm2,redmi9t,20260913-144618,rev_003_ce6df3c7,12,40.2,71
arm2,redmi9t,20260913-144618,rev_003_ce6df3c7,13,40.2,69
arm2,redmi9t,20260913-144618,rev_003_ce6df3c7,14,42.3,73
arm2,redmi9t,20260913-144618,rev_003_ce6df3c7,2,45.7,71
arm2,redmi9t,20260913-144618,rev_003_ce6df3c7,3,39.8,77
arm2,redmi9t,20260913-144618,rev_003_ce6df3c7,4,39.8,69
arm2,redmi9t,20260913-144618,rev_003_ce6df3c7,5,41.4,72
arm2,redmi9t,20260913-144618,rev_003_ce6df3c7,6,40.8,77
arm2,redmi9t,20260913-144618,rev_003_ce6df3c7,7,40.2,70
arm2,redmi9t,20260913-144618,rev_003_ce6df3c7,8,46.0,80
arm2,redmi9t,20260913-144618,rev_003_ce6df3c7,9,39.8,72
arm2,redmi9t,20260913-144618,rev_004_de4c350c,0,39.8,76
arm2,redmi9t,20260913-144618,rev_004_de4c350c,1,41.4,71
arm2,redmi9t,20260913-144618,rev_004_de4c350c,10,39.5,78
arm2,redmi9t,20260913-144618,rev_004_de4c350c,11,42.0,69
arm2,redmi9t,20260913-144618,rev_004_de4c350c,12,40.8,71
arm2,redmi9t,20260913-144618,rev_004_de4c350c,13,39.2,78
arm2,redmi9t,20260913-144618,rev_004_de4c350c,14,39.5,74
arm2,redmi9t,20260913-144618,rev_004_de4c350c,2,40.5,68
arm2,redmi9t,20260913-144618,rev_004_de4c350c,3,46.7,72
arm2,redmi9t,20260913-144618,rev_004_de4c350c,4,44.5,76
arm2,redmi9t,20260913-144618,rev_004_de4c350c,5,40.2,75
arm2,redmi9t,20260913-144618,rev_004_de4c350c,6,39.2,69
arm2,redmi9t,20260913-144618,rev_004_de4c350c,7,39.8,73
arm2,redmi9t,20260913-144618,rev_004_de4c350c,8,41.4,71
arm2,redmi9t,20260913-144618,rev_004_de4c350c,9,43.9,79
arm2,redmi9t,20260913-170633,rev_002_704cf1b0,0,38.9,61
arm2,redmi9t,20260913-170633,rev_002_704cf1b0,1,41.7,63
arm2,redmi9t,20260913-170633,rev_002_704cf1b0,10,45.1,66
arm2,redmi9t,20260913-170633,rev_002_704cf1b0,11,42.9,65
arm2,redmi9t,20260913-170633,rev_002_704cf1b0,12,39.2,65
arm2,redmi9t,20260913-170633,rev_002_704cf1b0,13,39.8,63
arm2,redmi9t,20260913-170633,rev_002_704cf1b0,14,40.5,67
arm2,redmi9t,20260913-170633,rev_002_704cf1b0,2,42.0,62
arm2,redmi9t,20260913-170633,rev_002_704cf1b0,3,38.9,60
arm2,redmi9t,20260913-170633,rev_002_704cf1b0,4,43.2,62
arm2,redmi9t,20260913-170633,rev_002_704cf1b0,5,40.2,65
arm2,redmi9t,20260913-170633,rev_002_704cf1b0,6,41.4,66
arm2,redmi9t,20260913-170633,rev_002_704cf1b0,7,43.6,61
arm2,redmi9t,20260913-170633,rev_002_704cf1b0,8,47.9,61
arm2,redmi9t,20260913-170633,rev_002_704cf1b0,9,43.9,64
arm2,redmi9t,20260913-170633,rev_003_de4c350c,0,39.5,65
arm2,redmi9t,20260913-170633,rev_003_de4c350c,1,38.9,63
arm2,redmi9t,20260913-170633,rev_003_de4c350c,10,42.0,64
arm2,redmi9t,20260913-170633,rev_003_de4c350c,11,40.5,66
arm2,redmi9t,20260913-170633,rev_003_de4c350c,12,41.1,63
arm2,redmi9t,20260913-170633,rev_003_de4c350c,13,39.5,62
arm2,redmi9t,20260913-170633,rev_003_de4c350c,14,44.8,64
arm2,redmi9t,20260913-170633,rev_003_de4c350c,2,42.3,62
arm2,redmi9t,20260913-170633,rev_003_de4c350c,3,40.2,63
arm2,redmi9t,20260913-170633,rev_003_de4c350c,4,38.9,67
arm2,redmi9t,20260913-170633,rev_003_de4c350c,5,39.2,60
arm2,redmi9t,20260913-170633,rev_003_de4c350c,6,39.8,64
arm2,redmi9t,20260913-170633,rev_003_de4c350c,7,42.6,66
arm2,redmi9t,20260913-170633,rev_003_de4c350c,8,38.9,61
arm2,redmi9t,20260913-170633,rev_003_de4c350c,9,41.7,62
arm2,redmi9t,20260918-171115,rev_008_b8eb0ab5,0,37.0,41
arm2,redmi9t,20260918-171115,rev_008_b8eb0ab5,1,37.0,37
arm2,redmi9t,20260918-171115,rev_008_b8eb0ab5,10,37.0,42
arm2,redmi9t,20260918-171115,rev_008_b8eb0ab5,11,37.0,45
arm2,redmi9t,20260918-171115,rev_008_b8eb0ab5,12,37.0,40
arm2,redmi9t,20260918-171115,rev_008_b8eb0ab5,13,37.4,40
arm2,redmi9t,20260918-171115,rev_008_b8eb0ab5,14,37.0,38
arm2,redmi9t,20260918-171115,rev_008_b8eb0ab5,2,37.0,39
arm2,redmi9t,20260918-171115,rev_008_b8eb0ab5,3,37.0,43
arm2,redmi9t,20260918-171115,rev_008_b8eb0ab5,4,37.4,42
arm2,redmi9t,20260918-171115,rev_008_b8eb0ab5,5,37.0,39
arm2,redmi9t,20260918-171115,rev_008_b8eb0ab5,6,37.0,38
arm2,redmi9t,20260918-171115,rev_008_b8eb0ab5,7,37.7,37
arm2,redmi9t,20260918-171115,rev_008_b8eb0ab5,8,37.0,38
arm2,redmi9t,20260918-171115,rev_008_b8eb0ab5,9,37.0,44
arm2,redmi9t,20260918-171115,rev_009_bdcf7003,0,37.0,38
arm2,redmi9t,20260918-171115,rev_009_bdcf7003,1,37.1,45
arm2,redmi9t,20260918-171115,rev_009_bdcf7003,10,37.0,41
arm2,redmi9t,20260918-171115,rev_009_bdcf7003,11,37.0,41
arm2,redmi9t,20260918-171115,rev_009_bdcf7003,12,37.0,39
arm2,redmi9t,20260918-171115,rev_009_bdcf7003,13,37.0,41
arm2,redmi9t,20260918-171115,rev_009_bdcf7003,14,37.0,42
arm2,redmi9t,20260918-171115,rev_009_bdcf7003,2,37.0,37
arm2,redmi9t,20260918-171115,rev_009_bdcf7003,3,37.0,41
arm2,redmi9t,20260918-171115,rev_009_bdcf7003,4,37.0,44
arm2,redmi9t,20260918-171115,rev_009_bdcf7003,5,37.0,44
arm2,redmi9t,20260918-171115,rev_009_bdcf7003,6,37.0,43
arm2,redmi9t,20260918-171115,rev_009_bdcf7003,7,37.0,42
arm2,redmi9t,20260918-171115,rev_009_bdcf7003,8,37.0,45
arm2,redmi9t,20260918-171115,rev_009_bdcf7003,9,37.0,42
arm2,redmi9t,20260918-171115,rev_015_30d8f56a,0,37.0,43
arm2,redmi9t,20260918-171115,rev_015_30d8f56a,1,37.0,43
arm2,redmi9t,20260918-171115,rev_015_30d8f56a,10,37.0,37
arm2,redmi9t,20260918-171115,rev_015_30d8f56a,11,37.0,42
arm2,redmi9t,20260918-171115,rev_015_30d8f56a,12,37.0,40
arm2,redmi9t,20260918-171115,rev_015_30d8f56a,13,37.0,38
arm2,redmi9t,20260918-171115,rev_015_30d8f56a,14,37.0,41
arm2,redmi9t,20260918-171115,rev_015_30d8f56a,2,37.0,40
arm2,redmi9t,20260918-171115,rev_015_30d8f56a,3,37.0,44
arm2,redmi9t,20260918-171115,rev_015_30d8f56a,4,37.0,38
arm2,redmi9t,20260918-171115,rev_015_30d8f56a,5,37.0,40
arm2,redmi9t,20260918-171115,rev_015_30d8f56a,6,37.0,44
arm2,redmi9t,20260918-171115,rev_015_30d8f56a,7,37.0,39
arm2,redmi9t,20260918-171115,rev_015_30d8f56a,8,37.0,45
arm2,redmi9t,20260918-171115,rev_015_30d8f56a,9,37.0,41
arm2,redmi9t,20260918-171115,rev_016_c006a3aa,0,37.0,43
arm2,redmi9t,20260918-171115,rev_016_c006a3aa,1,37.4,39
arm2,redmi9t,20260918-171115,rev_016_c006a3aa,10,37.0,44
arm2,redmi9t,20260918-171115,rev_016_c006a3aa,11,37.0,38
arm2,redmi9t,20260918-171115,rev_016_c006a3aa,12,37.0,39
arm2,redmi9t,20260918-171115,rev_016_c006a3aa,13,37.0,44
arm2,redmi9t,20260918-171115,rev_016_c006a3aa,14,37.0,42
arm2,redmi9t,20260918-171115,rev_016_c006a3aa,2,37.0,37
arm2,redmi9t,20260918-171115,rev_016_c006a3aa,3,37.0,40
arm2,redmi9t,20260918-171115,rev_016_c006a3aa,4,37.0,43
arm2,redmi9t,20260918-171115,rev_016_c006a3aa,5,37.0,43
arm2,redmi9t,20260918-171115,rev_016_c006a3aa,6,37.0,38
arm2,redmi9t,20260918-171115,rev_016_c006a3aa,7,37.0,41
arm2,redmi9t,20260918-171115,rev_016_c006a3aa,8,37.0,40
arm2,redmi9t,20260918-171115,rev_016_c006a3aa,9,37.0,45
arm2,redmi9t,20260913-202220,rev_001_deb3f0c8,0,38.3,38
arm2,redmi9t,20260913-202220,rev_001_deb3f0c8,1,38.0,36
arm2,redmi9t,20260913-202220,rev_001_deb3f0c8,10,45.4,38
arm2,redmi9t,20260913-202220,rev_001_deb3f0c8,11,38.9,33
arm2,redmi9t,20260913-202220,rev_001_deb3f0c8,12,39.2,36
arm2,redmi9t,20260913-202220,rev_001_deb3f0c8,13,42.6,33
arm2,redmi9t,20260913-202220,rev_001_deb3f0c8,14,37.4,32
arm2,redmi9t,20260913-202220,rev_001_deb3f0c8,2,37.7,43
arm2,redmi9t,20260913-202220,rev_001_deb3f0c8,3,38.3,32
arm2,redmi9t,20260913-202220,rev_001_deb3f0c8,4,38.6,34
arm2,redmi9t,20260913-202220,rev_001_deb3f0c8,5,38.9,41
arm2,redmi9t,20260913-202220,rev_001_deb3f0c8,6,37.4,40
arm2,redmi9t,20260913-202220,rev_001_deb3f0c8,7,42.3,48
arm2,redmi9t,20260913-202220,rev_001_deb3f0c8,8,38.0,49
arm2,redmi9t,20260913-202220,rev_001_deb3f0c8,9,37.7,40
arm2,redmi9t,20260913-202220,rev_003_cd6800c4,0,38.6,47
arm2,redmi9t,20260913-202220,rev_003_cd6800c4,1,38.0,42
arm2,redmi9t,20260913-202220,rev_003_cd6800c4,10,38.3,42
arm2,redmi9t,20260913-202220,rev_003_cd6800c4,11,44.2,37
arm2,redmi9t,20260913-202220,rev_003_cd6800c4,12,37.7,39
arm2,redmi9t,20260913-202220,rev_003_cd6800c4,13,41.1,33
arm2,redmi9t,20260913-202220,rev_003_cd6800c4,14,40.8,46
arm2,redmi9t,20260913-202220,rev_003_cd6800c4,2,38.0,33
arm2,redmi9t,20260913-202220,rev_003_cd6800c4,3,40.2,49
arm2,redmi9t,20260913-202220,rev_003_cd6800c4,4,37.7,44
arm2,redmi9t,20260913-202220,rev_003_cd6800c4,5,42.9,44
arm2,redmi9t,20260913-202220,rev_003_cd6800c4,6,40.5,39
arm2,redmi9t,20260913-202220,rev_003_cd6800c4,7,40.5,41
arm2,redmi9t,20260913-202220,rev_003_cd6800c4,8,38.6,42
arm2,redmi9t,20260913-202220,rev_003_cd6800c4,9,37.4,41
arm2,redmi9t,20260913-202220,rev_004_e89651c3,0,41.4,46
arm2,redmi9t,20260913-202220,rev_004_e89651c3,1,38.3,32
arm2,redmi9t,20260913-202220,rev_004_e89651c3,10,39.5,44
arm2,redmi9t,20260913-202220,rev_004_e89651c3,11,38.6,37
arm2,redmi9t,20260913-202220,rev_004_e89651c3,12,41.1,40
arm2,redmi9t,20260913-202220,rev_004_e89651c3,13,39.2,47
arm2,redmi9t,20260913-202220,rev_004_e89651c3,14,39.2,37
arm2,redmi9t,20260913-202220,rev_004_e89651c3,2,38.0,35
arm2,redmi9t,20260913-202220,rev_004_e89651c3,3,37.4,42
arm2,redmi9t,20260913-202220,rev_004_e89651c3,4,42.3,37
arm2,redmi9t,20260913-202220,rev_004_e89651c3,5,40.5,32
arm2,redmi9t,20260913-202220,rev_004_e89651c3,6,38.9,49
arm2,redmi9t,20260913-202220,rev_004_e89651c3,7,38.3,38
arm2,redmi9t,20260913-202220,rev_004_e89651c3,8,39.8,35
arm2,redmi9t,20260913-202220,rev_004_e89651c3,9,38.3,47
arm2,redmi9t,20260913-202220,rev_005_855558ff,0,38.3,36
arm2,redmi9t,20260913-202220,rev_005_855558ff,1,41.4,49
arm2,redmi9t,20260913-202220,rev_005_855558ff,10,41.1,46
arm2,redmi9t,20260913-202220,rev_005_855558ff,11,38.0,43
arm2,redmi9t,20260913-202220,rev_005_855558ff,12,45.4,47
arm2,redmi9t,20260913-202220,rev_005_855558ff,13,37.7,42
arm2,redmi9t,20260913-202220,rev_005_855558ff,14,47.6,48
arm2,redmi9t,20260913-202220,rev_005_855558ff,2,38.3,39
arm2,redmi9t,20260913-202220,rev_005_855558ff,3,39.2,41
arm2,redmi9t,20260913-202220,rev_005_855558ff,4,38.0,45
arm2,redmi9t,20260913-202220,rev_005_855558ff,5,39.8,43
arm2,redmi9t,20260913-202220,rev_005_855558ff,6,38.6,44
arm2,redmi9t,20260913-202220,rev_005_855558ff,7,38.6,45
arm2,redmi9t,20260913-202220,rev_005_855558ff,8,48.2,39
arm2,redmi9t,20260913-202220,rev_005_855558ff,9,37.4,33
arm2,redmi9t,20260913-202220,rev_008_db94f6e0,0,42.6,48
arm2,redmi9t,20260913-202220,rev_008_db94f6e0,1,39.8,37
arm2,redmi9t,20260913-202220,rev_008_db94f6e0,10,38.6,38
arm2,redmi9t,20260913-202220,rev_008_db94f6e0,11,42.3,48
arm2,redmi9t,20260913-202220,rev_008_db94f6e0,12,38.3,36
arm2,redmi9t,20260913-202220,rev_008_db94f6e0,13,42.6,34
arm2,redmi9t,20260913-202220,rev_008_db94f6e0,14,38.3,35
arm2,redmi9t,20260913-202220,rev_008_db94f6e0,2,38.3,40
arm2,redmi9t,20260913-202220,rev_008_db94f6e0,3,37.0,45
arm2,redmi9t,20260913-202220,rev_008_db94f6e0,4,37.4,43
arm2,redmi9t,20260913-202220,rev_008_db94f6e0,5,45.7,47
arm2,redmi9t,20260913-202220,rev_008_db94f6e0,6,40.5,43
arm2,redmi9t,20260913-202220,rev_008_db94f6e0,7,44.2,35
arm2,redmi9t,20260913-202220,rev_008_db94f6e0,8,38.9,35
arm2,redmi9t,20260913-202220,rev_008_db94f6e0,9,44.5,38
arm2,redmi9t,20260913-231630,rev_001_9990358a,0,43.9,77
arm2,redmi9t,20260913-231630,rev_001_9990358a,1,42.6,78
arm2,redmi9t,20260913-231630,rev_001_9990358a,10,38.6,31
arm2,redmi9t,20260913-231630,rev_001_9990358a,11,37.7,30
arm2,redmi9t,20260913-231630,rev_001_9990358a,12,44.2,30
arm2,redmi9t,20260913-231630,rev_001_9990358a,13,37.4,78
arm2,redmi9t,20260913-231630,rev_001_9990358a,14,39.5,31
arm2,redmi9t,20260913-231630,rev_001_9990358a,2,42.6,78
arm2,redmi9t,20260913-231630,rev_001_9990358a,3,41.7,76
arm2,redmi9t,20260913-231630,rev_001_9990358a,4,37.0,77
arm2,redmi9t,20260913-231630,rev_001_9990358a,5,38.6,30
arm2,redmi9t,20260913-231630,rev_001_9990358a,6,44.2,30
arm2,redmi9t,20260913-231630,rev_001_9990358a,7,37.4,77
arm2,redmi9t,20260913-231630,rev_001_9990358a,8,37.1,77
arm2,redmi9t,20260913-231630,rev_001_9990358a,9,38.9,79
arm2,redmi9t,20260913-231630,rev_002_2d4b389f,0,42.3,79
arm2,redmi9t,20260913-231630,rev_002_2d4b389f,1,37.7,79
arm2,redmi9t,20260913-231630,rev_002_2d4b389f,10,37.0,79
arm2,redmi9t,20260913-231630,rev_002_2d4b389f,11,38.0,31
arm2,redmi9t,20260913-231630,rev_002_2d4b389f,12,38.6,78
arm2,redmi9t,20260913-231630,rev_002_2d4b389f,13,39.8,78
arm2,redmi9t,20260913-231630,rev_002_2d4b389f,14,38.0,79
arm2,redmi9t,20260913-231630,rev_002_2d4b389f,2,39.2,78
arm2,redmi9t,20260913-231630,rev_002_2d4b389f,3,40.8,78
arm2,redmi9t,20260913-231630,rev_002_2d4b389f,4,37.0,31
arm2,redmi9t,20260913-231630,rev_002_2d4b389f,5,37.7,76
arm2,redmi9t,20260913-231630,rev_002_2d4b389f,6,37.0,79
arm2,redmi9t,20260913-231630,rev_002_2d4b389f,7,38.0,30
arm2,redmi9t,20260913-231630,rev_002_2d4b389f,8,38.0,77
arm2,redmi9t,20260913-231630,rev_002_2d4b389f,9,37.0,77
arm2,redmi9t,20260913-233439,rev_001_335e6fc9,0,37.0,71
arm2,redmi9t,20260913-233439,rev_001_335e6fc9,1,37.0,73
arm2,redmi9t,20260913-233439,rev_001_335e6fc9,10,38.3,76
arm2,redmi9t,20260913-233439,rev_001_335e6fc9,11,37.0,74
arm2,redmi9t,20260913-233439,rev_001_335e6fc9,12,39.8,74
arm2,redmi9t,20260913-233439,rev_001_335e6fc9,13,38.3,73
arm2,redmi9t,20260913-233439,rev_001_335e6fc9,14,41.4,76
arm2,redmi9t,20260913-233439,rev_001_335e6fc9,2,37.0,72
arm2,redmi9t,20260913-233439,rev_001_335e6fc9,3,37.0,71
arm2,redmi9t,20260913-233439,rev_001_335e6fc9,4,39.8,72
arm2,redmi9t,20260913-233439,rev_001_335e6fc9,5,44.8,74
arm2,redmi9t,20260913-233439,rev_001_335e6fc9,6,37.7,75
arm2,redmi9t,20260913-233439,rev_001_335e6fc9,7,37.0,71
arm2,redmi9t,20260913-233439,rev_001_335e6fc9,8,37.0,71
arm2,redmi9t,20260913-233439,rev_001_335e6fc9,9,37.7,74
arm2,redmi9t,20260913-233439,rev_002_213f9e67,0,38.3,74
arm2,redmi9t,20260913-233439,rev_002_213f9e67,1,38.0,73
arm2,redmi9t,20260913-233439,rev_002_213f9e67,10,40.2,74
arm2,redmi9t,20260913-233439,rev_002_213f9e67,11,42.6,75
arm2,redmi9t,20260913-233439,rev_002_213f9e67,12,37.0,73
arm2,redmi9t,20260913-233439,rev_002_213f9e67,13,37.0,72
arm2,redmi9t,20260913-233439,rev_002_213f9e67,14,38.9,73
arm2,redmi9t,20260913-233439,rev_002_213f9e67,2,37.1,72
arm2,redmi9t,20260913-233439,rev_002_213f9e67,3,37.0,72
arm2,redmi9t,20260913-233439,rev_002_213f9e67,4,38.0,76
arm2,redmi9t,20260913-233439,rev_002_213f9e67,5,37.1,70
arm2,redmi9t,20260913-233439,rev_002_213f9e67,6,37.0,73
arm2,redmi9t,20260913-233439,rev_002_213f9e67,7,37.0,75
arm2,redmi9t,20260913-233439,rev_002_213f9e67,8,37.0,71
arm2,redmi9t,20260913-233439,rev_002_213f9e67,9,37.1,72
arm2,redmi9t,20260913-233534,rev_001_335e6fc9,0,37.0,65
arm2,redmi9t,20260913-233534,rev_001_335e6fc9,1,42.3,68
arm2,redmi9t,20260913-233534,rev_001_335e6fc9,10,37.0,70
arm2,redmi9t,20260913-233534,rev_001_335e6fc9,11,44.5,69
arm2,redmi9t,20260913-233534,rev_001_335e6fc9,12,38.0,69
arm2,redmi9t,20260913-233534,rev_001_335e6fc9,13,40.5,67
arm2,redmi9t,20260913-233534,rev_001_335e6fc9,14,37.1,70
arm2,redmi9t,20260913-233534,rev_001_335e6fc9,2,39.2,67
arm2,redmi9t,20260913-233534,rev_001_335e6fc9,3,39.5,65
arm2,redmi9t,20260913-233534,rev_001_335e6fc9,4,39.2,66
arm2,redmi9t,20260913-233534,rev_001_335e6fc9,5,42.9,69
arm2,redmi9t,20260913-233534,rev_001_335e6fc9,6,41.4,69
arm2,redmi9t,20260913-233534,rev_001_335e6fc9,7,37.0,66
arm2,redmi9t,20260913-233534,rev_001_335e6fc9,8,37.0,66
arm2,redmi9t,20260913-233534,rev_001_335e6fc9,9,37.0,69
arm2,redmi9t,20260913-233534,rev_002_213f9e67,0,37.0,69
arm2,redmi9t,20260913-233534,rev_002_213f9e67,1,38.0,68
arm2,redmi9t,20260913-233534,rev_002_213f9e67,10,37.0,68
arm2,redmi9t,20260913-233534,rev_002_213f9e67,11,38.3,70
arm2,redmi9t,20260913-233534,rev_002_213f9e67,12,37.0,68
arm2,redmi9t,20260913-233534,rev_002_213f9e67,13,37.7,67
arm2,redmi9t,20260913-233534,rev_002_213f9e67,14,42.3,68
arm2,redmi9t,20260913-233534,rev_002_213f9e67,2,37.1,67
arm2,redmi9t,20260913-233534,rev_002_213f9e67,3,37.1,67
arm2,redmi9t,20260913-233534,rev_002_213f9e67,4,37.0,70
arm2,redmi9t,20260913-233534,rev_002_213f9e67,5,37.0,65
arm2,redmi9t,20260913-233534,rev_002_213f9e67,6,39.2,68
arm2,redmi9t,20260913-233534,rev_002_213f9e67,7,38.0,70
arm2,redmi9t,20260913-233534,rev_002_213f9e67,8,45.7,66
arm2,redmi9t,20260913-233534,rev_002_213f9e67,9,37.0,66
arm2,redmi9t,20260913-233628,rev_001_845b3e07,0,38.9,60
arm2,redmi9t,20260913-233628,rev_001_845b3e07,1,38.0,62
arm2,redmi9t,20260913-233628,rev_001_845b3e07,10,37.0,65
arm2,redmi9t,20260913-233628,rev_001_845b3e07,11,37.0,64
arm2,redmi9t,20260913-233628,rev_001_845b3e07,12,37.0,64
arm2,redmi9t,20260913-233628,rev_001_845b3e07,13,37.1,62
arm2,redmi9t,20260913-233628,rev_001_845b3e07,14,43.2,65
arm2,redmi9t,20260913-233628,rev_001_845b3e07,2,39.2,62
arm2,redmi9t,20260913-233628,rev_001_845b3e07,3,44.2,60
arm2,redmi9t,20260913-233628,rev_001_845b3e07,4,37.7,61
arm2,redmi9t,20260913-233628,rev_001_845b3e07,5,37.4,64
arm2,redmi9t,20260913-233628,rev_001_845b3e07,6,37.0,64
arm2,redmi9t,20260913-233628,rev_001_845b3e07,7,37.0,61
arm2,redmi9t,20260913-233628,rev_001_845b3e07,8,37.0,60
arm2,redmi9t,20260913-233628,rev_001_845b3e07,9,37.4,63
arm2,redmi9t,20260913-233628,rev_002_6bbb8e8d,0,37.1,63
arm2,redmi9t,20260913-233628,rev_002_6bbb8e8d,1,39.2,62
arm2,redmi9t,20260913-233628,rev_002_6bbb8e8d,10,37.1,63
arm2,redmi9t,20260913-233628,rev_002_6bbb8e8d,11,37.0,64
arm2,redmi9t,20260913-233628,rev_002_6bbb8e8d,12,44.8,62
arm2,redmi9t,20260913-233628,rev_002_6bbb8e8d,13,37.0,61
arm2,redmi9t,20260913-233628,rev_002_6bbb8e8d,14,37.0,63
arm2,redmi9t,20260913-233628,rev_002_6bbb8e8d,2,38.3,61
arm2,redmi9t,20260913-233628,rev_002_6bbb8e8d,3,41.4,62
arm2,redmi9t,20260913-233628,rev_002_6bbb8e8d,4,37.0,65
arm2,redmi9t,20260913-233628,rev_002_6bbb8e8d,5,41.7,60
arm2,redmi9t,20260913-233628,rev_002_6bbb8e8d,6,38.0,63
arm2,redmi9t,20260913-233628,rev_002_6bbb8e8d,7,43.6,64
arm2,redmi9t,20260913-233628,rev_002_6bbb8e8d,8,37.1,60
arm2,redmi9t,20260913-233628,rev_002_6bbb8e8d,9,38.0,61
arm2,redmi9t,20260913-233723,rev_002_4acaae61,0,37.0,55
arm2,redmi9t,20260913-233723,rev_002_4acaae61,1,37.0,56
arm2,redmi9t,20260913-233723,rev_002_4acaae61,10,37.4,59
arm2,redmi9t,20260913-233723,rev_002_4acaae61,11,37.1,58
arm2,redmi9t,20260913-233723,rev_002_4acaae61,12,37.1,58
arm2,redmi9t,20260913-233723,rev_002_4acaae61,13,46.7,56
arm2,redmi9t,20260913-233723,rev_002_4acaae61,14,37.1,59
arm2,redmi9t,20260913-233723,rev_002_4acaae61,2,37.0,56
arm2,redmi9t,20260913-233723,rev_002_4acaae61,3,37.0,54
arm2,redmi9t,20260913-233723,rev_002_4acaae61,4,37.0,55
arm2,redmi9t,20260913-233723,rev_002_4acaae61,5,44.2,58
arm2,redmi9t,20260913-233723,rev_002_4acaae61,6,37.0,58
arm2,redmi9t,20260913-233723,rev_002_4acaae61,7,42.6,55
arm2,redmi9t,20260913-233723,rev_002_4acaae61,8,43.2,55
arm2,redmi9t,20260913-233723,rev_002_4acaae61,9,37.0,57
arm2,redmi9t,20260913-233723,rev_003_a7eb684f,0,42.9,58
arm2,redmi9t,20260913-233723,rev_003_a7eb684f,1,38.0,57
arm2,redmi9t,20260913-233723,rev_003_a7eb684f,10,37.0,57
arm2,redmi9t,20260913-233723,rev_003_a7eb684f,11,43.6,59
arm2,redmi9t,20260913-233723,rev_003_a7eb684f,12,37.0,57
arm2,redmi9t,20260913-233723,rev_003_a7eb684f,13,37.0,56
arm2,redmi9t,20260913-233723,rev_003_a7eb684f,14,47.0,57
arm2,redmi9t,20260913-233723,rev_003_a7eb684f,2,37.0,56
arm2,redmi9t,20260913-233723,rev_003_a7eb684f,3,38.6,56
arm2,redmi9t,20260913-233723,rev_003_a7eb684f,4,41.1,59
arm2,redmi9t,20260913-233723,rev_003_a7eb684f,5,37.0,54
arm2,redmi9t,20260913-233723,rev_003_a7eb684f,6,37.0,57
arm2,redmi9t,20260913-233723,rev_003_a7eb684f,7,39.8,58
arm2,redmi9t,20260913-233723,rev_003_a7eb684f,8,37.0,55
arm2,redmi9t,20260913-233723,rev_003_a7eb684f,9,40.5,55
arm2,redmi9t,20260913-233818,rev_001_7075e3f7,0,43.9,49
arm2,redmi9t,20260913-233818,rev_001_7075e3f7,1,37.1,51
arm2,redmi9t,20260913-233818,rev_001_7075e3f7,10,37.0,54
arm2,redmi9t,20260913-233818,rev_001_7075e3f7,11,37.0,53
arm2,redmi9t,20260913-233818,rev_001_7075e3f7,12,45.7,53
arm2,redmi9t,20260913-233818,rev_001_7075e3f7,13,37.4,51
arm2,redmi9t,20260913-233818,rev_001_7075e3f7,14,37.4,54
arm2,redmi9t,20260913-233818,rev_001_7075e3f7,2,47.9,50
arm2,redmi9t,20260913-233818,rev_001_7075e3f7,3,37.7,49
arm2,redmi9t,20260913-233818,rev_001_7075e3f7,4,37.0,50
arm2,redmi9t,20260913-233818,rev_001_7075e3f7,5,42.6,53
arm2,redmi9t,20260913-233818,rev_001_7075e3f7,6,37.1,53
arm2,redmi9t,20260913-233818,rev_001_7075e3f7,7,37.1,50
arm2,redmi9t,20260913-233818,rev_001_7075e3f7,8,37.7,49
arm2,redmi9t,20260913-233818,rev_001_7075e3f7,9,37.0,52
arm2,redmi9t,20260913-233818,rev_002_4acaae61,0,37.0,52
arm2,redmi9t,20260913-233818,rev_002_4acaae61,1,37.0,51
arm2,redmi9t,20260913-233818,rev_002_4acaae61,10,37.4,52
arm2,redmi9t,20260913-233818,rev_002_4acaae61,11,37.0,54
arm2,redmi9t,20260913-233818,rev_002_4acaae61,12,37.0,51
arm2,redmi9t,20260913-233818,rev_002_4acaae61,13,37.7,50
arm2,redmi9t,20260913-233818,rev_002_4acaae61,14,37.4,52
arm2,redmi9t,20260913-233818,rev_002_4acaae61,2,38.0,50
arm2,redmi9t,20260913-233818,rev_002_4acaae61,3,45.7,51
arm2,redmi9t,20260913-233818,rev_002_4acaae61,4,42.6,54
arm2,redmi9t,20260913-233818,rev_002_4acaae61,5,37.0,48
arm2,redmi9t,20260913-233818,rev_002_4acaae61,6,37.1,52
arm2,redmi9t,20260913-233818,rev_002_4acaae61,7,38.0,53
arm2,redmi9t,20260913-233818,rev_002_4acaae61,8,37.0,49
arm2,redmi9t,20260913-233818,rev_002_4acaae61,9,38.0,50
arm2,redmi9t,20260913-234008,rev_001_d47256a6,0,37.1,43
arm2,redmi9t,20260913-234008,rev_001_d47256a6,1,37.7,40
arm2,redmi9t,20260913-234008,rev_001_d47256a6,10,40.2,47
arm2,redmi9t,20260913-234008,rev_001_d47256a6,11,37.4,45
arm2,redmi9t,20260913-234008,rev_001_d47256a6,12,37.0,46
arm2,redmi9t,20260913-234008,rev_001_d47256a6,13,37.4,44
arm2,redmi9t,20260913-234008,rev_001_d47256a6,14,38.0,41
arm2,redmi9t,20260913-234008,rev_001_d47256a6,2,38.6,42
arm2,redmi9t,20260913-234008,rev_001_d47256a6,3,37.7,46
arm2,redmi9t,20260913-234008,rev_001_d47256a6,4,38.9,46
arm2,redmi9t,20260913-234008,rev_001_d47256a6,5,44.2,41
arm2,redmi9t,20260913-234008,rev_001_d47256a6,6,37.4,41
arm2,redmi9t,20260913-234008,rev_001_d47256a6,7,39.2,40
arm2,redmi9t,20260913-234008,rev_001_d47256a6,8,38.3,41
arm2,redmi9t,20260913-234008,rev_001_d47256a6,9,37.4,47
arm2,redmi9t,20260913-234008,rev_002_7a74a622,0,39.2,41
arm2,redmi9t,20260913-234008,rev_002_7a74a622,1,37.7,43
arm2,redmi9t,20260913-234008,rev_002_7a74a622,10,37.4,44
arm2,redmi9t,20260913-234008,rev_002_7a74a622,11,42.9,45
arm2,redmi9t,20260913-234008,rev_002_7a74a622,12,37.1,42
arm2,redmi9t,20260913-234008,rev_002_7a74a622,13,38.3,47
arm2,redmi9t,20260913-234008,rev_002_7a74a622,14,37.1,44
arm2,redmi9t,20260913-234008,rev_002_7a74a622,2,38.3,40
arm2,redmi9t,20260913-234008,rev_002_7a74a622,3,45.1,48
arm2,redmi9t,20260913-234008,rev_002_7a74a622,4,37.7,43
arm2,redmi9t,20260913-234008,rev_002_7a74a622,5,37.1,44
arm2,redmi9t,20260913-234008,rev_002_7a74a622,6,37.0,48
arm2,redmi9t,20260913-234008,rev_002_7a74a622,7,38.0,43
arm2,redmi9t,20260913-234008,rev_002_7a74a622,8,37.0,47
arm2,redmi9t,20260913-234008,rev_002_7a74a622,9,37.7,45
arm2,redmi9t,20260913-234008,rev_003_49282111,0,37.7,43
arm2,redmi9t,20260913-234008,rev_003_49282111,1,46.3,45
arm2,redmi9t,20260913-234008,rev_003_49282111,10,44.8,40
arm2,redmi9t,20260913-234008,rev_003_49282111,11,37.4,43
arm2,redmi9t,20260913-234008,rev_003_49282111,12,37.0,42
arm2,redmi9t,20260913-234008,rev_003_49282111,13,37.4,42
arm2,redmi9t,20260913-234008,rev_003_49282111,14,37.1,45
arm2,redmi9t,20260913-234008,rev_003_49282111,2,42.3,46
arm2,redmi9t,20260913-234008,rev_003_49282111,3,37.1,46
arm2,redmi9t,20260913-234008,rev_003_49282111,4,38.0,41
arm2,redmi9t,20260913-234008,rev_003_49282111,5,37.4,42
arm2,redmi9t,20260913-234008,rev_003_49282111,6,37.0,48
arm2,redmi9t,20260913-234008,rev_003_49282111,7,37.7,42
arm2,redmi9t,20260913-234008,rev_003_49282111,8,37.1,45
arm2,redmi9t,20260913-234008,rev_003_49282111,9,37.7,44
arm2,redmi9t,20260913-234102,rev_001_6a642d34,0,43.2,34
arm2,redmi9t,20260913-234102,rev_001_6a642d34,1,37.7,36
arm2,redmi9t,20260913-234102,rev_001_6a642d34,10,41.7,39
arm2,redmi9t,20260913-234102,rev_001_6a642d34,11,37.4,38
arm2,redmi9t,20260913-234102,rev_001_6a642d34,12,37.7,38
arm2,redmi9t,20260913-234102,rev_001_6a642d34,13,37.4,36
arm2,redmi9t,20260913-234102,rev_001_6a642d34,14,44.2,39
arm2,redmi9t,20260913-234102,rev_001_6a642d34,2,38.0,35
arm2,redmi9t,20260913-234102,rev_001_6a642d34,3,38.6,34
arm2,redmi9t,20260913-234102,rev_001_6a642d34,4,39.5,35
arm2,redmi9t,20260913-234102,rev_001_6a642d34,5,38.0,38
arm2,redmi9t,20260913-234102,rev_001_6a642d34,6,37.7,39
arm2,redmi9t,20260913-234102,rev_001_6a642d34,7,38.0,34
arm2,redmi9t,20260913-234102,rev_001_6a642d34,8,37.7,34
arm2,redmi9t,20260913-234102,rev_001_6a642d34,9,43.9,37
arm2,redmi9t,20260913-234102,rev_002_19ac2c28,0,37.4,37
arm2,redmi9t,20260913-234102,rev_002_19ac2c28,1,37.4,36
arm2,redmi9t,20260913-234102,rev_002_19ac2c28,10,43.9,37
arm2,redmi9t,20260913-234102,rev_002_19ac2c28,11,38.0,39
arm2,redmi9t,20260913-234102,rev_002_19ac2c28,12,37.4,36
arm2,redmi9t,20260913-234102,rev_002_19ac2c28,13,37.4,35
arm2,redmi9t,20260913-234102,rev_002_19ac2c28,14,37.7,37
arm2,redmi9t,20260913-234102,rev_002_19ac2c28,2,38.0,35
arm2,redmi9t,20260913-234102,rev_002_19ac2c28,3,38.0,36
arm2,redmi9t,20260913-234102,rev_002_19ac2c28,4,43.9,40
arm2,redmi9t,20260913-234102,rev_002_19ac2c28,5,37.4,33
arm2,redmi9t,20260913-234102,rev_002_19ac2c28,6,37.0,36
arm2,redmi9t,20260913-234102,rev_002_19ac2c28,7,38.3,39
arm2,redmi9t,20260913-234102,rev_002_19ac2c28,8,44.5,34
arm2,redmi9t,20260913-234102,rev_002_19ac2c28,9,43.9,35
arm2,redmi9t,20260913-234156,rev_001_a46d1727,0,40.8,70
arm2,redmi9t,20260913-234156,rev_001_a46d1727,1,51.3,64
arm2,redmi9t,20260913-234156,rev_001_a46d1727,10,38.0,71
arm2,redmi9t,20260913-234156,rev_001_a46d1727,11,37.1,32
arm2,redmi9t,20260913-234156,rev_001_a46d1727,12,38.0,68
arm2,redmi9t,20260913-234156,rev_001_a46d1727,13,37.7,67
arm2,redmi9t,20260913-234156,rev_001_a46d1727,14,38.0,64
arm2,redmi9t,20260913-234156,rev_001_a46d1727,2,45.1,67
arm2,redmi9t,20260913-234156,rev_001_a46d1727,3,38.0,72
arm2,redmi9t,20260913-234156,rev_001_a46d1727,4,37.7,71
arm2,redmi9t,20260913-234156,rev_001_a46d1727,5,39.8,66
arm2,redmi9t,20260913-234156,rev_001_a46d1727,6,37.7,65
arm2,redmi9t,20260913-234156,rev_001_a46d1727,7,37.4,63
arm2,redmi9t,20260913-234156,rev_001_a46d1727,8,40.5,65
arm2,redmi9t,20260913-234156,rev_001_a46d1727,9,37.1,73
arm2,redmi9t,20260913-234156,rev_002_1b77e180,0,39.5,64
arm2,redmi9t,20260913-234156,rev_002_1b77e180,1,37.4,32
arm2,redmi9t,20260913-234156,rev_002_1b77e180,10,41.4,70
arm2,redmi9t,20260913-234156,rev_002_1b77e180,11,38.6,69
arm2,redmi9t,20260913-234156,rev_002_1b77e180,12,38.3,66
arm2,redmi9t,20260913-234156,rev_002_1b77e180,13,46.0,69
arm2,redmi9t,20260913-234156,rev_002_1b77e180,14,42.0,71
arm2,redmi9t,20260913-234156,rev_002_1b77e180,2,39.8,64
arm2,redmi9t,20260913-234156,rev_002_1b77e180,3,39.2,69
arm2,redmi9t,20260913-234156,rev_002_1b77e180,4,37.1,74
arm2,redmi9t,20260913-234156,rev_002_1b77e180,5,37.1,74
arm2,redmi9t,20260913-234156,rev_002_1b77e180,6,39.8,72
arm2,redmi9t,20260913-234156,rev_002_1b77e180,7,39.5,71
arm2,redmi9t,20260913-234156,rev_002_1b77e180,8,37.7,33
arm2,redmi9t,20260913-234156,rev_002_1b77e180,9,46.0,70
arm2,redmi9t,20260913-234156,rev_003_4720427e,0,38.3,73
arm2,redmi9t,20260913-234156,rev_003_4720427e,1,37.7,73
arm2,redmi9t,20260913-234156,rev_003_4720427e,10,42.3,63
arm2,redmi9t,20260913-234156,rev_003_4720427e,11,38.3,70
arm2,redmi9t,20260913-234156,rev_003_4720427e,12,38.3,68
arm2,redmi9t,20260913-234156,rev_003_4720427e,13,44.8,65
arm2,redmi9t,20260913-234156,rev_003_4720427e,14,47.3,70
arm2,redmi9t,20260913-234156,rev_003_4720427e,2,38.0,68
arm2,redmi9t,20260913-234156,rev_003_4720427e,3,37.4,74
arm2,redmi9t,20260913-234156,rev_003_4720427e,4,41.7,66
arm2,redmi9t,20260913-234156,rev_003_4720427e,5,38.3,68
arm2,redmi9t,20260913-234156,rev_003_4720427e,6,42.6,73
arm2,redmi9t,20260913-234156,rev_003_4720427e,7,44.5,66
arm2,redmi9t,20260913-234156,rev_003_4720427e,8,38.3,33
arm2,redmi9t,20260913-234156,rev_003_4720427e,9,38.6,69
arm2,redmi9t,20260913-234156,rev_004_098d150a,0,38.6,73
arm2,redmi9t,20260913-234156,rev_004_098d150a,1,38.3,67
arm2,redmi9t,20260913-234156,rev_004_098d150a,10,41.1,74
arm2,redmi9t,20260913-234156,rev_004_098d150a,11,37.1,65
arm2,redmi9t,20260913-234156,rev_004_098d150a,12,38.9,67
arm2,redmi9t,20260913-234156,rev_004_098d150a,13,40.8,74
arm2,redmi9t,20260913-234156,rev_004_098d150a,14,38.0,71
arm2,redmi9t,20260913-234156,rev_004_098d150a,2,40.2,64
arm2,redmi9t,20260913-234156,rev_004_098d150a,3,38.6,68
arm2,redmi9t,20260913-234156,rev_004_098d150a,4,37.7,72
arm2,redmi9t,20260913-234156,rev_004_098d150a,5,41.7,71
arm2,redmi9t,20260913-234156,rev_004_098d150a,6,38.0,66
arm2,redmi9t,20260913-234156,rev_004_098d150a,7,38.6,69
arm2,redmi9t,20260913-234156,rev_004_098d150a,8,38.0,67
arm2,redmi9t,20260913-234156,rev_004_098d150a,9,37.7,33
arm2,redmi9t,20260913-234251,rev_001_fefa1533,0,38.6,56
arm2,redmi9t,20260913-234251,rev_001_fefa1533,1,38.0,59
arm2,redmi9t,20260913-234251,rev_001_fefa1533,10,40.2,62
arm2,redmi9t,20260913-234251,rev_001_fefa1533,11,37.7,61
arm2,redmi9t,20260913-234251,rev_001_fefa1533,12,43.9,61
arm2,redmi9t,20260913-234251,rev_001_fefa1533,13,38.9,58
arm2,redmi9t,20260913-234251,rev_001_fefa1533,14,38.9,62
arm2,redmi9t,20260913-234251,rev_001_fefa1533,2,38.3,58
arm2,redmi9t,20260913-234251,rev_001_fefa1533,3,38.9,56
arm2,redmi9t,20260913-234251,rev_001_fefa1533,4,38.6,57
arm2,redmi9t,20260913-234251,rev_001_fefa1533,5,38.3,61
arm2,redmi9t,20260913-234251,rev_001_fefa1533,6,38.9,61
arm2,redmi9t,20260913-234251,rev_001_fefa1533,7,37.7,57
arm2,redmi9t,20260913-234251,rev_001_fefa1533,8,38.0,57
arm2,redmi9t,20260913-234251,rev_001_fefa1533,9,38.6,60
arm2,redmi9t,20260913-234251,rev_002_6a56bffb,0,39.8,61
arm2,redmi9t,20260913-234251,rev_002_6a56bffb,1,37.4,59
arm2,redmi9t,20260913-234251,rev_002_6a56bffb,10,37.1,60
arm2,redmi9t,20260913-234251,rev_002_6a56bffb,11,37.7,62
arm2,redmi9t,20260913-234251,rev_002_6a56bffb,12,38.9,59
arm2,redmi9t,20260913-234251,rev_002_6a56bffb,13,38.6,58
arm2,redmi9t,20260913-234251,rev_002_6a56bffb,14,37.4,60
arm2,redmi9t,20260913-234251,rev_002_6a56bffb,2,40.5,58
arm2,redmi9t,20260913-234251,rev_002_6a56bffb,3,38.0,58
arm2,redmi9t,20260913-234251,rev_002_6a56bffb,4,38.3,62
arm2,redmi9t,20260913-234251,rev_002_6a56bffb,5,38.0,56
arm2,redmi9t,20260913-234251,rev_002_6a56bffb,6,38.9,59
arm2,redmi9t,20260913-234251,rev_002_6a56bffb,7,38.0,62
arm2,redmi9t,20260913-234251,rev_002_6a56bffb,8,38.6,57
arm2,redmi9t,20260913-234251,rev_002_6a56bffb,9,38.0,57
arm2,redmi9t,20260913-234351,rev_001_a2ef3b0d,0,38.0,51
arm2,redmi9t,20260913-234351,rev_001_a2ef3b0d,1,42.3,53
arm2,redmi9t,20260913-234351,rev_001_a2ef3b0d,10,40.8,56
arm2,redmi9t,20260913-234351,rev_001_a2ef3b0d,11,38.6,54
arm2,redmi9t,20260913-234351,rev_001_a2ef3b0d,12,41.1,55
arm2,redmi9t,20260913-234351,rev_001_a2ef3b0d,13,37.4,53
arm2,redmi9t,20260913-234351,rev_001_a2ef3b0d,14,39.8,56
arm2,redmi9t,20260913-234351,rev_001_a2ef3b0d,2,39.8,52
arm2,redmi9t,20260913-234351,rev_001_a2ef3b0d,3,37.4,50
arm2,redmi9t,20260913-234351,rev_001_a2ef3b0d,4,41.7,51
arm2,redmi9t,20260913-234351,rev_001_a2ef3b0d,5,38.0,55
arm2,redmi9t,20260913-234351,rev_001_a2ef3b0d,6,44.5,55
arm2,redmi9t,20260913-234351,rev_001_a2ef3b0d,7,44.2,51
arm2,redmi9t,20260913-234351,rev_001_a2ef3b0d,8,46.0,51
arm2,redmi9t,20260913-234351,rev_001_a2ef3b0d,9,40.2,54
arm2,redmi9t,20260913-234351,rev_002_43588307,0,47.6,54
arm2,redmi9t,20260913-234351,rev_002_43588307,1,44.8,53
arm2,redmi9t,20260913-234351,rev_002_43588307,10,43.6,54
arm2,redmi9t,20260913-234351,rev_002_43588307,11,38.6,55
arm2,redmi9t,20260913-234351,rev_002_43588307,12,40.5,53
arm2,redmi9t,20260913-234351,rev_002_43588307,13,38.0,52
arm2,redmi9t,20260913-234351,rev_002_43588307,14,38.0,54
arm2,redmi9t,20260913-234351,rev_002_43588307,2,38.0,52
arm2,redmi9t,20260913-234351,rev_002_43588307,3,43.9,52
arm2,redmi9t,20260913-234351,rev_002_43588307,4,38.3,56
arm2,redmi9t,20260913-234351,rev_002_43588307,5,39.5,50
arm2,redmi9t,20260913-234351,rev_002_43588307,6,40.8,54
arm2,redmi9t,20260913-234351,rev_002_43588307,7,38.0,55
arm2,redmi9t,20260913-234351,rev_002_43588307,8,38.3,51
arm2,redmi9t,20260913-234351,rev_002_43588307,9,43.6,51
arm2,redmi9t,20260913-234545,rev_004_a5ca376e,9,37.0,60
arm2,redmi9t,20260913-234545,rev_011_cb746667,9,37.0,60
arm2,redmi9t,20260913-234545,rev_012_4dbf79c7,5,37.0,60
arm2,redmi9t,20260913-234924,rev_001_741d00b3,0,37.4,40
arm2,redmi9t,20260913-234924,rev_001_741d00b3,1,38.3,42
arm2,redmi9t,20260913-234924,rev_001_741d00b3,10,41.4,45
arm2,redmi9t,20260913-234924,rev_001_741d00b3,11,37.1,44
arm2,redmi9t,20260913-234924,rev_001_741d00b3,12,39.5,44
arm2,redmi9t,20260913-234924,rev_001_741d00b3,13,38.6,42
arm2,redmi9t,20260913-234924,rev_001_741d00b3,14,43.6,45
arm2,redmi9t,20260913-234924,rev_001_741d00b3,2,38.6,41
arm2,redmi9t,20260913-234924,rev_001_741d00b3,3,38.9,40
arm2,redmi9t,20260913-234924,rev_001_741d00b3,4,39.5,41
arm2,redmi9t,20260913-234924,rev_001_741d00b3,5,46.3,44
arm2,redmi9t,20260913-234924,rev_001_741d00b3,6,43.6,44
arm2,redmi9t,20260913-234924,rev_001_741d00b3,7,37.7,40
arm2,redmi9t,20260913-234924,rev_001_741d00b3,8,39.5,40
arm2,redmi9t,20260913-234924,rev_001_741d00b3,9,37.7,43
arm2,redmi9t,20260913-234924,rev_002_8197355c,0,37.4,43
arm2,redmi9t,20260913-234924,rev_002_8197355c,1,37.7,42
arm2,redmi9t,20260913-234924,rev_002_8197355c,10,42.6,43
arm2,redmi9t,20260913-234924,rev_002_8197355c,11,37.4,45
arm2,redmi9t,20260913-234924,rev_002_8197355c,12,43.2,42
arm2,redmi9t,20260913-234924,rev_002_8197355c,13,38.0,41
arm2,redmi9t,20260913-234924,rev_002_8197355c,14,47.3,43
arm2,redmi9t,20260913-234924,rev_002_8197355c,2,38.3,41
arm2,redmi9t,20260913-234924,rev_002_8197355c,3,41.4,42
arm2,redmi9t,20260913-234924,rev_002_8197355c,4,40.8,45
arm2,redmi9t,20260913-234924,rev_002_8197355c,5,37.7,39
arm2,redmi9t,20260913-234924,rev_002_8197355c,6,39.2,43
arm2,redmi9t,20260913-234924,rev_002_8197355c,7,37.1,44
arm2,redmi9t,20260913-234924,rev_002_8197355c,8,41.7,40
arm2,redmi9t,20260913-234924,rev_002_8197355c,9,41.4,41
