pair_id,group,left,right,contrast_type,median_left_us,median_right_us,cliffs_delta,abs_delta,prob_superiority,delta_ci_low,delta_ci_high,effect_magnitude,ambiguous,mwu_p,q_bh,label,label_name,corroborated,d_treeNonConstWidgetCount,d_treeMaxWidgetNestingDepth,d_treeListRenderingStrategy,d_rootBuildReturnsConstWidget,d_treeConstWidgetCount,d_helperReferenceCount,d_usesLayoutDependentBuilder,d_treeCyclomaticComplexity,d_treeIterationCount,d_treeMaxIterationNestingDepth,d_iterationWidgetCount,d_valueObjectAllocCount,d_helperWidgetCount,d_helperMaxWidgetNestingDepth
01/mutation_1,01,base,mutation_1,base_mut,2425.0,2689.5,0.7822222222222223,0.7822222222222223,0.8911111111111112,0.48444444444444446,0.9866666666666667,large,False,0.0001418563296027389,0.000636436505785261,1,Slower,True,3.0,3.0,0.0,0.0,0.0,0.0,0.0,0.0,0.0,0.0,3.0,0.0,0.0,0.0
01/mutation_2,01,base,mutation_2,base_mut,2425.0,2560.5,0.09333333333333334,0.09333333333333334,0.5466666666666666,-0.34244444444444444,0.52,negligible,False,0.3391512327986162,0.565820147181611,0,Faster or stable,False,-4.0,0.0,0.0,0.0,6.0,0.0,0.0,0.0,0.0,0.0,-2.0,-2.0,-2.0,0.0
01/mutation_3,01,base,mutation_3,base_mut,2425.0,2650.5,0.5422222222222223,0.5422222222222223,0.7711111111111111,0.1421111111111111,0.8577777777777778,large,False,0.006041649360327073,0.01857247766322767,1,Slower,True,0.0,0.0,0.0,0.0,0.0,0.0,0.0,0.0,0.0,0.0,0.0,1.0,0.0,0.0
01/mutation_4,01,base,mutation_4,base_mut,2425.0,2460.5,-0.06666666666666667,0.06666666666666667,0.4666666666666667,-0.52,0.40444444444444444,negligible,False,0.6300030630026887,0.8434098629842457,0,Faster or stable,False,0.0,1.0,1.0,0.0,0.0,0.0,0.0,-2.0,1.0,0.0,-1.0,0.0,0.0,0.0
01/mutation_5,01,base,mutation_5,base_mut,2425.0,2596.5,0.30666666666666664,0.30666666666666664,0.6533333333333333,-0.10244444444444444,0.7244444444444444,small,True,0.07923230299910178,0.17420612315034298,0,Faster or stable,False,18.0,8.0,0.0,0.0,2.0,-3.0,0.0,5.0,0.0,0.0,-2.0,0.0,-15.0,-4.0
01/mutation_6,01,base,mutation_6,base_mut,2425.0,2650.0,0.49333333333333335,0.49333333333333335,0.7466666666666667,0.09311111111111113,0.84,large,False,0.011258033769001526,0.03194587360092741,1,Slower,True,45.0,7.0,0.0,0.0,0.0,-3.0,0.0,18.0,0.0,0.0,0.0,16.0,-15.0,-4.0
01/mutation_7,01,base,mutation_7,base_mut,2425.0,5060.5,1.0,1.0,1.0,1.0,1.0,large,False,1.6959106954125473e-06,1.1490660221978891e-05,1,Slower,True,6.0,0.0,0.0,0.0,0.0,0.0,0.0,0.0,0.0,0.0,6.0,3.0,0.0,0.0
01/mutation_8,01,base,mutation_8,base_mut,2425.0,2726.0,0.4488888888888889,0.4488888888888889,0.7244444444444444,0.022222222222222223,0.7955555555555556,medium,False,0.019044142103146065,0.0493957435800351,1,Slower,True,1.0,1.0,0.0,0.0,0.0,0.0,1.0,0.0,0.0,0.0,0.0,0.0,0.0,0.0
01/mutation_1~mutation_2,01,mutation_1,mutation_2,mut_mut,2689.5,2560.5,-0.8755555555555555,0.8755555555555555,0.062222222222222234,-1.0,-0.6,large,False,0.9999799001345363,0.9999986384769016,0,Faster or stable,False,-7.0,-3.0,0.0,0.0,6.0,0.0,0.0,0.0,0.0,0.0,-5.0,-2.0,-2.0,0.0
01/mutation_1~mutation_3,01,mutation_1,mutation_3,mut_mut,2689.5,2650.5,-0.4577777777777778,0.4577777777777778,0.2711111111111111,-0.7868888888888889,-0.06666666666666667,medium,False,0.9844916942809916,0.9999986384769016,0,Faster or stable,False,-3.0,-3.0,0.0,0.0,0.0,0.0,0.0,0.0,0.0,0.0,-3.0,1.0,0.0,0.0
01/mutation_1~mutation_4,01,mutation_1,mutation_4,mut_mut,2689.5,2460.5,-0.8755555555555555,0.8755555555555555,0.062222222222222234,-1.0,-0.6,large,False,0.9999799398305119,0.9999986384769016,0,Faster or stable,False,-3.0,-2.0,1.0,0.0,0.0,0.0,0.0,-2.0,1.0,0.0,-4.0,0.0,0.0,0.0
01/mutation_1~mutation_5,01,mutation_1,mutation_5,mut_mut,2689.5,2596.5,-0.7777777777777778,0.7777777777777778,0.1111111111111111,-1.0,-0.44,large,False,0.9998689155559317,0.9999986384769016,0,Faster or stable,False,15.0,5.0,0.0,0.0,2.0,-3.0,0.0,5.0,0.0,0.0,-5.0,0.0,-15.0,-4.0
01/mutation_1~mutation_6,01,mutation_1,mutation_6,mut_mut,2689.5,2650.0,-0.5155555555555555,0.5155555555555555,0.24222222222222223,-0.8311111111111111,-0.1288888888888889,large,False,0.9923880181158758,0.9999986384769016,0,Faster or stable,False,42.0,4.0,0.0,0.0,0.0,-3.0,0.0,18.0,0.0,0.0,-3.0,16.0,-15.0,-4.0
01/mutation_1~mutation_7,01,mutation_1,mutation_7,mut_mut,2689.5,5060.5,1.0,1.0,1.0,1.0,1.0,large,False,1.6959106954125473e-06,5.818996331048556e-06,1,Slower,True,3.0,-3.0,0.0,0.0,0.0,0.0,0.0,0.0,0.0,0.0,3.0,3.0,0.0,0.0
01/mutation_1~mutation_8,01,mutation_1,mutation_8,mut_mut,2689.5,2726.0,0.1111111111111111,0.1111111111111111,0.5555555555555556,-0.37777777777777777,0.6088888888888889,negligible,False,0.3093347785411311,0.5250735575236749,0,Faster or stable,False,-2.0,-2.0,0.0,0.0,0.0,0.0,1.0,0.0,0.0,0.0,-3.0,0.0,0.0,0.0
01/mutation_2~mutation_3,01,mutation_2,mutation_3,mut_mut,2560.5,2650.5,0.5822222222222222,0.5822222222222222,0.7911111111111111,0.19111111111111112,0.9022222222222223,large,False,0.003508099617119809,0.008374654830656225,1,Slower,True,4.0,0.0,0.0,0.0,-6.0,0.0,0.0,0.0,0.0,0.0,2.0,3.0,2.0,0.0
01/mutation_2~mutation_4,01,mutation_2,mutation_4,mut_mut,2560.5,2460.5,-0.39555555555555555,0.39555555555555555,0.3022222222222222,-0.7688888888888888,0.04,medium,False,0.969029699686474,0.9999986384769016,0,Faster or stable,False,4.0,1.0,1.0,0.0,-6.0,0.0,0.0,-2.0,1.0,0.0,1.0,2.0,2.0,0.0
01/mutation_2~mutation_5,01,mutation_2,mutation_5,mut_mut,2560.5,2596.5,0.5111111111111111,0.5111111111111111,0.7555555555555555,0.12,0.8491111111111099,large,False,0.00903331149945619,0.020642312632158544,1,Slower,True,22.0,8.0,0.0,0.0,-4.0,-3.0,0.0,5.0,0.0,0.0,0.0,2.0,-13.0,-4.0
01/mutation_2~mutation_6,01,mutation_2,mutation_6,mut_mut,2560.5,2650.0,0.5822222222222222,0.5822222222222222,0.7911111111111111,0.19111111111111112,0.9288888888888889,large,False,0.003504941883289306,0.008374654830656225,1,Slower,True,49.0,7.0,0.0,0.0,-6.0,-3.0,0.0,18.0,0.0,0.0,2.0,18.0,-13.0,-4.0
01/mutation_2~mutation_7,01,mutation_2,mutation_7,mut_mut,2560.5,5060.5,1.0,1.0,1.0,1.0,1.0,large,False,1.6959106954125473e-06,5.818996331048556e-06,1,Slower,True,10.0,0.0,0.0,0.0,-6.0,0.0,0.0,0.0,0.0,0.0,8.0,5.0,2.0,0.0
01/mutation_2~mutation_8,01,mutation_2,mutation_8,mut_mut,2560.5,2726.0,0.28888888888888886,0.28888888888888886,0.6444444444444444,-0.16444444444444445,0.68,small,True,0.09220503461081825,0.17960772366898972,0,Faster or stable,False,5.0,1.0,0.0,0.0,-6.0,0.0,1.0,0.0,0.0,0.0,2.0,2.0,2.0,0.0
01/mutation_3~mutation_4,01,mutation_3,mutation_4,mut_mut,2650.5,2460.5,-0.6266666666666667,0.6266666666666667,0.18666666666666665,-0.9644444444444444,-0.2088888888888889,large,False,0.9983866375872249,0.9999986384769016,0,Faster or stable,False,0.0,1.0,1.0,0.0,0.0,0.0,0.0,-2.0,1.0,0.0,-1.0,-1.0,0.0,0.0
01/mutation_3~mutation_5,01,mutation_3,mutation_5,mut_mut,2650.5,2596.5,-0.5155555555555555,0.5155555555555555,0.24222222222222223,-0.8844444444444445,-0.09333333333333334,large,False,0.9923823503946854,0.9999986384769016,0,Faster or stable,False,18.0,8.0,0.0,0.0,2.0,-3.0,0.0,5.0,0.0,0.0,-2.0,-1.0,-15.0,-4.0
01/mutation_3~mutation_6,01,mutation_3,mutation_6,mut_mut,2650.5,2650.0,-0.1111111111111111,0.1111111111111111,0.4444444444444444,-0.5288888888888889,0.30666666666666664,negligible,False,0.7052135162317432,0.9999986384769016,0,Faster or stable,False,45.0,7.0,0.0,0.0,0.0,-3.0,0.0,18.0,0.0,0.0,0.0,15.0,-15.0,-4.0
01/mutation_3~mutation_7,01,mutation_3,mutation_7,mut_mut,2650.5,5060.5,1.0,1.0,1.0,1.0,1.0,large,False,1.6959106954125473e-06,5.818996331048556e-06,1,Slower,True,6.0,0.0,0.0,0.0,0.0,0.0,0.0,0.0,0.0,0.0,6.0,2.0,0.0,0.0
01/mutation_3~mutation_8,01,mutation_3,mutation_8,mut_mut,2650.5,2726.0,0.2,0.2,0.6,-0.27111111111111114,0.6533333333333333,small,False,0.1807481830354491,0.3265691809432752,0,Faster or stable,False,1.0,1.0,0.0,0.0,0.0,0.0,1.0,0.0,0.0,0.0,0.0,-1.0,0.0,0.0
01/mutation_4~mutation_5,01,mutation_4,mutation_5,mut_mut,2460.5,2596.5,0.6444444444444445,0.6444444444444445,0.8222222222222222,0.2975555555555555,0.9113333333333321,large,False,0.0014097865389809511,0.0034612264698832104,1,Slower,True,18.0,7.0,-1.0,0.0,2.0,-3.0,0.0,7.0,-1.0,0.0,-1.0,0.0,-15.0,-4.0
01/mutation_4~mutation_6,01,mutation_4,mutation_6,mut_mut,2460.5,2650.0,0.7155555555555555,0.7155555555555555,0.8577777777777778,0.3333333333333333,1.0,large,False,0.00045172822703648166,0.0011736282502513237,1,Slower,True,45.0,6.0,-1.0,0.0,0.0,-3.0,0.0,20.0,-1.0,0.0,1.0,16.0,-15.0,-4.0
01/mutation_4~mutation_7,01,mutation_4,mutation_7,mut_mut,2460.5,5060.5,1.0,1.0,1.0,1.0,1.0,large,False,1.6916697063271091e-06,5.818996331048556e-06,1,Slower,True,6.0,-1.0,-1.0,0.0,0.0,0.0,0.0,2.0,-1.0,0.0,7.0,3.0,0.0,0.0
01/mutation_4~mutation_8,01,mutation_4,mutation_8,mut_mut,2460.5,2726.0,0.3511111111111111,0.3511111111111111,0.6755555555555556,-0.07555555555555556,0.7333333333333333,medium,True,0.05285020034301125,0.10801079195784813,1,Slower,False,1.0,0.0,-1.0,0.0,0.0,0.0,1.0,2.0,-1.0,0.0,1.0,0.0,0.0,0.0
01/mutation_5~mutation_6,01,mutation_5,mutation_6,mut_mut,2596.5,2650.0,0.52,0.52,0.76,0.12,0.8666666666666667,large,False,0.008064229993544572,0.01847897351084019,1,Slower,True,27.0,-1.0,0.0,0.0,-2.0,0.0,0.0,13.0,0.0,0.0,2.0,16.0,0.0,0.0
01/mutation_5~mutation_7,01,mutation_5,mutation_7,mut_mut,2596.5,5060.5,1.0,1.0,1.0,1.0,1.0,large,False,1.6959106954125473e-06,5.818996331048556e-06,1,Slower,True,-12.0,-8.0,0.0,0.0,-2.0,3.0,0.0,-5.0,0.0,0.0,8.0,3.0,15.0,4.0
01/mutation_5~mutation_8,01,mutation_5,mutation_8,mut_mut,2596.5,2726.0,0.17333333333333334,0.17333333333333334,0.5866666666666667,-0.3244444444444444,0.6355555555555555,small,False,0.21532399492403886,0.37986402878108744,0,Faster or stable,False,-17.0,-7.0,0.0,0.0,-2.0,3.0,1.0,-5.0,0.0,0.0,2.0,0.0,15.0,4.0
01/mutation_6~mutation_7,01,mutation_6,mutation_7,mut_mut,2650.0,5060.5,1.0,1.0,1.0,1.0,1.0,large,False,1.6916697063271091e-06,5.818996331048556e-06,1,Slower,True,-39.0,-7.0,0.0,0.0,0.0,3.0,0.0,-18.0,0.0,0.0,6.0,-13.0,15.0,4.0
01/mutation_6~mutation_8,01,mutation_6,mutation_8,mut_mut,2650.0,2726.0,0.19111111111111112,0.19111111111111112,0.5955555555555556,-0.27111111111111114,0.6533333333333333,small,False,0.19183985987607527,0.34499039121580805,0,Faster or stable,False,-44.0,-6.0,0.0,0.0,0.0,3.0,1.0,-18.0,0.0,0.0,0.0,-16.0,15.0,4.0
01/mutation_7~mutation_8,01,mutation_7,mutation_8,mut_mut,5060.5,2726.0,-1.0,1.0,0.0,-1.0,-1.0,large,False,0.9999986139518094,0.9999986384769016,0,Faster or stable,False,-5.0,1.0,0.0,0.0,0.0,0.0,1.0,0.0,0.0,0.0,-6.0,-3.0,0.0,0.0
02/mutation_1,02,base,mutation_1,base_mut,899.5,905.0,0.2088888888888889,0.2088888888888889,0.6044444444444445,-0.21333333333333335,0.6177777777777778,small,False,0.16998921718146248,0.32254479990012963,0,Faster or stable,False,0.0,0.0,0.0,0.0,0.0,0.0,0.0,0.0,0.0,0.0,0.0,0.0,2.0,2.0
02/mutation_2,02,base,mutation_2,base_mut,899.5,902.0,0.2088888888888889,0.2088888888888889,0.6044444444444445,-0.22666666666666666,0.6,small,False,0.16988168626557487,0.32254479990012963,0,Faster or stable,False,0.0,0.0,2.0,0.0,0.0,0.0,0.0,0.0,1.0,1.0,1.0,0.0,-3.0,0.0
02/mutation_3,02,base,mutation_3,base_mut,899.5,903.5,0.1511111111111111,0.1511111111111111,0.5755555555555556,-0.28888888888888886,0.5555555555555556,small,False,0.2468410255053125,0.4382418206832286,0,Faster or stable,False,1.0,0.0,0.0,0.0,-1.0,0.0,0.0,0.0,0.0,0.0,0.0,3.0,0.0,0.0
02/mutation_4,02,base,mutation_4,base_mut,899.5,906.0,0.3288888888888889,0.3288888888888889,0.6644444444444444,-0.06666666666666667,0.7111111111111111,small,True,0.0649125187002645,0.1529442699921588,0,Faster or stable,False,0.0,0.0,2.0,0.0,0.0,0.0,0.0,0.0,1.0,1.0,1.0,0.0,1.0,0.0
02/mutation_5,02,base,mutation_5,base_mut,899.5,893.5,-0.13333333333333333,0.13333333333333333,0.43333333333333335,-0.5466666666666666,0.30666666666666664,negligible,False,0.7399051859161483,0.9340247974302709,0,Faster or stable,False,8.0,5.0,0.0,0.0,0.0,-1.0,0.0,1.0,0.0,0.0,0.0,0.0,-7.0,-4.0
02/mutation_6,02,base,mutation_6,base_mut,899.5,893.5,-0.2,0.2,0.4,-0.6,0.23577777777777656,small,False,0.8299839157152931,0.9985157680423148,0,Faster or stable,False,7.0,4.0,0.0,0.0,0.0,-1.0,0.0,0.0,0.0,0.0,0.0,0.0,-7.0,-4.0
02/mutation_7,02,base,mutation_7,base_mut,899.5,1151.0,1.0,1.0,1.0,1.0,1.0,large,False,1.6959106954125473e-06,1.1490660221978891e-05,1,Slower,True,0.0,0.0,0.0,0.0,0.0,0.0,0.0,0.0,0.0,0.0,0.0,0.0,3.0,0.0
02/mutation_8,02,base,mutation_8,base_mut,899.5,1204.0,1.0,1.0,1.0,1.0,1.0,large,False,1.6959106954125473e-06,1.1490660221978891e-05,1,Slower,True,1.0,0.0,0.0,0.0,0.0,0.0,1.0,0.0,0.0,0.0,0.0,0.0,0.0,0.0
02/mutation_1~mutation_2,02,mutation_1,mutation_2,mut_mut,905.0,902.0,-0.057777777777777775,0.057777777777777775,0.4711111111111111,-0.48444444444444446,0.38666666666666666,negligible,False,0.6142614821698471,0.917711561910211,0,Faster or stable,False,0.0,0.0,2.0,0.0,0.0,0.0,0.0,0.0,1.0,1.0,1.0,0.0,-5.0,-2.0
02/mutation_1~mutation_3,02,mutation_1,mutation_3,mut_mut,905.0,903.5,-0.04,0.04,0.48,-0.4488888888888889,0.39111111111111113,negligible,False,0.5821835398031249,0.8803368351200891,0,Faster or stable,False,1.0,0.0,0.0,0.0,-1.0,0.0,0.0,0.0,0.0,0.0,0.0,3.0,-2.0,-2.0
02/mutation_1~mutation_4,02,mutation_1,mutation_4,mut_mut,905.0,906.0,0.12,0.12,0.56,-0.29777777777777775,0.5288888888888889,negligible,False,0.29484860279745706,0.5028014450634326,0,Faster or stable,False,0.0,0.0,2.0,0.0,0.0,0.0,0.0,0.0,1.0,1.0,1.0,0.0,-1.0,-2.0
02/mutation_1~mutation_5,02,mutation_1,mutation_5,mut_mut,905.0,893.5,-0.39111111111111113,0.39111111111111113,0.3044444444444444,-0.7733333333333333,0.031222222222221614,medium,False,0.9675673100835374,0.9999986384769016,0,Faster or stable,False,8.0,5.0,0.0,0.0,0.0,-1.0,0.0,1.0,0.0,0.0,0.0,0.0,-9.0,-6.0
02/mutation_1~mutation_6,02,mutation_1,mutation_6,mut_mut,905.0,893.5,-0.36,0.36,0.32,-0.7155555555555555,0.06222222222222222,medium,False,0.9555443302150347,0.9999986384769016,0,Faster or stable,False,7.0,4.0,0.0,0.0,0.0,-1.0,0.0,0.0,0.0,0.0,0.0,0.0,-9.0,-6.0
02/mutation_1~mutation_7,02,mutation_1,mutation_7,mut_mut,905.0,1151.0,1.0,1.0,1.0,1.0,1.0,large,False,1.6959106954125473e-06,5.818996331048556e-06,1,Slower,True,0.0,0.0,0.0,0.0,0.0,0.0,0.0,0.0,0.0,0.0,0.0,0.0,1.0,-2.0
02/mutation_1~mutation_8,02,mutation_1,mutation_8,mut_mut,905.0,1204.0,1.0,1.0,1.0,1.0,1.0,large,False,1.6959106954125473e-06,5.818996331048556e-06,1,Slower,True,1.0,0.0,0.0,0.0,0.0,0.0,1.0,0.0,0.0,0.0,0.0,0.0,-2.0,-2.0
02/mutation_2~mutation_3,02,mutation_2,mutation_3,mut_mut,902.0,903.5,0.022222222222222223,0.022222222222222223,0.5111111111111111,-0.38666666666666666,0.4666666666666667,negligible,False,0.4669321976334132,0.7410329286301626,0,Faster or stable,False,1.0,0.0,-2.0,0.0,-1.0,0.0,0.0,0.0,-1.0,-1.0,-1.0,3.0,3.0,0.0
02/mutation_2~mutation_4,02,mutation_2,mutation_4,mut_mut,902.0,906.0,0.20444444444444446,0.20444444444444446,0.6022222222222222,-0.21777777777777776,0.5867777777777772,small,False,0.17512921987805663,0.31871230155202424,0,Faster or stable,False,0.0,0.0,0.0,0.0,0.0,0.0,0.0,0.0,0.0,0.0,0.0,0.0,4.0,0.0
02/mutation_2~mutation_5,02,mutation_2,mutation_5,mut_mut,902.0,893.5,-0.35555555555555557,0.35555555555555557,0.3222222222222222,-0.7244444444444444,0.07555555555555556,medium,False,0.9535988067505161,0.9999986384769016,0,Faster or stable,False,8.0,5.0,-2.0,0.0,0.0,-1.0,0.0,1.0,-1.0,-1.0,-1.0,0.0,-4.0,-4.0
02/mutation_2~mutation_6,02,mutation_2,mutation_6,mut_mut,902.0,893.5,-0.3111111111111111,0.3111111111111111,0.34444444444444444,-0.7112222222222222,0.1288888888888889,small,False,0.9296637121695575,0.9999986384769016,0,Faster or stable,False,7.0,4.0,-2.0,0.0,0.0,-1.0,0.0,0.0,-1.0,-1.0,-1.0,0.0,-4.0,-4.0
02/mutation_2~mutation_7,02,mutation_2,mutation_7,mut_mut,902.0,1151.0,1.0,1.0,1.0,1.0,1.0,large,False,1.6832139963232752e-06,5.818996331048556e-06,1,Slower,True,0.0,0.0,-2.0,0.0,0.0,0.0,0.0,0.0,-1.0,-1.0,-1.0,0.0,6.0,0.0
02/mutation_2~mutation_8,02,mutation_2,mutation_8,mut_mut,902.0,1204.0,1.0,1.0,1.0,1.0,1.0,large,False,1.6832139963232752e-06,5.818996331048556e-06,1,Slower,True,1.0,0.0,-2.0,0.0,0.0,0.0,1.0,0.0,-1.0,-1.0,-1.0,0.0,3.0,0.0
02/mutation_3~mutation_4,02,mutation_3,mutation_4,mut_mut,903.5,906.0,0.15555555555555556,0.15555555555555556,0.5777777777777777,-0.26222222222222225,0.5823333333333327,small,False,0.24029231428437287,0.420035464922305,0,Faster or stable,False,-1.0,0.0,2.0,0.0,1.0,0.0,0.0,0.0,1.0,1.0,1.0,-3.0,1.0,0.0
02/mutation_3~mutation_5,02,mutation_3,mutation_5,mut_mut,903.5,893.5,-0.24444444444444444,0.24444444444444444,0.37777777777777777,-0.6577777777777778,0.17333333333333334,small,False,0.8773888416439616,0.9999986384769016,0,Faster or stable,False,7.0,5.0,0.0,0.0,1.0,-1.0,0.0,1.0,0.0,0.0,0.0,-3.0,-7.0,-4.0
02/mutation_3~mutation_6,02,mutation_3,mutation_6,mut_mut,903.5,893.5,-0.24,0.24,0.38,-0.6444444444444445,0.1688888888888889,small,False,0.8731236615401894,0.9999986384769016,0,Faster or stable,False,6.0,4.0,0.0,0.0,1.0,-1.0,0.0,0.0,0.0,0.0,0.0,-3.0,-7.0,-4.0
02/mutation_3~mutation_7,02,mutation_3,mutation_7,mut_mut,903.5,1151.0,1.0,1.0,1.0,1.0,1.0,large,False,1.6959106954125473e-06,5.818996331048556e-06,1,Slower,True,-1.0,0.0,0.0,0.0,1.0,0.0,0.0,0.0,0.0,0.0,0.0,-3.0,3.0,0.0
02/mutation_3~mutation_8,02,mutation_3,mutation_8,mut_mut,903.5,1204.0,1.0,1.0,1.0,1.0,1.0,large,False,1.6959106954125473e-06,5.818996331048556e-06,1,Slower,True,0.0,0.0,0.0,0.0,1.0,0.0,1.0,0.0,0.0,0.0,0.0,-3.0,0.0,0.0
02/mutation_4~mutation_5,02,mutation_4,mutation_5,mut_mut,906.0,893.5,-0.4622222222222222,0.4622222222222222,0.2688888888888889,-0.8133333333333334,-0.04433333333333394,medium,False,0.9853090975851896,0.9999986384769016,0,Faster or stable,False,8.0,5.0,-2.0,0.0,0.0,-1.0,0.0,1.0,-1.0,-1.0,-1.0,0.0,-8.0,-4.0
02/mutation_4~mutation_6,02,mutation_4,mutation_6,mut_mut,906.0,893.5,-0.48,0.48,0.26,-0.8356666666666667,-0.07555555555555556,large,False,0.9881299486081496,0.9999986384769016,0,Faster or stable,False,7.0,4.0,-2.0,0.0,0.0,-1.0,0.0,0.0,-1.0,-1.0,-1.0,0.0,-8.0,-4.0
02/mutation_4~mutation_7,02,mutation_4,mutation_7,mut_mut,906.0,1151.0,1.0,1.0,1.0,1.0,1.0,large,False,1.6916697063271091e-06,5.818996331048556e-06,1,Slower,True,0.0,0.0,-2.0,0.0,0.0,0.0,0.0,0.0,-1.0,-1.0,-1.0,0.0,2.0,0.0
02/mutation_4~mutation_8,02,mutation_4,mutation_8,mut_mut,906.0,1204.0,1.0,1.0,1.0,1.0,1.0,large,False,1.6916697063271091e-06,5.818996331048556e-06,1,Slower,True,1.0,0.0,-2.0,0.0,0.0,0.0,1.0,0.0,-1.0,-1.0,-1.0,0.0,-1.0,0.0
02/mutation_5~mutation_6,02,mutation_5,mutation_6,mut_mut,893.5,893.5,-0.13777777777777778,0.13777777777777778,0.4311111111111111,-0.56,0.29777777777777775,negligible,False,0.7466844300497356,0.9999986384769016,0,Faster or stable,False,-1.0,-1.0,0.0,0.0,0.0,0.0,0.0,-1.0,0.0,0.0,0.0,0.0,0.0,0.0
02/mutation_5~mutation_7,02,mutation_5,mutation_7,mut_mut,893.5,1151.0,1.0,1.0,1.0,1.0,1.0,large,False,1.6916697063271091e-06,5.818996331048556e-06,1,Slower,True,-8.0,-5.0,0.0,0.0,0.0,1.0,0.0,-1.0,0.0,0.0,0.0,0.0,10.0,4.0
02/mutation_5~mutation_8,02,mutation_5,mutation_8,mut_mut,893.5,1204.0,1.0,1.0,1.0,1.0,1.0,large,False,1.6916697063271091e-06,5.818996331048556e-06,1,Slower,True,-7.0,-5.0,0.0,0.0,0.0,1.0,1.0,-1.0,0.0,0.0,0.0,0.0,7.0,4.0
02/mutation_6~mutation_7,02,mutation_6,mutation_7,mut_mut,893.5,1151.0,1.0,1.0,1.0,1.0,1.0,large,False,1.6916697063271091e-06,5.818996331048556e-06,1,Slower,True,-7.0,-4.0,0.0,0.0,0.0,1.0,0.0,0.0,0.0,0.0,0.0,0.0,10.0,4.0
02/mutation_6~mutation_8,02,mutation_6,mutation_8,mut_mut,893.5,1204.0,1.0,1.0,1.0,1.0,1.0,large,False,1.6916697063271091e-06,5.818996331048556e-06,1,Slower,True,-6.0,-4.0,0.0,0.0,0.0,1.0,1.0,0.0,0.0,0.0,0.0,0.0,7.0,4.0
02/mutation_7~mutation_8,02,mutation_7,mutation_8,mut_mut,1151.0,1204.0,0.8977777777777778,0.8977777777777778,0.9488888888888889,0.68,1.0,large,False,1.5296306774536137e-05,4.6259989760187456e-05,1,Slower,True,1.0,0.0,0.0,0.0,0.0,0.0,1.0,0.0,0.0,0.0,0.0,0.0,-3.0,0.0
03/mutation_1,03,base,mutation_1,base_mut,604.5,590.0,0.14222222222222222,0.14222222222222222,0.5711111111111111,-0.31122222222222223,0.5466666666666666,negligible,False,0.2600948140838517,0.45448146460967775,0,Faster or stable,False,10.0,5.0,0.0,0.0,0.0,0.0,0.0,0.0,0.0,0.0,0.0,0.0,0.0,0.0
03/mutation_2,03,base,mutation_2,base_mut,604.5,425.0,-0.3688888888888889,0.3688888888888889,0.3155555555555556,-0.7377777777777778,0.07111111111111111,medium,False,0.9593035303759883,0.999998645417628,0,Faster or stable,False,-1.0,0.0,0.0,0.0,1.0,0.0,0.0,0.0,0.0,0.0,0.0,0.0,0.0,0.0
03/mutation_3,03,base,mutation_3,base_mut,604.5,556.0,-0.19555555555555557,0.19555555555555557,0.4022222222222222,-0.5955555555555555,0.2311111111111111,small,False,0.8247098308944756,0.9985157680423148,0,Faster or stable,False,0.0,0.0,0.0,0.0,0.0,0.0,0.0,0.0,0.0,0.0,0.0,2.0,0.0,0.0
03/mutation_4,03,base,mutation_4,base_mut,604.5,428.0,-0.24,0.24,0.38,-0.6533333333333333,0.18222222222222223,small,False,0.8730443776004359,0.999998645417628,0,Faster or stable,False,0.0,-2.0,2.0,0.0,0.0,0.0,0.0,0.0,1.0,0.0,0.0,0.0,0.0,0.0
03/mutation_5,03,base,mutation_5,base_mut,604.5,607.5,-0.057777777777777775,0.057777777777777775,0.4711111111111111,-0.4577777777777778,0.39555555555555555,negligible,False,0.6142614821698471,0.8323869880832214,0,Faster or stable,False,2.0,1.0,0.0,0.0,0.0,0.0,0.0,2.0,0.0,0.0,0.0,0.0,0.0,0.0
03/mutation_6,03,base,mutation_6,base_mut,604.5,586.0,-0.08,0.08,0.46,-0.48444444444444446,0.3688888888888889,negligible,False,0.6532734158755095,0.8640907333492794,0,Faster or stable,False,-2.0,0.0,0.0,0.0,0.0,0.0,0.0,1.0,0.0,0.0,0.0,0.0,0.0,0.0
03/mutation_7,03,base,mutation_7,base_mut,604.5,495.5,0.013333333333333334,0.013333333333333334,0.5066666666666667,-0.49333333333333335,0.4666666666666667,negligible,False,0.4834537092444746,0.7230028444557007,0,Faster or stable,False,-4.0,-1.0,2.0,0.0,0.0,1.0,0.0,1.0,1.0,0.0,0.0,0.0,4.0,2.0
03/mutation_8,03,base,mutation_8,base_mut,604.5,1096.5,1.0,1.0,1.0,1.0,1.0,large,False,1.6916697063271091e-06,1.1490660221978891e-05,1,Slower,True,1.0,1.0,0.0,0.0,0.0,0.0,1.0,0.0,0.0,0.0,0.0,0.0,0.0,0.0
03/mutation_1~mutation_2,03,mutation_1,mutation_2,mut_mut,590.0,425.0,-0.5155555555555555,0.5155555555555555,0.24222222222222223,-0.8222222222222222,-0.13766666666666727,large,False,0.9923823503946854,0.9999986384769016,0,Faster or stable,False,-11.0,-5.0,0.0,0.0,1.0,0.0,0.0,0.0,0.0,0.0,0.0,0.0,0.0,0.0
03/mutation_1~mutation_3,03,mutation_1,mutation_3,mut_mut,590.0,556.0,-0.3111111111111111,0.3111111111111111,0.34444444444444444,-0.68,0.09333333333333334,small,False,0.9295752891910319,0.9999986384769016,0,Faster or stable,False,-10.0,-5.0,0.0,0.0,0.0,0.0,0.0,0.0,0.0,0.0,0.0,2.0,0.0,0.0
03/mutation_1~mutation_4,03,mutation_1,mutation_4,mut_mut,590.0,428.0,-0.4266666666666667,0.4266666666666667,0.2866666666666666,-0.7866666666666666,-0.022000000000001213,medium,False,0.9778852924415161,0.9999986384769016,0,Faster or stable,False,-10.0,-7.0,2.0,0.0,0.0,0.0,0.0,0.0,1.0,0.0,0.0,0.0,0.0,0.0
03/mutation_1~mutation_5,03,mutation_1,mutation_5,mut_mut,590.0,607.5,-0.13777777777777778,0.13777777777777778,0.4311111111111111,-0.5333333333333333,0.29777777777777775,negligible,False,0.7466371041120295,0.9999986384769016,0,Faster or stable,False,-8.0,-4.0,0.0,0.0,0.0,0.0,0.0,2.0,0.0,0.0,0.0,0.0,0.0,0.0
03/mutation_1~mutation_6,03,mutation_1,mutation_6,mut_mut,590.0,586.0,-0.26222222222222225,0.26222222222222225,0.3688888888888889,-0.6444444444444445,0.18233333333333274,small,False,0.8933895456172762,0.9999986384769016,0,Faster or stable,False,-12.0,-5.0,0.0,0.0,0.0,0.0,0.0,1.0,0.0,0.0,0.0,0.0,0.0,0.0
03/mutation_1~mutation_7,03,mutation_1,mutation_7,mut_mut,590.0,495.5,-0.0044444444444444444,0.0044444444444444444,0.49777777777777776,-0.49333333333333335,0.4222222222222222,negligible,False,0.5165444507776191,0.8038463286294184,0,Faster or stable,False,-14.0,-6.0,2.0,0.0,0.0,1.0,0.0,1.0,1.0,0.0,0.0,0.0,4.0,2.0
03/mutation_1~mutation_8,03,mutation_1,mutation_8,mut_mut,590.0,1096.5,1.0,1.0,1.0,1.0,1.0,large,False,1.6959106954125473e-06,5.818996331048556e-06,1,Slower,True,-9.0,-4.0,0.0,0.0,0.0,0.0,1.0,0.0,0.0,0.0,0.0,0.0,0.0,0.0
03/mutation_2~mutation_3,03,mutation_2,mutation_3,mut_mut,425.0,556.0,0.17333333333333334,0.17333333333333334,0.5866666666666667,-0.24444444444444444,0.5733333333333334,small,False,0.21532399492403886,0.37986402878108744,0,Faster or stable,False,1.0,0.0,0.0,0.0,-1.0,0.0,0.0,0.0,0.0,0.0,0.0,2.0,0.0,0.0
03/mutation_2~mutation_4,03,mutation_2,mutation_4,mut_mut,425.0,428.0,0.09333333333333334,0.09333333333333334,0.5466666666666666,-0.3422222222222222,0.5022222222222222,negligible,False,0.3391512327986162,0.5671053400894893,0,Faster or stable,False,1.0,-2.0,2.0,0.0,-1.0,0.0,0.0,0.0,1.0,0.0,0.0,0.0,0.0,0.0
03/mutation_2~mutation_5,03,mutation_2,mutation_5,mut_mut,425.0,607.5,0.3422222222222222,0.3422222222222222,0.6711111111111111,-0.07555555555555556,0.7155555555555555,medium,True,0.05745331268042721,0.11644032883046022,1,Slower,False,3.0,1.0,0.0,0.0,-1.0,0.0,0.0,2.0,0.0,0.0,0.0,0.0,0.0,0.0
03/mutation_2~mutation_6,03,mutation_2,mutation_6,mut_mut,425.0,586.0,0.2,0.2,0.6,-0.24444444444444444,0.5911111111111111,small,False,0.18072147585835646,0.3265691809432752,0,Faster or stable,False,-1.0,0.0,0.0,0.0,-1.0,0.0,0.0,1.0,0.0,0.0,0.0,0.0,0.0,0.0
03/mutation_2~mutation_7,03,mutation_2,mutation_7,mut_mut,425.0,495.5,0.41333333333333333,0.41333333333333333,0.7066666666666667,-0.04,0.7866666666666666,medium,True,0.028182466921394773,0.060229957877723686,1,Slower,False,-3.0,-1.0,2.0,0.0,-1.0,1.0,0.0,1.0,1.0,0.0,0.0,0.0,4.0,2.0
03/mutation_2~mutation_8,03,mutation_2,mutation_8,mut_mut,425.0,1096.5,1.0,1.0,1.0,1.0,1.0,large,False,1.6959106954125473e-06,5.818996331048556e-06,1,Slower,True,2.0,1.0,0.0,0.0,-1.0,0.0,1.0,0.0,0.0,0.0,0.0,0.0,0.0,0.0
03/mutation_3~mutation_4,03,mutation_3,mutation_4,mut_mut,556.0,428.0,-0.044444444444444446,0.044444444444444446,0.4777777777777778,-0.4533333333333333,0.38666666666666666,negligible,False,0.5902370321776038,0.8913135263839456,0,Faster or stable,False,0.0,-2.0,2.0,0.0,0.0,0.0,0.0,0.0,1.0,0.0,0.0,-2.0,0.0,0.0
03/mutation_3~mutation_5,03,mutation_3,mutation_5,mut_mut,556.0,607.5,0.1288888888888889,0.1288888888888889,0.5644444444444444,-0.29344444444444445,0.5733333333333334,negligible,False,0.2806147727829762,0.4822712580981792,0,Faster or stable,False,2.0,1.0,0.0,0.0,0.0,0.0,0.0,2.0,0.0,0.0,0.0,-2.0,0.0,0.0
03/mutation_3~mutation_6,03,mutation_3,mutation_6,mut_mut,556.0,586.0,0.08888888888888889,0.08888888888888889,0.5444444444444444,-0.36,0.5111111111111111,negligible,False,0.3467103862709078,0.5763635490753043,0,Faster or stable,False,-2.0,0.0,0.0,0.0,0.0,0.0,0.0,1.0,0.0,0.0,0.0,-2.0,0.0,0.0
03/mutation_3~mutation_7,03,mutation_3,mutation_7,mut_mut,556.0,495.5,0.2088888888888889,0.2088888888888889,0.6044444444444445,-0.25333333333333335,0.6266666666666667,small,False,0.17001608428470688,0.3102246901617503,0,Faster or stable,False,-4.0,-1.0,2.0,0.0,0.0,1.0,0.0,1.0,1.0,0.0,0.0,-2.0,4.0,2.0
03/mutation_3~mutation_8,03,mutation_3,mutation_8,mut_mut,556.0,1096.5,1.0,1.0,1.0,1.0,1.0,large,False,1.6959106954125473e-06,5.818996331048556e-06,1,Slower,True,1.0,1.0,0.0,0.0,0.0,0.0,1.0,0.0,0.0,0.0,0.0,-2.0,0.0,0.0
03/mutation_4~mutation_5,03,mutation_4,mutation_5,mut_mut,428.0,607.5,0.24,0.24,0.62,-0.19111111111111112,0.6446666666666655,small,True,0.13576721870071773,0.25346226186723014,0,Faster or stable,False,2.0,3.0,-2.0,0.0,0.0,0.0,0.0,2.0,-1.0,0.0,0.0,0.0,0.0,0.0
03/mutation_4~mutation_6,03,mutation_4,mutation_6,mut_mut,428.0,586.0,0.1111111111111111,0.1111111111111111,0.5555555555555556,-0.3333333333333333,0.5288888888888889,negligible,False,0.3093152612228496,0.5250735575236749,0,Faster or stable,False,-2.0,2.0,-2.0,0.0,0.0,0.0,0.0,1.0,-1.0,0.0,0.0,0.0,0.0,0.0
03/mutation_4~mutation_7,03,mutation_4,mutation_7,mut_mut,428.0,495.5,0.30666666666666664,0.30666666666666664,0.6533333333333333,-0.16444444444444445,0.68,small,True,0.07920915006357482,0.15678773186065642,0,Faster or stable,False,-4.0,1.0,0.0,0.0,0.0,1.0,0.0,1.0,0.0,0.0,0.0,0.0,4.0,2.0
03/mutation_4~mutation_8,03,mutation_4,mutation_8,mut_mut,428.0,1096.5,1.0,1.0,1.0,1.0,1.0,large,False,1.6959106954125473e-06,5.818996331048556e-06,1,Slower,True,1.0,3.0,-2.0,0.0,0.0,0.0,1.0,0.0,-1.0,0.0,0.0,0.0,0.0,0.0
03/mutation_5~mutation_6,03,mutation_5,mutation_6,mut_mut,607.5,586.0,-0.0044444444444444444,0.0044444444444444444,0.49777777777777776,-0.41333333333333333,0.40444444444444444,negligible,False,0.5165536568108829,0.8038463286294184,0,Faster or stable,False,-4.0,-1.0,0.0,0.0,0.0,0.0,0.0,-1.0,0.0,0.0,0.0,0.0,0.0,0.0
03/mutation_5~mutation_7,03,mutation_5,mutation_7,mut_mut,607.5,495.5,-0.06666666666666667,0.06666666666666667,0.4666666666666667,-0.538,0.39555555555555555,negligible,False,0.6300309536512783,0.9375469286486657,0,Faster or stable,False,-6.0,-2.0,2.0,0.0,0.0,1.0,0.0,-1.0,1.0,0.0,0.0,0.0,4.0,2.0
03/mutation_5~mutation_8,03,mutation_5,mutation_8,mut_mut,607.5,1096.5,1.0,1.0,1.0,1.0,1.0,large,False,1.6874374779290916e-06,5.818996331048556e-06,1,Slower,True,-1.0,0.0,0.0,0.0,0.0,0.0,1.0,-2.0,0.0,0.0,0.0,0.0,0.0,0.0
03/mutation_6~mutation_7,03,mutation_6,mutation_7,mut_mut,586.0,495.5,0.21777777777777776,0.21777777777777776,0.6088888888888889,-0.27111111111111114,0.6444444444444445,small,False,0.1596991404338048,0.29288046781764354,0,Faster or stable,False,-2.0,-1.0,2.0,0.0,0.0,1.0,0.0,0.0,1.0,0.0,0.0,0.0,4.0,2.0
03/mutation_6~mutation_8,03,mutation_6,mutation_8,mut_mut,586.0,1096.5,1.0,1.0,1.0,1.0,1.0,large,False,1.6916697063271091e-06,5.818996331048556e-06,1,Slower,True,3.0,1.0,0.0,0.0,0.0,0.0,1.0,-1.0,0.0,0.0,0.0,0.0,0.0,0.0
03/mutation_7~mutation_8,03,mutation_7,mutation_8,mut_mut,495.5,1096.5,1.0,1.0,1.0,1.0,1.0,large,False,1.6916697063271091e-06,5.818996331048556e-06,1,Slower,True,5.0,2.0,-2.0,0.0,0.0,-1.0,1.0,-1.0,-1.0,0.0,0.0,0.0,-4.0,-2.0
04/mutation_1,04,base,mutation_1,base_mut,562.0,579.5,0.6,0.6,0.8,0.27555555555555555,0.8755555555555555,large,False,0.002715703799512778,0.009107208701396387,1,Slower,True,6.0,6.0,0.0,0.0,0.0,0.0,0.0,0.0,0.0,0.0,0.0,0.0,0.0,0.0
04/mutation_2,04,base,mutation_2,base_mut,562.0,564.0,0.07111111111111111,0.07111111111111111,0.5355555555555556,-0.39122222222222225,0.47555555555555556,negligible,False,0.3778414948287187,0.6119189086982176,0,Faster or stable,False,1.0,1.0,0.0,0.0,0.0,0.0,0.0,0.0,0.0,0.0,0.0,0.0,0.0,0.0
04/mutation_3,04,base,mutation_3,base_mut,562.0,578.0,0.4488888888888889,0.4488888888888889,0.7244444444444444,0.05322222222222223,0.7733333333333333,medium,False,0.019012005560229698,0.0493957435800351,1,Slower,True,0.0,0.0,0.0,0.0,0.0,0.0,0.0,0.0,0.0,0.0,0.0,1.0,0.0,0.0
04/mutation_4,04,base,mutation_4,base_mut,562.0,573.5,0.35555555555555557,0.35555555555555557,0.6777777777777778,-0.07555555555555556,0.7333333333333333,medium,True,0.05065184394702463,0.1209813826648358,1,Slower,False,1.0,1.0,2.0,0.0,1.0,0.0,0.0,1.0,1.0,1.0,0.0,0.0,0.0,0.0
04/mutation_5,04,base,mutation_5,base_mut,562.0,574.0,0.3288888888888889,0.3288888888888889,0.6644444444444444,-0.08444444444444445,0.68,small,True,0.06495524719546503,0.1529442699921588,0,Faster or stable,False,3.0,3.0,0.0,0.0,0.0,0.0,0.0,3.0,0.0,0.0,0.0,0.0,0.0,0.0
04/mutation_6,04,base,mutation_6,base_mut,562.0,567.0,0.10222222222222223,0.10222222222222223,0.5511111111111111,-0.3244444444444444,0.5111111111111111,negligible,False,0.32404720076567695,0.5461100033208363,0,Faster or stable,False,-1.0,-1.0,0.0,0.0,0.0,0.0,0.0,0.0,0.0,0.0,0.0,0.0,0.0,0.0
04/mutation_7,04,base,mutation_7,base_mut,562.0,580.5,0.6177777777777778,0.6177777777777778,0.8088888888888889,0.2798888888888889,0.8978888888888883,large,False,0.0020986355303245882,0.0072577812090392005,1,Slower,True,2.0,1.0,2.0,0.0,0.0,0.0,0.0,1.0,1.0,1.0,1.0,1.0,0.0,0.0
04/mutation_8,04,base,mutation_8,base_mut,562.0,1119.0,1.0,1.0,1.0,1.0,1.0,large,False,1.6916697063271091e-06,1.1490660221978891e-05,1,Slower,True,1.0,1.0,0.0,0.0,0.0,0.0,1.0,0.0,0.0,0.0,0.0,0.0,0.0,0.0
04/mutation_1~mutation_2,04,mutation_1,mutation_2,mut_mut,579.5,564.0,-0.5511111111111111,0.5511111111111111,0.22444444444444445,-0.8666666666666667,-0.15555555555555556,large,False,0.9952422549597056,0.9999986384769016,0,Faster or stable,False,-5.0,-5.0,0.0,0.0,0.0,0.0,0.0,0.0,0.0,0.0,0.0,0.0,0.0,0.0
04/mutation_1~mutation_3,04,mutation_1,mutation_3,mut_mut,579.5,578.0,-0.10666666666666667,0.10666666666666667,0.44666666666666666,-0.5466666666666666,0.35555555555555557,negligible,False,0.6979770872599043,0.9999986384769016,0,Faster or stable,False,-6.0,-6.0,0.0,0.0,0.0,0.0,0.0,0.0,0.0,0.0,0.0,1.0,0.0,0.0
04/mutation_1~mutation_4,04,mutation_1,mutation_4,mut_mut,579.5,573.5,-0.2088888888888889,0.2088888888888889,0.39555555555555555,-0.600111111111111,0.2089999999999994,small,False,0.8403008595661952,0.9999986384769016,0,Faster or stable,False,-5.0,-5.0,2.0,0.0,1.0,0.0,0.0,1.0,1.0,1.0,0.0,0.0,0.0,0.0
04/mutation_1~mutation_5,04,mutation_1,mutation_5,mut_mut,579.5,574.0,-0.2577777777777778,0.2577777777777778,0.3711111111111111,-0.6666666666666666,0.17344444444444385,small,False,0.8895260601731234,0.9999986384769016,0,Faster or stable,False,-3.0,-3.0,0.0,0.0,0.0,0.0,0.0,3.0,0.0,0.0,0.0,0.0,0.0,0.0
04/mutation_1~mutation_6,04,mutation_1,mutation_6,mut_mut,579.5,567.0,-0.48444444444444446,0.48444444444444446,0.2577777777777778,-0.8311111111111111,-0.0798888888888895,large,False,0.988771955929378,0.9999986384769016,0,Faster or stable,False,-7.0,-7.0,0.0,0.0,0.0,0.0,0.0,0.0,0.0,0.0,0.0,0.0,0.0,0.0
04/mutation_1~mutation_7,04,mutation_1,mutation_7,mut_mut,579.5,580.5,0.16,0.16,0.58,-0.25333333333333335,0.5555555555555556,small,False,0.23391088767023827,0.410716769899855,0,Faster or stable,False,-4.0,-5.0,2.0,0.0,0.0,0.0,0.0,1.0,1.0,1.0,1.0,1.0,0.0,0.0
04/mutation_1~mutation_8,04,mutation_1,mutation_8,mut_mut,579.5,1119.0,1.0,1.0,1.0,1.0,1.0,large,False,1.6916697063271091e-06,5.818996331048556e-06,1,Slower,True,-5.0,-5.0,0.0,0.0,0.0,0.0,1.0,0.0,0.0,0.0,0.0,0.0,0.0,0.0
04/mutation_2~mutation_3,04,mutation_2,mutation_3,mut_mut,564.0,578.0,0.3244444444444444,0.3244444444444444,0.6622222222222223,-0.09333333333333334,0.6933333333333334,small,True,0.06760411145255057,0.13538211004560674,0,Faster or stable,False,-1.0,-1.0,0.0,0.0,0.0,0.0,0.0,0.0,0.0,0.0,0.0,1.0,0.0,0.0
04/mutation_2~mutation_4,04,mutation_2,mutation_4,mut_mut,564.0,573.5,0.3466666666666667,0.3466666666666667,0.6733333333333333,-0.09333333333333334,0.7467777777777772,medium,True,0.055103771159452246,0.11220767920309514,1,Slower,False,0.0,0.0,2.0,0.0,1.0,0.0,0.0,1.0,1.0,1.0,0.0,0.0,0.0,0.0
04/mutation_2~mutation_5,04,mutation_2,mutation_5,mut_mut,564.0,574.0,0.27555555555555555,0.27555555555555555,0.6377777777777778,-0.14677777777777778,0.68,small,True,0.10274450038787825,0.19739611204657428,0,Faster or stable,False,2.0,2.0,0.0,0.0,0.0,0.0,0.0,3.0,0.0,0.0,0.0,0.0,0.0,0.0
04/mutation_2~mutation_6,04,mutation_2,mutation_6,mut_mut,564.0,567.0,0.057777777777777775,0.057777777777777775,0.5288888888888889,-0.3511111111111111,0.4622222222222222,negligible,False,0.4016562517615353,0.6531279919948444,0,Faster or stable,False,-2.0,-2.0,0.0,0.0,0.0,0.0,0.0,0.0,0.0,0.0,0.0,0.0,0.0,0.0
04/mutation_2~mutation_7,04,mutation_2,mutation_7,mut_mut,564.0,580.5,0.5422222222222223,0.5422222222222223,0.7711111111111111,0.15555555555555556,0.8666666666666667,large,False,0.006032099105910979,0.013954670508932203,1,Slower,True,1.0,0.0,2.0,0.0,0.0,0.0,0.0,1.0,1.0,1.0,1.0,1.0,0.0,0.0
04/mutation_2~mutation_8,04,mutation_2,mutation_8,mut_mut,564.0,1119.0,1.0,1.0,1.0,1.0,1.0,large,False,1.6874374779290916e-06,5.818996331048556e-06,1,Slower,True,0.0,0.0,0.0,0.0,0.0,0.0,1.0,0.0,0.0,0.0,0.0,0.0,0.0,0.0
04/mutation_3~mutation_4,04,mutation_3,mutation_4,mut_mut,578.0,573.5,-0.12444444444444444,0.12444444444444444,0.43777777777777777,-0.5422222222222223,0.3288888888888889,negligible,False,0.726312995805549,0.9999986384769016,0,Faster or stable,False,1.0,1.0,2.0,0.0,1.0,0.0,0.0,1.0,1.0,1.0,0.0,-1.0,0.0,0.0
04/mutation_3~mutation_5,04,mutation_3,mutation_5,mut_mut,578.0,574.0,-0.11555555555555555,0.11555555555555555,0.44222222222222224,-0.5377777777777778,0.29788888888888826,negligible,False,0.7122870626687672,0.9999986384769016,0,Faster or stable,False,3.0,3.0,0.0,0.0,0.0,0.0,0.0,3.0,0.0,0.0,0.0,-1.0,0.0,0.0
04/mutation_3~mutation_6,04,mutation_3,mutation_6,mut_mut,578.0,567.0,-0.3333333333333333,0.3333333333333333,0.33333333333333337,-0.7066666666666667,0.08444444444444445,medium,False,0.9425870888669363,0.9999986384769016,0,Faster or stable,False,-1.0,-1.0,0.0,0.0,0.0,0.0,0.0,0.0,0.0,0.0,0.0,-1.0,0.0,0.0
04/mutation_3~mutation_7,04,mutation_3,mutation_7,mut_mut,578.0,580.5,0.16444444444444445,0.16444444444444445,0.5822222222222222,-0.2624444444444445,0.5911111111111111,small,False,0.2276007893873342,0.40089181427408,0,Faster or stable,False,2.0,1.0,2.0,0.0,0.0,0.0,0.0,1.0,1.0,1.0,1.0,0.0,0.0,0.0
04/mutation_3~mutation_8,04,mutation_3,mutation_8,mut_mut,578.0,1119.0,1.0,1.0,1.0,1.0,1.0,large,False,1.6874374779290916e-06,5.818996331048556e-06,1,Slower,True,1.0,1.0,0.0,0.0,0.0,0.0,1.0,0.0,0.0,0.0,0.0,-1.0,0.0,0.0
04/mutation_4~mutation_5,04,mutation_4,mutation_5,mut_mut,573.5,574.0,-0.057777777777777775,0.057777777777777775,0.4711111111111111,-0.4711111111111111,0.36455555555555497,negligible,False,0.6142491194673855,0.917711561910211,0,Faster or stable,False,2.0,2.0,-2.0,0.0,-1.0,0.0,0.0,2.0,-1.0,-1.0,0.0,0.0,0.0,0.0
04/mutation_4~mutation_6,04,mutation_4,mutation_6,mut_mut,573.5,567.0,-0.28,0.28,0.36,-0.6888888888888889,0.13777777777777778,small,False,0.9078682102431479,0.9999986384769016,0,Faster or stable,False,-2.0,-2.0,-2.0,0.0,-1.0,0.0,0.0,-1.0,-1.0,-1.0,0.0,0.0,0.0,0.0
04/mutation_4~mutation_7,04,mutation_4,mutation_7,mut_mut,573.5,580.5,0.3422222222222222,0.3422222222222222,0.6711111111111111,-0.08466666666666665,0.7244444444444444,medium,True,0.05747351171943957,0.11644032883046022,1,Slower,False,1.0,0.0,0.0,0.0,-1.0,0.0,0.0,0.0,0.0,0.0,1.0,1.0,0.0,0.0
04/mutation_4~mutation_8,04,mutation_4,mutation_8,mut_mut,573.5,1119.0,1.0,1.0,1.0,1.0,1.0,large,False,1.6916697063271091e-06,5.818996331048556e-06,1,Slower,True,0.0,0.0,-2.0,0.0,-1.0,0.0,1.0,-1.0,-1.0,-1.0,0.0,0.0,0.0,0.0
04/mutation_5~mutation_6,04,mutation_5,mutation_6,mut_mut,574.0,567.0,-0.2222222222222222,0.2222222222222222,0.3888888888888889,-0.6088888888888889,0.2088888888888889,small,False,0.8550091242151523,0.9999986384769016,0,Faster or stable,False,-4.0,-4.0,0.0,0.0,0.0,0.0,0.0,-3.0,0.0,0.0,0.0,0.0,0.0,0.0
04/mutation_5~mutation_7,04,mutation_5,mutation_7,mut_mut,574.0,580.5,0.35555555555555557,0.35555555555555557,0.6777777777777778,-0.06666666666666667,0.7511111111111111,medium,True,0.050632846280450006,0.10385750187690111,1,Slower,False,-1.0,-2.0,2.0,0.0,0.0,0.0,0.0,-2.0,1.0,1.0,1.0,1.0,0.0,0.0
04/mutation_5~mutation_8,04,mutation_5,mutation_8,mut_mut,574.0,1119.0,1.0,1.0,1.0,1.0,1.0,large,False,1.6916697063271091e-06,5.818996331048556e-06,1,Slower,True,-2.0,-2.0,0.0,0.0,0.0,0.0,1.0,-3.0,0.0,0.0,0.0,0.0,0.0,0.0
04/mutation_6~mutation_7,04,mutation_6,mutation_7,mut_mut,567.0,580.5,0.5022222222222222,0.5022222222222222,0.7511111111111111,0.09766666666666668,0.8488888888888889,large,False,0.010054078785650398,0.022837467334120128,1,Slower,True,3.0,2.0,2.0,0.0,0.0,0.0,0.0,1.0,1.0,1.0,1.0,1.0,0.0,0.0
04/mutation_6~mutation_8,04,mutation_6,mutation_8,mut_mut,567.0,1119.0,1.0,1.0,1.0,1.0,1.0,large,False,1.6789992476286239e-06,5.818996331048556e-06,1,Slower,True,2.0,2.0,0.0,0.0,0.0,0.0,1.0,0.0,0.0,0.0,0.0,0.0,0.0,0.0
04/mutation_7~mutation_8,04,mutation_7,mutation_8,mut_mut,580.5,1119.0,1.0,1.0,1.0,1.0,1.0,large,False,1.6874374779290916e-06,5.818996331048556e-06,1,Slower,True,-1.0,0.0,-2.0,0.0,0.0,0.0,1.0,-1.0,-1.0,-1.0,-1.0,-1.0,0.0,0.0
05/mutation_1,05,base,mutation_1,base_mut,2014.0,2102.5,0.6355555555555555,0.6355555555555555,0.8177777777777777,0.2531111111111111,0.9288888888888889,large,False,0.0016150717977933323,0.005765632654488025,1,Slower,True,8.0,5.0,0.0,0.0,0.0,0.0,0.0,0.0,0.0,0.0,8.0,0.0,0.0,0.0
05/mutation_2,05,base,mutation_2,base_mut,2014.0,2016.0,-0.008888888888888889,0.008888888888888889,0.4955555555555556,-0.4311111111111111,0.4266666666666667,negligible,False,0.5248077842311969,0.7575486276728581,0,Faster or stable,False,0.0,0.0,0.0,0.0,0.0,0.0,0.0,0.0,0.0,0.0,0.0,0.0,0.0,0.0
05/mutation_3,05,base,mutation_3,base_mut,2014.0,2038.5,0.3244444444444444,0.3244444444444444,0.6622222222222223,-0.08466666666666665,0.7155555555555555,small,True,0.06766932192190799,0.1571063977487654,0,Faster or stable,False,4.0,0.0,0.0,0.0,-3.0,0.0,0.0,0.0,0.0,0.0,2.0,3.0,0.0,0.0
05/mutation_4,05,base,mutation_4,base_mut,2014.0,1812.0,-0.8577777777777778,0.8577777777777778,0.07111111111111112,-1.0,-0.5911111111111111,large,False,0.9999713146849576,0.999998645417628,0,Faster or stable,False,1.0,-1.0,0.0,0.0,0.0,0.0,0.0,2.0,1.0,1.0,0.0,0.0,0.0,0.0
05/mutation_5,05,base,mutation_5,base_mut,2014.0,2009.0,-0.08,0.08,0.46,-0.49333333333333335,0.36,negligible,False,0.6532410355495132,0.8640907333492794,0,Faster or stable,False,2.0,2.0,0.0,0.0,1.0,0.0,0.0,4.0,0.0,0.0,-7.0,0.0,0.0,0.0
05/mutation_6,05,base,mutation_6,base_mut,2014.0,2033.5,0.1688888888888889,0.1688888888888889,0.5844444444444444,-0.24444444444444444,0.5822222222222222,small,False,0.22141306056936572,0.4038963522474144,0,Faster or stable,False,-2.0,1.0,0.0,0.0,0.0,0.0,0.0,-2.0,0.0,0.0,0.0,0.0,0.0,0.0
05/mutation_7,05,base,mutation_7,base_mut,2014.0,1979.0,-0.4666666666666667,0.4666666666666667,0.26666666666666666,-0.8044444444444444,-0.08444444444444445,medium,False,0.9860374713233463,0.999998645417628,0,Faster or stable,False,0.0,0.0,0.0,0.0,0.0,5.0,0.0,0.0,0.0,0.0,0.0,0.0,0.0,0.0
05/mutation_8,05,base,mutation_8,base_mut,2014.0,2140.5,0.6622222222222223,0.6622222222222223,0.8311111111111111,0.30666666666666664,0.9555555555555556,large,False,0.0010725285122967752,0.004189170189206228,1,Slower,True,1.0,1.0,0.0,0.0,0.0,0.0,1.0,0.0,0.0,0.0,0.0,0.0,0.0,0.0
05/mutation_1~mutation_2,05,mutation_1,mutation_2,mut_mut,2102.5,2016.0,-0.7688888888888888,0.7688888888888888,0.11555555555555558,-1.0,-0.44,large,False,0.99984606826941,0.9999986384769016,0,Faster or stable,False,-8.0,-5.0,0.0,0.0,0.0,0.0,0.0,0.0,0.0,0.0,-8.0,0.0,0.0,0.0
05/mutation_1~mutation_3,05,mutation_1,mutation_3,mut_mut,2102.5,2038.5,-0.6355555555555555,0.6355555555555555,0.18222222222222223,-0.92,-0.30666666666666664,large,False,0.9985902134610191,0.9999986384769016,0,Faster or stable,False,-4.0,-5.0,0.0,0.0,-3.0,0.0,0.0,0.0,0.0,0.0,-6.0,3.0,0.0,0.0
05/mutation_1~mutation_4,05,mutation_1,mutation_4,mut_mut,2102.5,1812.0,-1.0,1.0,0.0,-1.0,-1.0,large,False,0.9999986139518094,0.9999986384769016,0,Faster or stable,False,-7.0,-6.0,0.0,0.0,0.0,0.0,0.0,2.0,1.0,1.0,-8.0,0.0,0.0,0.0
05/mutation_1~mutation_5,05,mutation_1,mutation_5,mut_mut,2102.5,2009.0,-0.7022222222222222,0.7022222222222222,0.1488888888888889,-0.9733333333333334,-0.37777777777777777,large,False,0.999512899496989,0.9999986384769016,0,Faster or stable,False,-6.0,-3.0,0.0,0.0,1.0,0.0,0.0,4.0,0.0,0.0,-15.0,0.0,0.0,0.0
05/mutation_1~mutation_6,05,mutation_1,mutation_6,mut_mut,2102.5,2033.5,-0.5955555555555555,0.5955555555555555,0.20222222222222225,-0.8977777777777778,-0.2088888888888889,large,False,0.9974455112176353,0.9999986384769016,0,Faster or stable,False,-10.0,-4.0,0.0,0.0,0.0,0.0,0.0,-2.0,0.0,0.0,-8.0,0.0,0.0,0.0
05/mutation_1~mutation_7,05,mutation_1,mutation_7,mut_mut,2102.5,1979.0,-0.8844444444444445,0.8844444444444445,0.05777777777777776,-1.0,-0.68,large,False,0.9999832162245792,0.9999986384769016,0,Faster or stable,False,-8.0,-5.0,0.0,0.0,0.0,5.0,0.0,0.0,0.0,0.0,-8.0,0.0,0.0,0.0
05/mutation_1~mutation_8,05,mutation_1,mutation_8,mut_mut,2102.5,2140.5,0.3688888888888889,0.3688888888888889,0.6844444444444444,-0.0491111111111111,0.7422222222222222,medium,True,0.04450898886163162,0.09163134954633152,1,Slower,False,-7.0,-4.0,0.0,0.0,0.0,0.0,1.0,0.0,0.0,0.0,-8.0,0.0,0.0,0.0
05/mutation_2~mutation_3,05,mutation_2,mutation_3,mut_mut,2016.0,2038.5,0.3688888888888889,0.3688888888888889,0.6844444444444444,-0.04888888888888889,0.7333333333333333,medium,True,0.044491216047870416,0.09163134954633152,1,Slower,False,4.0,0.0,0.0,0.0,-3.0,0.0,0.0,0.0,0.0,0.0,2.0,3.0,0.0,0.0
05/mutation_2~mutation_4,05,mutation_2,mutation_4,mut_mut,2016.0,1812.0,-0.7866666666666666,0.7866666666666666,0.10666666666666669,-1.0,-0.46644444444444566,large,False,0.9998885533544577,0.9999986384769016,0,Faster or stable,False,1.0,-1.0,0.0,0.0,0.0,0.0,0.0,2.0,1.0,1.0,0.0,0.0,0.0,0.0
05/mutation_2~mutation_5,05,mutation_2,mutation_5,mut_mut,2016.0,2009.0,-0.035555555555555556,0.035555555555555556,0.4822222222222222,-0.4666666666666667,0.40444444444444444,negligible,False,0.5740411222196824,0.8728159410871712,0,Faster or stable,False,2.0,2.0,0.0,0.0,1.0,0.0,0.0,4.0,0.0,0.0,-7.0,0.0,0.0,0.0
05/mutation_2~mutation_6,05,mutation_2,mutation_6,mut_mut,2016.0,2033.5,0.24,0.24,0.62,-0.18666666666666668,0.644555555555555,small,True,0.13576721870071773,0.25346226186723014,0,Faster or stable,False,-2.0,1.0,0.0,0.0,0.0,0.0,0.0,-2.0,0.0,0.0,0.0,0.0,0.0,0.0
05/mutation_2~mutation_7,05,mutation_2,mutation_7,mut_mut,2016.0,1979.0,-0.4266666666666667,0.4266666666666667,0.2866666666666666,-0.778,-0.022222222222222223,medium,False,0.9778852924415161,0.9999986384769016,0,Faster or stable,False,0.0,0.0,0.0,0.0,0.0,5.0,0.0,0.0,0.0,0.0,0.0,0.0,0.0,0.0
05/mutation_2~mutation_8,05,mutation_2,mutation_8,mut_mut,2016.0,2140.5,0.7422222222222222,0.7422222222222222,0.8711111111111112,0.38666666666666666,1.0,large,False,0.00028799060538084437,0.0007567340965744904,1,Slower,True,1.0,1.0,0.0,0.0,0.0,0.0,1.0,0.0,0.0,0.0,0.0,0.0,0.0,0.0
05/mutation_3~mutation_4,05,mutation_3,mutation_4,mut_mut,2038.5,1812.0,-0.9822222222222222,0.9822222222222222,0.00888888888888889,-1.0,-0.92,large,False,0.9999979334819841,0.9999986384769016,0,Faster or stable,False,-3.0,-1.0,0.0,0.0,3.0,0.0,0.0,2.0,1.0,1.0,-2.0,-3.0,0.0,0.0
05/mutation_3~mutation_5,05,mutation_3,mutation_5,mut_mut,2038.5,2009.0,-0.3511111111111111,0.3511111111111111,0.3244444444444444,-0.7422222222222222,0.07555555555555556,medium,False,0.9514730569217611,0.9999986384769016,0,Faster or stable,False,-2.0,2.0,0.0,0.0,4.0,0.0,0.0,4.0,0.0,0.0,-9.0,-3.0,0.0,0.0
05/mutation_3~mutation_6,05,mutation_3,mutation_6,mut_mut,2038.5,2033.5,-0.10222222222222223,0.10222222222222223,0.4488888888888889,-0.5291111111111111,0.31555555555555553,negligible,False,0.6906847387771504,0.9999986384769016,0,Faster or stable,False,-6.0,1.0,0.0,0.0,3.0,0.0,0.0,-2.0,0.0,0.0,-2.0,-3.0,0.0,0.0
05/mutation_3~mutation_7,05,mutation_3,mutation_7,mut_mut,2038.5,1979.0,-0.6177777777777778,0.6177777777777778,0.19111111111111112,-0.92,-0.22666666666666666,large,False,0.9981566100605459,0.9999986384769016,0,Faster or stable,False,-4.0,0.0,0.0,0.0,3.0,5.0,0.0,0.0,0.0,0.0,-2.0,-3.0,0.0,0.0
05/mutation_3~mutation_8,05,mutation_3,mutation_8,mut_mut,2038.5,2140.5,0.68,0.68,0.8400000000000001,0.31555555555555553,0.9644444444444444,large,False,0.0008088845366032398,0.002053322285223609,1,Slower,True,-3.0,1.0,0.0,0.0,3.0,0.0,1.0,0.0,0.0,0.0,-2.0,-3.0,0.0,0.0
05/mutation_4~mutation_5,05,mutation_4,mutation_5,mut_mut,1812.0,2009.0,0.9733333333333334,0.9733333333333334,0.9866666666666667,0.8933333333333333,1.0,large,False,3.0758193705482895e-06,9.945444765865075e-06,1,Slower,True,1.0,3.0,0.0,0.0,1.0,0.0,0.0,2.0,-1.0,-1.0,-7.0,0.0,0.0,0.0
05/mutation_4~mutation_6,05,mutation_4,mutation_6,mut_mut,1812.0,2033.5,0.9822222222222222,0.9822222222222222,0.991111111111111,0.92,1.0,large,False,2.5263517702349227e-06,8.264042816920068e-06,1,Slower,True,-3.0,2.0,0.0,0.0,0.0,0.0,0.0,-4.0,-1.0,-1.0,0.0,0.0,0.0,0.0
05/mutation_4~mutation_7,05,mutation_4,mutation_7,mut_mut,1812.0,1979.0,0.8666666666666667,0.8666666666666667,0.9333333333333333,0.6,1.0,large,False,2.868531504244278e-05,8.148081893068558e-05,1,Slower,True,-1.0,1.0,0.0,0.0,0.0,5.0,0.0,-2.0,-1.0,-1.0,0.0,0.0,0.0,0.0
05/mutation_4~mutation_8,05,mutation_4,mutation_8,mut_mut,1812.0,2140.5,1.0,1.0,1.0,1.0,1.0,large,False,1.6959106954125473e-06,5.818996331048556e-06,1,Slower,True,0.0,2.0,0.0,0.0,0.0,0.0,1.0,-2.0,-1.0,-1.0,0.0,0.0,0.0,0.0
05/mutation_5~mutation_6,05,mutation_5,mutation_6,mut_mut,2009.0,2033.5,0.24888888888888888,0.24888888888888888,0.6244444444444445,-0.18222222222222223,0.6444444444444445,small,True,0.12698204039098254,0.23985496518296703,0,Faster or stable,False,-4.0,-1.0,0.0,0.0,-1.0,0.0,0.0,-6.0,0.0,0.0,7.0,0.0,0.0,0.0
05/mutation_5~mutation_7,05,mutation_5,mutation_7,mut_mut,2009.0,1979.0,-0.30666666666666664,0.30666666666666664,0.3466666666666667,-0.68,0.10222222222222223,small,False,0.9267119828454997,0.9999986384769016,0,Faster or stable,False,-2.0,-2.0,0.0,0.0,-1.0,5.0,0.0,-4.0,0.0,0.0,7.0,0.0,0.0,0.0
05/mutation_5~mutation_8,05,mutation_5,mutation_8,mut_mut,2009.0,2140.5,0.7422222222222222,0.7422222222222222,0.8711111111111112,0.4311111111111111,0.9733333333333334,large,False,0.00028799060538084437,0.0007567340965744904,1,Slower,True,-1.0,-1.0,0.0,0.0,-1.0,0.0,1.0,-4.0,0.0,0.0,7.0,0.0,0.0,0.0
05/mutation_6~mutation_7,05,mutation_6,mutation_7,mut_mut,2033.5,1979.0,-0.5866666666666667,0.5866666666666667,0.20666666666666667,-0.9022222222222223,-0.2221111111111117,large,False,0.9970975085188999,0.9999986384769016,0,Faster or stable,False,2.0,-1.0,0.0,0.0,0.0,5.0,0.0,2.0,0.0,0.0,0.0,0.0,0.0,0.0
05/mutation_6~mutation_8,05,mutation_6,mutation_8,mut_mut,2033.5,2140.5,0.6711111111111111,0.6711111111111111,0.8355555555555556,0.3331111111111111,0.9644444444444444,large,False,0.0009327323145354444,0.002351743049233188,1,Slower,True,3.0,0.0,0.0,0.0,0.0,0.0,1.0,2.0,0.0,0.0,0.0,0.0,0.0,0.0
05/mutation_7~mutation_8,05,mutation_7,mutation_8,mut_mut,1979.0,2140.5,0.8044444444444444,0.8044444444444444,0.9022222222222223,0.5111111111111111,1.0,large,False,9.459649032721678e-05,0.00026014034839984615,1,Slower,True,1.0,1.0,0.0,0.0,0.0,-5.0,1.0,0.0,0.0,0.0,0.0,0.0,0.0,0.0
06/mutation_1,06,base,mutation_1,base_mut,638.5,651.0,0.24888888888888888,0.24888888888888888,0.6244444444444445,-0.20011111111111113,0.6357777777777766,small,True,0.12695562239956415,0.246486939395645,0,Faster or stable,False,9.0,7.0,0.0,0.0,0.0,0.0,0.0,0.0,0.0,0.0,0.0,0.0,0.0,0.0
06/mutation_2,06,base,mutation_2,base_mut,638.5,601.5,-0.6177777777777778,0.6177777777777778,0.19111111111111112,-0.9557777777777778,-0.2,large,False,0.9981566100605459,0.999998645417628,0,Faster or stable,False,-1.0,0.0,0.0,0.0,2.0,0.0,0.0,0.0,0.0,0.0,0.0,0.0,0.0,0.0
06/mutation_3,06,base,mutation_3,base_mut,638.5,660.0,0.4533333333333333,0.4533333333333333,0.7266666666666667,0.05755555555555557,0.7911111111111111,medium,False,0.018039241277405357,0.048831079501977744,1,Slower,True,2.0,0.0,0.0,0.0,-2.0,0.0,0.0,0.0,0.0,0.0,0.0,0.0,0.0,0.0
06/mutation_4,06,base,mutation_4,base_mut,638.5,659.0,0.5866666666666667,0.5866666666666667,0.7933333333333333,0.22644444444444445,0.8711111111111111,large,False,0.003286666932078171,0.010697778641666203,1,Slower,True,-1.0,0.0,2.0,0.0,0.0,1.0,0.0,0.0,2.0,1.0,1.0,2.0,0.0,0.0
06/mutation_5,06,base,mutation_5,base_mut,638.5,629.0,-0.2577777777777778,0.2577777777777778,0.3711111111111111,-0.6355555555555555,0.1688888888888889,small,False,0.8895517600603591,0.999998645417628,0,Faster or stable,False,1.0,1.0,0.0,0.0,0.0,0.0,0.0,1.0,0.0,0.0,0.0,0.0,0.0,0.0
06/mutation_6,06,base,mutation_6,base_mut,638.5,639.0,0.07111111111111111,0.07111111111111111,0.5355555555555556,-0.37777777777777777,0.47555555555555556,negligible,False,0.37777563548134496,0.6119189086982176,0,Faster or stable,False,1.0,-1.0,0.0,0.0,1.0,0.0,0.0,1.0,0.0,0.0,0.0,0.0,0.0,0.0
06/mutation_7,06,base,mutation_7,base_mut,638.5,735.5,0.9022222222222223,0.9022222222222223,0.9511111111111111,0.6533333333333333,1.0,large,False,1.3934381222781223e-05,7.583958304857978e-05,1,Slower,True,3.0,0.0,0.0,0.0,3.0,0.0,0.0,0.0,0.0,0.0,0.0,0.0,0.0,0.0
06/mutation_8,06,base,mutation_8,base_mut,638.5,1335.5,1.0,1.0,1.0,1.0,1.0,large,False,1.6916697063271091e-06,1.1490660221978891e-05,1,Slower,True,1.0,1.0,0.0,0.0,0.0,0.0,1.0,0.0,0.0,0.0,0.0,0.0,0.0,0.0
06/mutation_1~mutation_2,06,mutation_1,mutation_2,mut_mut,651.0,601.5,-0.6711111111111111,0.6711111111111111,0.16444444444444445,-0.9644444444444444,-0.31555555555555553,large,False,0.9991901432123849,0.9999986384769016,0,Faster or stable,False,-10.0,-7.0,0.0,0.0,2.0,0.0,0.0,0.0,0.0,0.0,0.0,0.0,0.0,0.0
06/mutation_1~mutation_3,06,mutation_1,mutation_3,mut_mut,651.0,660.0,0.09333333333333334,0.09333333333333334,0.5466666666666666,-0.3511111111111111,0.5112222222222216,negligible,False,0.33910054114463356,0.5671053400894893,0,Faster or stable,False,-7.0,-7.0,0.0,0.0,-2.0,0.0,0.0,0.0,0.0,0.0,0.0,0.0,0.0,0.0
06/mutation_1~mutation_4,06,mutation_1,mutation_4,mut_mut,651.0,659.0,0.17333333333333334,0.17333333333333334,0.5866666666666667,-0.28,0.5824444444444432,small,False,0.21529835509194917,0.37986402878108744,0,Faster or stable,False,-10.0,-7.0,2.0,0.0,0.0,1.0,0.0,0.0,2.0,1.0,1.0,2.0,0.0,0.0
06/mutation_1~mutation_5,06,mutation_1,mutation_5,mut_mut,651.0,629.0,-0.4,0.4,0.3,-0.7866666666666666,0.04888888888888889,medium,False,0.9704508967904817,0.9999986384769016,0,Faster or stable,False,-8.0,-6.0,0.0,0.0,0.0,0.0,0.0,1.0,0.0,0.0,0.0,0.0,0.0,0.0
06/mutation_1~mutation_6,06,mutation_1,mutation_6,mut_mut,651.0,639.0,-0.17777777777777778,0.17777777777777778,0.4111111111111111,-0.6045555555555555,0.27111111111111114,small,False,0.8025787853830763,0.9999986384769016,0,Faster or stable,False,-8.0,-8.0,0.0,0.0,1.0,0.0,0.0,1.0,0.0,0.0,0.0,0.0,0.0,0.0
06/mutation_1~mutation_7,06,mutation_1,mutation_7,mut_mut,651.0,735.5,0.8933333333333333,0.8933333333333333,0.9466666666666667,0.6622222222222223,1.0,large,False,1.6749987670624944e-05,5.02170560589448e-05,1,Slower,True,-6.0,-7.0,0.0,0.0,3.0,0.0,0.0,0.0,0.0,0.0,0.0,0.0,0.0,0.0
06/mutation_1~mutation_8,06,mutation_1,mutation_8,mut_mut,651.0,1335.5,1.0,1.0,1.0,1.0,1.0,large,False,1.6959106954125473e-06,5.818996331048556e-06,1,Slower,True,-8.0,-6.0,0.0,0.0,0.0,0.0,1.0,0.0,0.0,0.0,0.0,0.0,0.0,0.0
06/mutation_2~mutation_3,06,mutation_2,mutation_3,mut_mut,601.5,660.0,0.8844444444444445,0.8844444444444445,0.9422222222222223,0.6444444444444445,1.0,large,False,2.0060169488057697e-05,5.8729294401853197e-05,1,Slower,True,3.0,0.0,0.0,0.0,-4.0,0.0,0.0,0.0,0.0,0.0,0.0,0.0,0.0,0.0
06/mutation_2~mutation_4,06,mutation_2,mutation_4,mut_mut,601.5,659.0,0.8844444444444445,0.8844444444444445,0.9422222222222223,0.6266666666666667,1.0,large,False,2.0060169488057697e-05,5.8729294401853197e-05,1,Slower,True,0.0,0.0,2.0,0.0,-2.0,1.0,0.0,0.0,2.0,1.0,1.0,2.0,0.0,0.0
06/mutation_2~mutation_5,06,mutation_2,mutation_5,mut_mut,601.5,629.0,0.5777777777777777,0.5777777777777777,0.7888888888888889,0.2,0.8844444444444445,large,False,0.003729413464824361,0.008865258278671467,1,Slower,True,2.0,1.0,0.0,0.0,-2.0,0.0,0.0,1.0,0.0,0.0,0.0,0.0,0.0,0.0
06/mutation_2~mutation_6,06,mutation_2,mutation_6,mut_mut,601.5,639.0,0.92,0.92,0.96,0.7686666666666666,1.0,large,False,9.634730806536883e-06,2.974349409741981e-05,1,Slower,True,2.0,-1.0,0.0,0.0,-1.0,0.0,0.0,1.0,0.0,0.0,0.0,0.0,0.0,0.0
06/mutation_2~mutation_7,06,mutation_2,mutation_7,mut_mut,601.5,735.5,0.9911111111111112,0.9911111111111112,0.9955555555555555,0.9466666666666667,1.0,large,False,2.0665180158894636e-06,6.897170548126285e-06,1,Slower,True,4.0,0.0,0.0,0.0,1.0,0.0,0.0,0.0,0.0,0.0,0.0,0.0,0.0,0.0
06/mutation_2~mutation_8,06,mutation_2,mutation_8,mut_mut,601.5,1335.5,1.0,1.0,1.0,1.0,1.0,large,False,1.6959106954125473e-06,5.818996331048556e-06,1,Slower,True,2.0,1.0,0.0,0.0,-2.0,0.0,1.0,0.0,0.0,0.0,0.0,0.0,0.0,0.0
06/mutation_3~mutation_4,06,mutation_3,mutation_4,mut_mut,660.0,659.0,0.09777777777777778,0.09777777777777778,0.5488888888888889,-0.31555555555555553,0.5111111111111111,negligible,False,0.33148704992174366,0.5585697582269431,0,Faster or stable,False,-3.0,0.0,2.0,0.0,2.0,1.0,0.0,0.0,2.0,1.0,1.0,2.0,0.0,0.0
06/mutation_3~mutation_5,06,mutation_3,mutation_5,mut_mut,660.0,629.0,-0.6577777777777778,0.6577777777777778,0.1711111111111111,-0.92,-0.31555555555555553,large,False,0.9990019223580996,0.9999986384769016,0,Faster or stable,False,-1.0,1.0,0.0,0.0,2.0,0.0,0.0,1.0,0.0,0.0,0.0,0.0,0.0,0.0
06/mutation_3~mutation_6,06,mutation_3,mutation_6,mut_mut,660.0,639.0,-0.38222222222222224,0.38222222222222224,0.3088888888888889,-0.76,0.04,medium,False,0.9644704266307693,0.9999986384769016,0,Faster or stable,False,-1.0,-1.0,0.0,0.0,3.0,0.0,0.0,1.0,0.0,0.0,0.0,0.0,0.0,0.0
06/mutation_3~mutation_7,06,mutation_3,mutation_7,mut_mut,660.0,735.5,0.8844444444444445,0.8844444444444445,0.9422222222222223,0.6,1.0,large,False,2.0020534703705762e-05,5.8729294401853197e-05,1,Slower,True,1.0,0.0,0.0,0.0,5.0,0.0,0.0,0.0,0.0,0.0,0.0,0.0,0.0,0.0
06/mutation_3~mutation_8,06,mutation_3,mutation_8,mut_mut,660.0,1335.5,1.0,1.0,1.0,1.0,1.0,large,False,1.6916697063271091e-06,5.818996331048556e-06,1,Slower,True,-1.0,1.0,0.0,0.0,2.0,0.0,1.0,0.0,0.0,0.0,0.0,0.0,0.0,0.0
06/mutation_4~mutation_5,06,mutation_4,mutation_5,mut_mut,659.0,629.0,-0.76,0.76,0.12,-0.9735555555555556,-0.4577777777777778,large,False,0.9998198056546216,0.9999986384769016,0,Faster or stable,False,2.0,1.0,-2.0,0.0,0.0,-1.0,0.0,1.0,-2.0,-1.0,-1.0,-2.0,0.0,0.0
06/mutation_4~mutation_6,06,mutation_4,mutation_6,mut_mut,659.0,639.0,-0.5244444444444445,0.5244444444444445,0.23777777777777775,-0.8666666666666667,-0.13333333333333333,large,False,0.9932418717147654,0.9999986384769016,0,Faster or stable,False,2.0,-1.0,-2.0,0.0,1.0,-1.0,0.0,1.0,-2.0,-1.0,-1.0,-2.0,0.0,0.0
06/mutation_4~mutation_7,06,mutation_4,mutation_7,mut_mut,659.0,735.5,0.8755555555555555,0.8755555555555555,0.9377777777777778,0.6,1.0,large,False,2.393858045152464e-05,6.896028724818295e-05,1,Slower,True,4.0,0.0,-2.0,0.0,3.0,-1.0,0.0,0.0,-2.0,-1.0,-1.0,-2.0,0.0,0.0
06/mutation_4~mutation_8,06,mutation_4,mutation_8,mut_mut,659.0,1335.5,1.0,1.0,1.0,1.0,1.0,large,False,1.6916697063271091e-06,5.818996331048556e-06,1,Slower,True,2.0,1.0,-2.0,0.0,0.0,-1.0,1.0,0.0,-2.0,-1.0,-1.0,-2.0,0.0,0.0
06/mutation_5~mutation_6,06,mutation_5,mutation_6,mut_mut,629.0,639.0,0.39555555555555555,0.39555555555555555,0.6977777777777778,-0.03111111111111111,0.7244444444444444,medium,True,0.03392130009394735,0.07100266529922411,1,Slower,False,0.0,-2.0,0.0,0.0,1.0,0.0,0.0,0.0,0.0,0.0,0.0,0.0,0.0,0.0
06/mutation_5~mutation_7,06,mutation_5,mutation_7,mut_mut,629.0,735.5,0.92,0.92,0.96,0.7066666666666667,1.0,large,False,9.655304855002441e-06,2.974349409741981e-05,1,Slower,True,2.0,-1.0,0.0,0.0,3.0,0.0,0.0,-1.0,0.0,0.0,0.0,0.0,0.0,0.0
06/mutation_5~mutation_8,06,mutation_5,mutation_8,mut_mut,629.0,1335.5,1.0,1.0,1.0,1.0,1.0,large,False,1.6959106954125473e-06,5.818996331048556e-06,1,Slower,True,0.0,0.0,0.0,0.0,0.0,0.0,1.0,-1.0,0.0,0.0,0.0,0.0,0.0,0.0
06/mutation_6~mutation_7,06,mutation_6,mutation_7,mut_mut,639.0,735.5,0.9111111111111111,0.9111111111111111,0.9555555555555555,0.68,1.0,large,False,1.1572087695330673e-05,3.547508850863665e-05,1,Slower,True,2.0,1.0,0.0,0.0,2.0,0.0,0.0,-1.0,0.0,0.0,0.0,0.0,0.0,0.0
06/mutation_6~mutation_8,06,mutation_6,mutation_8,mut_mut,639.0,1335.5,1.0,1.0,1.0,1.0,1.0,large,False,1.6874374779290916e-06,5.818996331048556e-06,1,Slower,True,0.0,2.0,0.0,0.0,-1.0,0.0,1.0,-1.0,0.0,0.0,0.0,0.0,0.0,0.0
06/mutation_7~mutation_8,06,mutation_7,mutation_8,mut_mut,735.5,1335.5,1.0,1.0,1.0,1.0,1.0,large,False,1.6916697063271091e-06,5.818996331048556e-06,1,Slower,True,-2.0,1.0,0.0,0.0,-3.0,0.0,1.0,0.0,0.0,0.0,0.0,0.0,0.0,0.0
07/mutation_1,07,base,mutation_1,base_mut,929.0,927.0,0.09777777777777778,0.09777777777777778,0.5488888888888889,-0.3602222222222222,0.52,negligible,False,0.3315574500705384,0.5559448152697916,0,Faster or stable,False,6.0,5.0,0.0,0.0,0.0,0.0,0.0,0.0,0.0,0.0,0.0,0.0,0.0,0.0
07/mutation_2,07,base,mutation_2,base_mut,929.0,911.0,-0.5866666666666667,0.5866666666666667,0.20666666666666667,-0.8933333333333333,-0.23555555555555555,large,False,0.9970975085188999,0.999998645417628,0,Faster or stable,False,-2.0,0.0,0.0,0.0,1.0,0.0,0.0,0.0,0.0,0.0,0.0,0.0,0.0,0.0
07/mutation_3,07,base,mutation_3,base_mut,929.0,945.0,0.4577777777777778,0.4577777777777778,0.7288888888888889,0.057777777777777775,0.7955555555555556,medium,False,0.017198724446251125,0.04758313763462811,1,Slower,True,0.0,0.0,0.0,0.0,0.0,0.0,0.0,0.0,0.0,0.0,0.0,3.0,0.0,0.0
07/mutation_4,07,base,mutation_4,base_mut,929.0,968.5,0.5644444444444444,0.5644444444444444,0.7822222222222222,0.16422222222222224,0.9022222222222223,large,False,0.00448601240640749,0.014184343989783684,1,Slower,True,-4.0,-2.0,0.0,0.0,0.0,0.0,0.0,0.0,2.0,1.0,0.0,0.0,0.0,0.0
07/mutation_5,07,base,mutation_5,base_mut,929.0,820.0,-0.9911111111111112,0.9911111111111112,0.0044444444444444176,-1.0,-0.9466666666666667,large,False,0.9999983040893046,0.999998645417628,0,Faster or stable,False,-4.0,-1.0,0.0,0.0,2.0,0.0,0.0,0.0,0.0,0.0,0.0,0.0,0.0,0.0
07/mutation_6,07,base,mutation_6,base_mut,929.0,931.0,0.12444444444444444,0.12444444444444444,0.5622222222222222,-0.3111111111111111,0.52,negligible,False,0.28769167841984034,0.49488931210045073,0,Faster or stable,False,-1.0,-1.0,0.0,0.0,0.0,0.0,0.0,-1.0,0.0,0.0,0.0,0.0,0.0,0.0
07/mutation_7,07,base,mutation_7,base_mut,929.0,1011.0,0.9644444444444444,0.9644444444444444,0.9822222222222222,0.8755555555555555,1.0,large,False,3.7386038200243454e-06,2.3419178646190242e-05,1,Slower,True,6.0,0.0,0.0,0.0,0.0,0.0,0.0,0.0,0.0,0.0,0.0,0.0,0.0,0.0
07/mutation_8,07,base,mutation_8,base_mut,929.0,1496.5,1.0,1.0,1.0,1.0,1.0,large,False,1.6959106954125473e-06,1.1490660221978891e-05,1,Slower,True,1.0,1.0,0.0,0.0,0.0,0.0,1.0,0.0,0.0,0.0,0.0,0.0,0.0,0.0
07/mutation_1~mutation_2,07,mutation_1,mutation_2,mut_mut,927.0,911.0,-0.48,0.48,0.26,-0.8666666666666667,-0.017666666666667274,large,False,0.9881221599156665,0.9999986384769016,0,Faster or stable,False,-8.0,-5.0,0.0,0.0,1.0,0.0,0.0,0.0,0.0,0.0,0.0,0.0,0.0,0.0
07/mutation_1~mutation_3,07,mutation_1,mutation_3,mut_mut,927.0,945.0,0.21777777777777776,0.21777777777777776,0.6088888888888889,-0.26222222222222225,0.6266666666666667,small,False,0.1597260644483091,0.29288046781764354,0,Faster or stable,False,-6.0,-5.0,0.0,0.0,0.0,0.0,0.0,0.0,0.0,0.0,0.0,3.0,0.0,0.0
07/mutation_1~mutation_4,07,mutation_1,mutation_4,mut_mut,927.0,968.5,0.48444444444444446,0.48444444444444446,0.7422222222222222,0.09311111111111113,0.7955555555555556,large,False,0.012543356623998917,0.027941910386440102,1,Slower,True,-10.0,-7.0,0.0,0.0,0.0,0.0,0.0,0.0,2.0,1.0,0.0,0.0,0.0,0.0
07/mutation_1~mutation_5,07,mutation_1,mutation_5,mut_mut,927.0,820.0,-0.8222222222222222,0.8222222222222222,0.0888888888888889,-1.0,-0.5555555555555556,large,False,0.9999428148254688,0.9999986384769016,0,Faster or stable,False,-10.0,-6.0,0.0,0.0,2.0,0.0,0.0,0.0,0.0,0.0,0.0,0.0,0.0,0.0
07/mutation_1~mutation_6,07,mutation_1,mutation_6,mut_mut,927.0,931.0,-0.0044444444444444444,0.0044444444444444444,0.49777777777777776,-0.458,0.4222222222222222,negligible,False,0.5165444507776191,0.8038463286294184,0,Faster or stable,False,-7.0,-6.0,0.0,0.0,0.0,0.0,0.0,-1.0,0.0,0.0,0.0,0.0,0.0,0.0
07/mutation_1~mutation_7,07,mutation_1,mutation_7,mut_mut,927.0,1011.0,0.9377777777777778,0.9377777777777778,0.9688888888888889,0.8044444444444444,1.0,large,False,6.588763419906803e-06,2.0824204386296996e-05,1,Slower,True,0.0,-5.0,0.0,0.0,0.0,0.0,0.0,0.0,0.0,0.0,0.0,0.0,0.0,0.0
07/mutation_1~mutation_8,07,mutation_1,mutation_8,mut_mut,927.0,1496.5,1.0,1.0,1.0,1.0,1.0,large,False,1.6916697063271091e-06,5.818996331048556e-06,1,Slower,True,-5.0,-4.0,0.0,0.0,0.0,0.0,1.0,0.0,0.0,0.0,0.0,0.0,0.0,0.0
07/mutation_2~mutation_3,07,mutation_2,mutation_3,mut_mut,911.0,945.0,0.7911111111111111,0.7911111111111111,0.8955555555555555,0.5155555555555555,1.0,large,False,0.00012069895237138006,0.0003286995741764282,1,Slower,True,2.0,0.0,0.0,0.0,-1.0,0.0,0.0,0.0,0.0,0.0,0.0,3.0,0.0,0.0
07/mutation_2~mutation_4,07,mutation_2,mutation_4,mut_mut,911.0,968.5,0.76,0.76,0.88,0.4311111111111111,1.0,large,False,0.00021123378834695988,0.0005616215889224858,1,Slower,True,-2.0,-2.0,0.0,0.0,-1.0,0.0,0.0,0.0,2.0,1.0,0.0,0.0,0.0,0.0
07/mutation_2~mutation_5,07,mutation_2,mutation_5,mut_mut,911.0,820.0,-0.9022222222222223,0.9022222222222223,0.04888888888888887,-1.0,-0.6977777777777778,large,False,0.999988354997609,0.9999986384769016,0,Faster or stable,False,-2.0,-1.0,0.0,0.0,1.0,0.0,0.0,0.0,0.0,0.0,0.0,0.0,0.0,0.0
07/mutation_2~mutation_6,07,mutation_2,mutation_6,mut_mut,911.0,931.0,0.6844444444444444,0.6844444444444444,0.8422222222222222,0.3288888888888889,0.9689999999999994,large,False,0.000753258574388819,0.0019295801837083445,1,Slower,True,1.0,-1.0,0.0,0.0,-1.0,0.0,0.0,-1.0,0.0,0.0,0.0,0.0,0.0,0.0
07/mutation_2~mutation_7,07,mutation_2,mutation_7,mut_mut,911.0,1011.0,1.0,1.0,1.0,1.0,1.0,large,False,1.6959106954125473e-06,5.818996331048556e-06,1,Slower,True,8.0,0.0,0.0,0.0,-1.0,0.0,0.0,0.0,0.0,0.0,0.0,0.0,0.0,0.0
07/mutation_2~mutation_8,07,mutation_2,mutation_8,mut_mut,911.0,1496.5,1.0,1.0,1.0,1.0,1.0,large,False,1.6959106954125473e-06,5.818996331048556e-06,1,Slower,True,3.0,1.0,0.0,0.0,-1.0,0.0,1.0,0.0,0.0,0.0,0.0,0.0,0.0,0.0
07/mutation_3~mutation_4,07,mutation_3,mutation_4,mut_mut,945.0,968.5,0.3244444444444444,0.3244444444444444,0.6622222222222223,-0.08466666666666665,0.7155555555555555,small,True,0.06764758695948266,0.13538211004560674,0,Faster or stable,False,-4.0,-2.0,0.0,0.0,0.0,0.0,0.0,0.0,2.0,1.0,0.0,-3.0,0.0,0.0
07/mutation_3~mutation_5,07,mutation_3,mutation_5,mut_mut,945.0,820.0,-1.0,1.0,0.0,-1.0,-1.0,large,False,0.9999986139518094,0.9999986384769016,0,Faster or stable,False,-4.0,-1.0,0.0,0.0,2.0,0.0,0.0,0.0,0.0,0.0,0.0,-3.0,0.0,0.0
07/mutation_3~mutation_6,07,mutation_3,mutation_6,mut_mut,945.0,931.0,-0.3377777777777778,0.3377777777777778,0.33111111111111113,-0.7066666666666667,0.06666666666666667,medium,False,0.9448764266433404,0.9999986384769016,0,Faster or stable,False,-1.0,-1.0,0.0,0.0,0.0,0.0,0.0,-1.0,0.0,0.0,0.0,-3.0,0.0,0.0
07/mutation_3~mutation_7,07,mutation_3,mutation_7,mut_mut,945.0,1011.0,0.8888888888888888,0.8888888888888888,0.9444444444444444,0.6977777777777778,1.0,large,False,1.8334277819510043e-05,5.471026519545285e-05,1,Slower,True,6.0,0.0,0.0,0.0,0.0,0.0,0.0,0.0,0.0,0.0,0.0,-3.0,0.0,0.0
07/mutation_3~mutation_8,07,mutation_3,mutation_8,mut_mut,945.0,1496.5,1.0,1.0,1.0,1.0,1.0,large,False,1.6959106954125473e-06,5.818996331048556e-06,1,Slower,True,1.0,1.0,0.0,0.0,0.0,0.0,1.0,0.0,0.0,0.0,0.0,-3.0,0.0,0.0
07/mutation_4~mutation_5,07,mutation_4,mutation_5,mut_mut,968.5,820.0,-0.9822222222222222,0.9822222222222222,0.00888888888888889,-1.0,-0.92,large,False,0.9999979283899513,0.9999986384769016,0,Faster or stable,False,0.0,1.0,0.0,0.0,2.0,0.0,0.0,0.0,-2.0,-1.0,0.0,0.0,0.0,0.0
07/mutation_4~mutation_6,07,mutation_4,mutation_6,mut_mut,968.5,931.0,-0.48444444444444446,0.48444444444444446,0.2577777777777778,-0.8444444444444444,-0.08444444444444445,large,False,0.9887494664188178,0.9999986384769016,0,Faster or stable,False,3.0,1.0,0.0,0.0,0.0,0.0,0.0,-1.0,-2.0,-1.0,0.0,0.0,0.0,0.0
07/mutation_4~mutation_7,07,mutation_4,mutation_7,mut_mut,968.5,1011.0,0.7422222222222222,0.7422222222222222,0.8711111111111112,0.44,0.9644444444444444,large,False,0.00028799060538084437,0.0007567340965744904,1,Slower,True,10.0,2.0,0.0,0.0,0.0,0.0,0.0,0.0,-2.0,-1.0,0.0,0.0,0.0,0.0
07/mutation_4~mutation_8,07,mutation_4,mutation_8,mut_mut,968.5,1496.5,1.0,1.0,1.0,1.0,1.0,large,False,1.6959106954125473e-06,5.818996331048556e-06,1,Slower,True,5.0,3.0,0.0,0.0,0.0,0.0,1.0,0.0,-2.0,-1.0,0.0,0.0,0.0,0.0
07/mutation_5~mutation_6,07,mutation_5,mutation_6,mut_mut,820.0,931.0,0.9911111111111112,0.9911111111111112,0.9955555555555555,0.9466666666666667,1.0,large,False,2.071610048768768e-06,6.897170548126285e-06,1,Slower,True,3.0,0.0,0.0,0.0,-2.0,0.0,0.0,-1.0,0.0,0.0,0.0,0.0,0.0,0.0
07/mutation_5~mutation_7,07,mutation_5,mutation_7,mut_mut,820.0,1011.0,1.0,1.0,1.0,1.0,1.0,large,False,1.6959106954125473e-06,5.818996331048556e-06,1,Slower,True,10.0,1.0,0.0,0.0,-2.0,0.0,0.0,0.0,0.0,0.0,0.0,0.0,0.0,0.0
07/mutation_5~mutation_8,07,mutation_5,mutation_8,mut_mut,820.0,1496.5,1.0,1.0,1.0,1.0,1.0,large,False,1.6959106954125473e-06,5.818996331048556e-06,1,Slower,True,5.0,2.0,0.0,0.0,-2.0,0.0,1.0,0.0,0.0,0.0,0.0,0.0,0.0,0.0
07/mutation_6~mutation_7,07,mutation_6,mutation_7,mut_mut,931.0,1011.0,0.9466666666666667,0.9466666666666667,0.9733333333333334,0.8133333333333334,1.0,large,False,5.496082400752369e-06,1.7419786592215134e-05,1,Slower,True,7.0,1.0,0.0,0.0,0.0,0.0,0.0,1.0,0.0,0.0,0.0,0.0,0.0,0.0
07/mutation_6~mutation_8,07,mutation_6,mutation_8,mut_mut,931.0,1496.5,1.0,1.0,1.0,1.0,1.0,large,False,1.6959106954125473e-06,5.818996331048556e-06,1,Slower,True,2.0,2.0,0.0,0.0,0.0,0.0,1.0,1.0,0.0,0.0,0.0,0.0,0.0,0.0
07/mutation_7~mutation_8,07,mutation_7,mutation_8,mut_mut,1011.0,1496.5,1.0,1.0,1.0,1.0,1.0,large,False,1.6959106954125473e-06,5.818996331048556e-06,1,Slower,True,-5.0,1.0,0.0,0.0,0.0,0.0,1.0,0.0,0.0,0.0,0.0,0.0,0.0,0.0
08/mutation_2,08,base,mutation_2,base_mut,1268.5,1196.5,-0.1288888888888889,0.1288888888888889,0.4355555555555556,-0.5466666666666666,0.31555555555555553,negligible,False,0.7330852891279303,0.9327097451542326,0,Faster or stable,False,0.0,0.0,0.0,0.0,0.0,0.0,0.0,0.0,0.0,0.0,0.0,-1.0,0.0,0.0
08/mutation_3,08,base,mutation_3,base_mut,1268.5,1231.5,-0.21777777777777776,0.21777777777777776,0.39111111111111113,-0.6177777777777778,0.21777777777777776,small,False,0.8501208149556425,0.999998645417628,0,Faster or stable,False,2.0,0.0,0.0,0.0,-1.0,0.0,0.0,0.0,0.0,0.0,0.0,0.0,0.0,0.0
08/mutation_4,08,base,mutation_4,base_mut,1268.5,1302.5,0.5244444444444445,0.5244444444444445,0.7622222222222222,0.14666666666666667,0.8355555555555556,large,False,0.007606315985673135,0.02316786153434386,1,Slower,True,0.0,-1.0,0.0,0.0,0.0,0.0,0.0,0.0,2.0,1.0,0.0,0.0,0.0,0.0
08/mutation_5,08,base,mutation_5,base_mut,1268.5,597.0,-1.0,1.0,0.0,-1.0,-1.0,large,False,0.9999986245070034,0.999998645417628,0,Faster or stable,False,-2.0,1.0,0.0,0.0,1.0,0.0,0.0,2.0,0.0,0.0,0.0,0.0,0.0,0.0
08/mutation_7,08,base,mutation_7,base_mut,1268.5,2383.5,1.0,1.0,1.0,1.0,1.0,large,False,1.6959106954125473e-06,1.1490660221978891e-05,1,Slower,True,16.0,0.0,0.0,0.0,0.0,0.0,0.0,0.0,0.0,0.0,0.0,0.0,0.0,0.0
08/mutation_8,08,base,mutation_8,base_mut,1268.5,1908.5,1.0,1.0,1.0,1.0,1.0,large,False,1.6959106954125473e-06,1.1490660221978891e-05,1,Slower,True,1.0,1.0,0.0,0.0,0.0,0.0,1.0,0.0,0.0,0.0,0.0,0.0,0.0,0.0
08/mutation_2~mutation_3,08,mutation_2,mutation_3,mut_mut,1196.5,1231.5,0.017777777777777778,0.017777777777777778,0.5088888888888888,-0.4222222222222222,0.4311111111111111,negligible,False,0.47519221576880316,0.7509375578768973,0,Faster or stable,False,2.0,0.0,0.0,0.0,-1.0,0.0,0.0,0.0,0.0,0.0,0.0,1.0,0.0,0.0
08/mutation_2~mutation_4,08,mutation_2,mutation_4,mut_mut,1196.5,1302.5,0.5555555555555556,0.5555555555555556,0.7777777777777778,0.1998888888888889,0.8488888888888889,large,False,0.005044190058887156,0.011854553363257823,1,Slower,True,0.0,-1.0,0.0,0.0,0.0,0.0,0.0,0.0,2.0,1.0,0.0,1.0,0.0,0.0
08/mutation_2~mutation_5,08,mutation_2,mutation_5,mut_mut,1196.5,597.0,-1.0,1.0,0.0,-1.0,-1.0,large,False,0.9999986245070034,0.9999986384769016,0,Faster or stable,False,-2.0,1.0,0.0,0.0,1.0,0.0,0.0,2.0,0.0,0.0,0.0,1.0,0.0,0.0
08/mutation_2~mutation_7,08,mutation_2,mutation_7,mut_mut,1196.5,2383.5,1.0,1.0,1.0,1.0,1.0,large,False,1.6959106954125473e-06,5.818996331048556e-06,1,Slower,True,16.0,0.0,0.0,0.0,0.0,0.0,0.0,0.0,0.0,0.0,0.0,1.0,0.0,0.0
08/mutation_2~mutation_8,08,mutation_2,mutation_8,mut_mut,1196.5,1908.5,1.0,1.0,1.0,1.0,1.0,large,False,1.6959106954125473e-06,5.818996331048556e-06,1,Slower,True,1.0,1.0,0.0,0.0,0.0,0.0,1.0,0.0,0.0,0.0,0.0,1.0,0.0,0.0
08/mutation_3~mutation_4,08,mutation_3,mutation_4,mut_mut,1231.5,1302.5,0.6444444444444445,0.6444444444444445,0.8222222222222222,0.30666666666666664,0.9022222222222223,large,False,0.0014036654357077983,0.0034612264698832104,1,Slower,True,-2.0,-1.0,0.0,0.0,1.0,0.0,0.0,0.0,2.0,1.0,0.0,0.0,0.0,0.0
08/mutation_3~mutation_5,08,mutation_3,mutation_5,mut_mut,1231.5,597.0,-1.0,1.0,0.0,-1.0,-1.0,large,False,0.9999986245070034,0.9999986384769016,0,Faster or stable,False,-4.0,1.0,0.0,0.0,2.0,0.0,0.0,2.0,0.0,0.0,0.0,0.0,0.0,0.0
08/mutation_3~mutation_7,08,mutation_3,mutation_7,mut_mut,1231.5,2383.5,1.0,1.0,1.0,1.0,1.0,large,False,1.6959106954125473e-06,5.818996331048556e-06,1,Slower,True,14.0,0.0,0.0,0.0,1.0,0.0,0.0,0.0,0.0,0.0,0.0,0.0,0.0,0.0
08/mutation_3~mutation_8,08,mutation_3,mutation_8,mut_mut,1231.5,1908.5,1.0,1.0,1.0,1.0,1.0,large,False,1.6959106954125473e-06,5.818996331048556e-06,1,Slower,True,-1.0,1.0,0.0,0.0,1.0,0.0,1.0,0.0,0.0,0.0,0.0,0.0,0.0,0.0
08/mutation_4~mutation_5,08,mutation_4,mutation_5,mut_mut,1302.5,597.0,-1.0,1.0,0.0,-1.0,-1.0,large,False,0.9999986315067255,0.9999986384769016,0,Faster or stable,False,-2.0,2.0,0.0,0.0,1.0,0.0,0.0,2.0,-2.0,-1.0,0.0,0.0,0.0,0.0
08/mutation_4~mutation_7,08,mutation_4,mutation_7,mut_mut,1302.5,2383.5,1.0,1.0,1.0,1.0,1.0,large,False,1.6874374779290916e-06,5.818996331048556e-06,1,Slower,True,16.0,1.0,0.0,0.0,0.0,0.0,0.0,0.0,-2.0,-1.0,0.0,0.0,0.0,0.0
08/mutation_4~mutation_8,08,mutation_4,mutation_8,mut_mut,1302.5,1908.5,1.0,1.0,1.0,1.0,1.0,large,False,1.6874374779290916e-06,5.818996331048556e-06,1,Slower,True,1.0,2.0,0.0,0.0,0.0,0.0,1.0,0.0,-2.0,-1.0,0.0,0.0,0.0,0.0
08/mutation_5~mutation_7,08,mutation_5,mutation_7,mut_mut,597.0,2383.5,1.0,1.0,1.0,1.0,1.0,large,False,1.6832139963232752e-06,5.818996331048556e-06,1,Slower,True,18.0,-1.0,0.0,0.0,-1.0,0.0,0.0,-2.0,0.0,0.0,0.0,0.0,0.0,0.0
08/mutation_5~mutation_8,08,mutation_5,mutation_8,mut_mut,597.0,1908.5,1.0,1.0,1.0,1.0,1.0,large,False,1.6832139963232752e-06,5.818996331048556e-06,1,Slower,True,3.0,0.0,0.0,0.0,-1.0,0.0,1.0,-2.0,0.0,0.0,0.0,0.0,0.0,0.0
08/mutation_7~mutation_8,08,mutation_7,mutation_8,mut_mut,2383.5,1908.5,-1.0,1.0,0.0,-1.0,-1.0,large,False,0.9999986139518094,0.9999986384769016,0,Faster or stable,False,-15.0,1.0,0.0,0.0,0.0,0.0,1.0,0.0,0.0,0.0,0.0,0.0,0.0,0.0
10/mutation_1,10,base,mutation_1,base_mut,1389.5,1388.0,-0.04,0.04,0.48,-0.44,0.40444444444444444,negligible,False,0.5821655072208188,0.802149100869153,0,Faster or stable,False,11.0,8.0,0.0,0.0,0.0,0.0,0.0,0.0,0.0,0.0,0.0,0.0,0.0,0.0
10/mutation_2,10,base,mutation_2,base_mut,1389.5,1364.5,-0.3422222222222222,0.3422222222222222,0.3288888888888889,-0.6977777777777778,0.06688888888888768,medium,False,0.9471497996569888,0.999998645417628,0,Faster or stable,False,0.0,0.0,0.0,0.0,0.0,0.0,0.0,0.0,0.0,0.0,0.0,0.0,0.0,0.0
10/mutation_3,10,base,mutation_3,base_mut,1389.5,1304.5,-0.6,0.6,0.2,-0.9022222222222223,-0.23555555555555555,large,False,0.997602620658919,0.999998645417628,0,Faster or stable,False,3.0,0.0,0.0,0.0,-2.0,0.0,0.0,1.0,0.0,0.0,0.0,2.0,0.0,0.0
10/mutation_4,10,base,mutation_4,base_mut,1389.5,1390.5,-0.035555555555555556,0.035555555555555556,0.4822222222222222,-0.4756666666666667,0.38666666666666666,negligible,False,0.5740411222196824,0.802149100869153,0,Faster or stable,False,0.0,-6.0,0.0,0.0,0.0,0.0,0.0,2.0,0.0,0.0,0.0,0.0,0.0,0.0
10/mutation_5,10,base,mutation_5,base_mut,1389.5,1359.0,-0.4222222222222222,0.4222222222222222,0.28888888888888886,-0.7866666666666666,-0.0044444444444444444,medium,False,0.976756656802357,0.999998645417628,0,Faster or stable,False,0.0,2.0,-2.0,0.0,1.0,0.0,0.0,1.0,0.0,0.0,0.0,0.0,0.0,0.0
10/mutation_6,10,base,mutation_6,base_mut,1389.5,1362.0,-0.4622222222222222,0.4622222222222222,0.2688888888888889,-0.7777777777777778,-0.048666666666667885,medium,False,0.9852910553003963,0.999998645417628,0,Faster or stable,False,-3.0,-1.0,-2.0,0.0,0.0,0.0,0.0,-6.0,0.0,0.0,0.0,0.0,0.0,0.0
10/mutation_7,10,base,mutation_7,base_mut,1389.5,1598.0,0.9466666666666667,0.9466666666666667,0.9733333333333334,0.8133333333333334,1.0,large,False,5.446749433461138e-06,3.229144306980532e-05,1,Slower,True,4.0,0.0,0.0,0.0,0.0,0.0,0.0,4.0,0.0,0.0,0.0,0.0,0.0,0.0
10/mutation_8,10,base,mutation_8,base_mut,1389.5,1515.5,0.6711111111111111,0.6711111111111111,0.8355555555555556,0.3064444444444444,1.0,large,False,0.0009316397579620112,0.003726559031848045,1,Slower,True,1.0,1.0,0.0,0.0,0.0,0.0,1.0,0.0,0.0,0.0,0.0,0.0,0.0,0.0
10/mutation_1~mutation_2,10,mutation_1,mutation_2,mut_mut,1388.0,1364.5,-0.38222222222222224,0.38222222222222224,0.3088888888888889,-0.76,0.013333333333333334,medium,False,0.9644389830787057,0.9999986384769016,0,Faster or stable,False,-11.0,-8.0,0.0,0.0,0.0,0.0,0.0,0.0,0.0,0.0,0.0,0.0,0.0,0.0
10/mutation_1~mutation_3,10,mutation_1,mutation_3,mut_mut,1388.0,1304.5,-0.6533333333333333,0.6533333333333333,0.17333333333333334,-0.9244444444444444,-0.28888888888888886,large,False,0.9989299214524502,0.9999986384769016,0,Faster or stable,False,-8.0,-8.0,0.0,0.0,-2.0,0.0,0.0,1.0,0.0,0.0,0.0,2.0,0.0,0.0
10/mutation_1~mutation_4,10,mutation_1,mutation_4,mut_mut,1388.0,1390.5,0.008888888888888889,0.008888888888888889,0.5044444444444445,-0.41355555555555557,0.4534444444444438,negligible,False,0.49172599530595074,0.7727122783379227,0,Faster or stable,False,-11.0,-14.0,0.0,0.0,0.0,0.0,0.0,2.0,0.0,0.0,0.0,0.0,0.0,0.0
10/mutation_1~mutation_5,10,mutation_1,mutation_5,mut_mut,1388.0,1359.0,-0.5066666666666667,0.5066666666666667,0.24666666666666665,-0.84,-0.13777777777777778,large,False,0.9914663390589713,0.9999986384769016,0,Faster or stable,False,-11.0,-6.0,-2.0,0.0,1.0,0.0,0.0,1.0,0.0,0.0,0.0,0.0,0.0,0.0
10/mutation_1~mutation_6,10,mutation_1,mutation_6,mut_mut,1388.0,1362.0,-0.4888888888888889,0.4888888888888889,0.25555555555555554,-0.8223333333333332,-0.08444444444444445,large,False,0.989340556491501,0.9999986384769016,0,Faster or stable,False,-14.0,-9.0,-2.0,0.0,0.0,0.0,0.0,-6.0,0.0,0.0,0.0,0.0,0.0,0.0
10/mutation_1~mutation_7,10,mutation_1,mutation_7,mut_mut,1388.0,1598.0,0.9644444444444444,0.9644444444444444,0.9822222222222222,0.8577777777777778,1.0,large,False,3.7038270739472766e-06,1.1941649359105876e-05,1,Slower,True,-7.0,-8.0,0.0,0.0,0.0,0.0,0.0,4.0,0.0,0.0,0.0,0.0,0.0,0.0
10/mutation_1~mutation_8,10,mutation_1,mutation_8,mut_mut,1388.0,1515.5,0.6444444444444445,0.6444444444444445,0.8222222222222222,0.24444444444444444,1.0,large,False,0.0014097865389809511,0.0034612264698832104,1,Slower,True,-10.0,-7.0,0.0,0.0,0.0,0.0,1.0,0.0,0.0,0.0,0.0,0.0,0.0,0.0
10/mutation_2~mutation_3,10,mutation_2,mutation_3,mut_mut,1364.5,1304.5,-0.40444444444444444,0.40444444444444444,0.2977777777777778,-0.7601111111111111,0.017777777777777778,medium,False,0.9718449605258755,0.9999986384769016,0,Faster or stable,False,3.0,0.0,0.0,0.0,-2.0,0.0,0.0,1.0,0.0,0.0,0.0,2.0,0.0,0.0
10/mutation_2~mutation_4,10,mutation_2,mutation_4,mut_mut,1364.5,1390.5,0.29777777777777775,0.29777777777777775,0.6488888888888888,-0.09355555555555554,0.6888888888888889,small,True,0.08551081019985651,0.16777943815142202,0,Faster or stable,False,0.0,-6.0,0.0,0.0,0.0,0.0,0.0,2.0,0.0,0.0,0.0,0.0,0.0,0.0
10/mutation_2~mutation_5,10,mutation_2,mutation_5,mut_mut,1364.5,1359.0,-0.1511111111111111,0.1511111111111111,0.42444444444444446,-0.5777777777777777,0.27555555555555555,small,False,0.7661386555857993,0.9999986384769016,0,Faster or stable,False,0.0,2.0,-2.0,0.0,1.0,0.0,0.0,1.0,0.0,0.0,0.0,0.0,0.0,0.0
10/mutation_2~mutation_6,10,mutation_2,mutation_6,mut_mut,1364.5,1362.0,-0.17333333333333334,0.17333333333333334,0.41333333333333333,-0.5733333333333334,0.25333333333333335,small,False,0.7966326820726287,0.9999986384769016,0,Faster or stable,False,-3.0,-1.0,-2.0,0.0,0.0,0.0,0.0,-6.0,0.0,0.0,0.0,0.0,0.0,0.0
10/mutation_2~mutation_7,10,mutation_2,mutation_7,mut_mut,1364.5,1598.0,0.9733333333333334,0.9733333333333334,0.9866666666666667,0.8933333333333333,1.0,large,False,3.0394549984589753e-06,9.913571244973751e-06,1,Slower,True,4.0,0.0,0.0,0.0,0.0,0.0,0.0,4.0,0.0,0.0,0.0,0.0,0.0,0.0
10/mutation_2~mutation_8,10,mutation_2,mutation_8,mut_mut,1364.5,1515.5,0.7244444444444444,0.7244444444444444,0.8622222222222222,0.39555555555555555,1.0,large,False,0.0003890482463091121,0.0010175107980392164,1,Slower,True,1.0,1.0,0.0,0.0,0.0,0.0,1.0,0.0,0.0,0.0,0.0,0.0,0.0,0.0
10/mutation_3~mutation_4,10,mutation_3,mutation_4,mut_mut,1304.5,1390.5,0.5555555555555556,0.5555555555555556,0.7777777777777778,0.17333333333333334,0.8577777777777778,large,False,0.005060901123886361,0.011854553363257823,1,Slower,True,-3.0,-6.0,0.0,0.0,2.0,0.0,0.0,1.0,0.0,0.0,0.0,-2.0,0.0,0.0
10/mutation_3~mutation_5,10,mutation_3,mutation_5,mut_mut,1304.5,1359.0,0.44,0.44,0.72,0.02666666666666667,0.8,medium,False,0.021032444051360934,0.045733337646563885,1,Slower,True,-3.0,2.0,-2.0,0.0,3.0,0.0,0.0,0.0,0.0,0.0,0.0,-2.0,0.0,0.0
10/mutation_3~mutation_6,10,mutation_3,mutation_6,mut_mut,1304.5,1362.0,0.29777777777777775,0.29777777777777775,0.6488888888888888,-0.10222222222222223,0.6888888888888889,small,True,0.08553461552817593,0.16777943815142202,0,Faster or stable,False,-6.0,-1.0,-2.0,0.0,2.0,0.0,0.0,-7.0,0.0,0.0,0.0,-2.0,0.0,0.0
10/mutation_3~mutation_7,10,mutation_3,mutation_7,mut_mut,1304.5,1598.0,0.9822222222222222,0.9822222222222222,0.991111111111111,0.92,1.0,large,False,2.5020128295831646e-06,8.256642337624444e-06,1,Slower,True,1.0,0.0,0.0,0.0,2.0,0.0,0.0,3.0,0.0,0.0,0.0,-2.0,0.0,0.0
10/mutation_3~mutation_8,10,mutation_3,mutation_8,mut_mut,1304.5,1515.5,0.8488888888888889,0.8488888888888889,0.9244444444444444,0.6266666666666667,0.9911111111111112,large,False,4.059587774113974e-05,0.00011502165359989593,1,Slower,True,-2.0,1.0,0.0,0.0,2.0,0.0,1.0,-1.0,0.0,0.0,0.0,-2.0,0.0,0.0
10/mutation_4~mutation_5,10,mutation_4,mutation_5,mut_mut,1390.5,1359.0,-0.3688888888888889,0.3688888888888889,0.3155555555555556,-0.7602222222222222,0.04888888888888889,medium,False,0.9592526758032724,0.9999986384769016,0,Faster or stable,False,0.0,8.0,-2.0,0.0,1.0,0.0,0.0,-1.0,0.0,0.0,0.0,0.0,0.0,0.0
10/mutation_4~mutation_6,10,mutation_4,mutation_6,mut_mut,1390.5,1362.0,-0.4444444444444444,0.4444444444444444,0.2777777777777778,-0.7955555555555556,-0.026555555555556165,medium,False,0.9819089675339059,0.9999986384769016,0,Faster or stable,False,-3.0,5.0,-2.0,0.0,0.0,0.0,0.0,-8.0,0.0,0.0,0.0,0.0,0.0,0.0
10/mutation_4~mutation_7,10,mutation_4,mutation_7,mut_mut,1390.5,1598.0,0.9466666666666667,0.9466666666666667,0.9733333333333334,0.8044444444444444,1.0,large,False,5.446749433461138e-06,1.736151381915738e-05,1,Slower,True,4.0,6.0,0.0,0.0,0.0,0.0,0.0,2.0,0.0,0.0,0.0,0.0,0.0,0.0
10/mutation_4~mutation_8,10,mutation_4,mutation_8,mut_mut,1390.5,1515.5,0.68,0.68,0.8400000000000001,0.30666666666666664,1.0,large,False,0.0008088845366032398,0.002053322285223609,1,Slower,True,1.0,7.0,0.0,0.0,0.0,0.0,1.0,-2.0,0.0,0.0,0.0,0.0,0.0,0.0
10/mutation_5~mutation_6,10,mutation_5,mutation_6,mut_mut,1359.0,1362.0,-0.06666666666666667,0.06666666666666667,0.4666666666666667,-0.47555555555555556,0.3691111111111099,negligible,False,0.6300170060846173,0.9375469286486657,0,Faster or stable,False,-3.0,-3.0,0.0,0.0,-1.0,0.0,0.0,-7.0,0.0,0.0,0.0,0.0,0.0,0.0
10/mutation_5~mutation_7,10,mutation_5,mutation_7,mut_mut,1359.0,1598.0,0.9822222222222222,0.9822222222222222,0.991111111111111,0.92,1.0,large,False,2.5020128295831646e-06,8.256642337624444e-06,1,Slower,True,4.0,-2.0,2.0,0.0,-1.0,0.0,0.0,3.0,0.0,0.0,0.0,0.0,0.0,0.0
10/mutation_5~mutation_8,10,mutation_5,mutation_8,mut_mut,1359.0,1515.5,0.7688888888888888,0.7688888888888888,0.8844444444444444,0.47555555555555556,1.0,large,False,0.00018019434537843533,0.00048367955864737905,1,Slower,True,1.0,-1.0,2.0,0.0,-1.0,0.0,1.0,-1.0,0.0,0.0,0.0,0.0,0.0,0.0
10/mutation_6~mutation_7,10,mutation_6,mutation_7,mut_mut,1362.0,1598.0,0.9911111111111112,0.9911111111111112,0.9955555555555555,0.9466666666666667,1.0,large,False,2.05130366416613e-06,6.897170548126285e-06,1,Slower,True,7.0,1.0,2.0,0.0,0.0,0.0,0.0,10.0,0.0,0.0,0.0,0.0,0.0,0.0
10/mutation_6~mutation_8,10,mutation_6,mutation_8,mut_mut,1362.0,1515.5,0.7777777777777778,0.7777777777777778,0.8888888888888888,0.49333333333333335,1.0,large,False,0.00015369373512047255,0.0004151716387546842,1,Slower,True,4.0,2.0,2.0,0.0,0.0,0.0,1.0,6.0,0.0,0.0,0.0,0.0,0.0,0.0
10/mutation_7~mutation_8,10,mutation_7,mutation_8,mut_mut,1598.0,1515.5,-0.8666666666666667,0.8666666666666667,0.06666666666666665,-1.0,-0.6266666666666667,large,False,0.9999762004474029,0.9999986384769016,0,Faster or stable,False,-3.0,1.0,0.0,0.0,0.0,0.0,1.0,-4.0,0.0,0.0,0.0,0.0,0.0,0.0
11/mutation_1,11,base,mutation_1,base_mut,3049.5,3091.5,0.5022222222222222,0.5022222222222222,0.7511111111111111,0.10200000000000002,0.8577777777777778,large,False,0.010095707484602123,0.02914586856424265,1,Slower,True,4.0,4.0,0.0,0.0,0.0,0.0,0.0,0.0,0.0,0.0,0.0,0.0,0.0,0.0
11/mutation_2,11,base,mutation_2,base_mut,3049.5,2988.0,-0.5333333333333333,0.5333333333333333,0.23333333333333334,-0.8666666666666667,-0.13322222222222282,large,False,0.993958350639673,0.999998645417628,0,Faster or stable,False,-2.0,0.0,0.0,0.0,2.0,1.0,0.0,0.0,0.0,0.0,0.0,1.0,2.0,2.0
11/mutation_3,11,base,mutation_3,base_mut,3049.5,3046.0,0.14666666666666667,0.14666666666666667,0.5733333333333334,-0.298,0.5555555555555556,negligible,False,0.253457466906248,0.44522687308399117,0,Faster or stable,False,0.0,0.0,0.0,0.0,0.0,0.0,0.0,0.0,0.0,0.0,0.0,4.0,0.0,0.0
11/mutation_5,11,base,mutation_5,base_mut,3049.5,3028.5,-0.0044444444444444444,0.0044444444444444444,0.49777777777777776,-0.41333333333333333,0.4311111111111111,negligible,False,0.5165426114134031,0.7488953626717204,0,Faster or stable,False,3.0,1.0,0.0,0.0,0.0,1.0,0.0,3.0,0.0,0.0,0.0,0.0,0.0,0.0
11/mutation_6,11,base,mutation_6,base_mut,3049.5,3034.0,-0.2,0.2,0.4,-0.6,0.25333333333333335,small,False,0.8299570548578641,0.9985157680423148,0,Faster or stable,False,0.0,0.0,0.0,0.0,0.0,4.0,0.0,4.0,0.0,0.0,0.0,12.0,0.0,0.0
11/mutation_7,11,base,mutation_7,base_mut,3049.5,7441.5,1.0,1.0,1.0,1.0,1.0,large,False,1.6959106954125473e-06,1.1490660221978891e-05,1,Slower,True,5.0,1.0,0.0,0.0,0.0,0.0,0.0,0.0,0.0,0.0,0.0,0.0,0.0,0.0
11/mutation_8,11,base,mutation_8,base_mut,3049.5,3063.5,0.28888888888888886,0.28888888888888886,0.6444444444444444,-0.14688888888888887,0.6977777777777778,small,True,0.09220503461081825,0.19252875151441295,0,Faster or stable,False,1.0,1.0,0.0,0.0,0.0,0.0,1.0,0.0,0.0,0.0,0.0,0.0,0.0,0.0
11/mutation_1~mutation_2,11,mutation_1,mutation_2,mut_mut,3091.5,2988.0,-0.6888888888888889,0.6888888888888889,0.15555555555555556,-0.9822222222222222,-0.30666666666666664,large,False,0.9993924022910655,0.9999986384769016,0,Faster or stable,False,-6.0,-4.0,0.0,0.0,2.0,1.0,0.0,0.0,0.0,0.0,0.0,1.0,2.0,2.0
11/mutation_1~mutation_3,11,mutation_1,mutation_3,mut_mut,3091.5,3046.0,-0.3333333333333333,0.3333333333333333,0.33333333333333337,-0.7333333333333333,0.1288888888888889,medium,False,0.9425062903992202,0.9999986384769016,0,Faster or stable,False,-4.0,-4.0,0.0,0.0,0.0,0.0,0.0,0.0,0.0,0.0,0.0,4.0,0.0,0.0
11/mutation_1~mutation_5,11,mutation_1,mutation_5,mut_mut,3091.5,3028.5,-0.4622222222222222,0.4622222222222222,0.2688888888888889,-0.84,-0.05333333333333334,medium,False,0.9852910553003963,0.9999986384769016,0,Faster or stable,False,-1.0,-3.0,0.0,0.0,0.0,1.0,0.0,3.0,0.0,0.0,0.0,0.0,0.0,0.0
11/mutation_1~mutation_6,11,mutation_1,mutation_6,mut_mut,3091.5,3034.0,-0.5555555555555556,0.5555555555555556,0.2222222222222222,-0.8755555555555555,-0.15555555555555556,large,False,0.9955139875935926,0.9999986384769016,0,Faster or stable,False,-4.0,-4.0,0.0,0.0,0.0,4.0,0.0,4.0,0.0,0.0,0.0,12.0,0.0,0.0
11/mutation_1~mutation_7,11,mutation_1,mutation_7,mut_mut,3091.5,7441.5,1.0,1.0,1.0,1.0,1.0,large,False,1.6959106954125473e-06,5.818996331048556e-06,1,Slower,True,1.0,-3.0,0.0,0.0,0.0,0.0,0.0,0.0,0.0,0.0,0.0,0.0,0.0,0.0
11/mutation_1~mutation_8,11,mutation_1,mutation_8,mut_mut,3091.5,3063.5,-0.28,0.28,0.36,-0.68,0.1379999999999988,small,False,0.9077949653891817,0.9999986384769016,0,Faster or stable,False,-3.0,-3.0,0.0,0.0,0.0,0.0,1.0,0.0,0.0,0.0,0.0,0.0,0.0,0.0
11/mutation_2~mutation_3,11,mutation_2,mutation_3,mut_mut,2988.0,3046.0,0.7155555555555555,0.7155555555555555,0.8577777777777778,0.38666666666666666,0.9733333333333334,large,False,0.0004529242712645483,0.0011736282502513237,1,Slower,True,2.0,0.0,0.0,0.0,-2.0,-1.0,0.0,0.0,0.0,0.0,0.0,3.0,-2.0,-2.0
11/mutation_2~mutation_5,11,mutation_2,mutation_5,mut_mut,2988.0,3028.5,0.3422222222222222,0.3422222222222222,0.6711111111111111,-0.13777777777777778,0.76,medium,True,0.05749370960077982,0.11644032883046022,1,Slower,False,5.0,1.0,0.0,0.0,-2.0,0.0,0.0,3.0,0.0,0.0,0.0,-1.0,-2.0,-2.0
11/mutation_2~mutation_6,11,mutation_2,mutation_6,mut_mut,2988.0,3034.0,0.32,0.32,0.66,-0.1111111111111111,0.76,small,True,0.07042471080896805,0.14059879987128496,0,Faster or stable,False,2.0,0.0,0.0,0.0,-2.0,3.0,0.0,4.0,0.0,0.0,0.0,11.0,-2.0,-2.0
11/mutation_2~mutation_7,11,mutation_2,mutation_7,mut_mut,2988.0,7441.5,1.0,1.0,1.0,1.0,1.0,large,False,1.6959106954125473e-06,5.818996331048556e-06,1,Slower,True,7.0,1.0,0.0,0.0,-2.0,-1.0,0.0,0.0,0.0,0.0,0.0,-1.0,-2.0,-2.0
11/mutation_2~mutation_8,11,mutation_2,mutation_8,mut_mut,2988.0,3063.5,0.4488888888888889,0.4488888888888889,0.7244444444444444,-0.03133333333333332,0.8666666666666667,medium,False,0.019044142103146065,0.041490344543164824,1,Slower,True,3.0,1.0,0.0,0.0,-2.0,-1.0,1.0,0.0,0.0,0.0,0.0,-1.0,-2.0,-2.0
11/mutation_3~mutation_5,11,mutation_3,mutation_5,mut_mut,3046.0,3028.5,-0.1688888888888889,0.1688888888888889,0.41555555555555557,-0.5601111111111111,0.27111111111111114,small,False,0.7907172050374995,0.9999986384769016,0,Faster or stable,False,3.0,1.0,0.0,0.0,0.0,1.0,0.0,3.0,0.0,0.0,0.0,-4.0,0.0,0.0
11/mutation_3~mutation_6,11,mutation_3,mutation_6,mut_mut,3046.0,3034.0,-0.29777777777777775,0.29777777777777775,0.35111111111111115,-0.6533333333333333,0.14666666666666667,small,False,0.9207676970008982,0.9999986384769016,0,Faster or stable,False,0.0,0.0,0.0,0.0,0.0,4.0,0.0,4.0,0.0,0.0,0.0,8.0,0.0,0.0
11/mutation_3~mutation_7,11,mutation_3,mutation_7,mut_mut,3046.0,7441.5,1.0,1.0,1.0,1.0,1.0,large,False,1.6959106954125473e-06,5.818996331048556e-06,1,Slower,True,5.0,1.0,0.0,0.0,0.0,0.0,0.0,0.0,0.0,0.0,0.0,-4.0,0.0,0.0
11/mutation_3~mutation_8,11,mutation_3,mutation_8,mut_mut,3046.0,3063.5,0.12,0.12,0.56,-0.30666666666666664,0.5555555555555556,negligible,False,0.2948692966593036,0.5028014450634326,0,Faster or stable,False,1.0,1.0,0.0,0.0,0.0,0.0,1.0,0.0,0.0,0.0,0.0,-4.0,0.0,0.0
11/mutation_5~mutation_6,11,mutation_5,mutation_6,mut_mut,3028.5,3034.0,-0.09333333333333334,0.09333333333333334,0.4533333333333333,-0.48444444444444446,0.3422222222222222,negligible,False,0.6758980369938953,0.992614656422972,0,Faster or stable,False,-3.0,-1.0,0.0,0.0,0.0,3.0,0.0,1.0,0.0,0.0,0.0,12.0,0.0,0.0
11/mutation_5~mutation_7,11,mutation_5,mutation_7,mut_mut,3028.5,7441.5,1.0,1.0,1.0,1.0,1.0,large,False,1.6959106954125473e-06,5.818996331048556e-06,1,Slower,True,2.0,0.0,0.0,0.0,0.0,-1.0,0.0,-3.0,0.0,0.0,0.0,0.0,0.0,0.0
11/mutation_5~mutation_8,11,mutation_5,mutation_8,mut_mut,3028.5,3063.5,0.30666666666666664,0.30666666666666664,0.6533333333333333,-0.11133333333333331,0.6888888888888889,small,True,0.07923230299910178,0.15678773186065642,0,Faster or stable,False,-2.0,0.0,0.0,0.0,0.0,-1.0,1.0,-3.0,0.0,0.0,0.0,0.0,0.0,0.0
11/mutation_6~mutation_7,11,mutation_6,mutation_7,mut_mut,3034.0,7441.5,1.0,1.0,1.0,1.0,1.0,large,False,1.6959106954125473e-06,5.818996331048556e-06,1,Slower,True,5.0,1.0,0.0,0.0,0.0,-4.0,0.0,-4.0,0.0,0.0,0.0,-12.0,0.0,0.0
11/mutation_6~mutation_8,11,mutation_6,mutation_8,mut_mut,3034.0,3063.5,0.4,0.4,0.7,-0.013333333333333334,0.7868888888888876,medium,True,0.03244760083524369,0.06830433046368371,1,Slower,False,1.0,1.0,0.0,0.0,0.0,-4.0,1.0,-4.0,0.0,0.0,0.0,-12.0,0.0,0.0
11/mutation_7~mutation_8,11,mutation_7,mutation_8,mut_mut,7441.5,3063.5,-1.0,1.0,0.0,-1.0,-1.0,large,False,0.9999986139518094,0.9999986384769016,0,Faster or stable,False,-4.0,0.0,0.0,0.0,0.0,0.0,1.0,0.0,0.0,0.0,0.0,0.0,0.0,0.0
12/mutation_1,12,base,mutation_1,base_mut,1951.0,1954.5,0.03111111111111111,0.03111111111111111,0.5155555555555555,-0.38666666666666666,0.4489999999999994,negligible,False,0.45045283791828983,0.6860608619593084,0,Faster or stable,False,3.0,2.0,0.0,0.0,0.0,0.0,0.0,0.0,0.0,0.0,0.0,0.0,0.0,0.0
12/mutation_2,12,base,mutation_2,base_mut,1951.0,1954.5,0.04,0.04,0.52,-0.37777777777777777,0.4666666666666667,negligible,False,0.43410573205485,0.670351229760485,0,Faster or stable,False,1.0,0.0,0.0,0.0,0.0,0.0,0.0,0.0,0.0,0.0,0.0,0.0,0.0,0.0
12/mutation_3,12,base,mutation_3,base_mut,1951.0,2168.0,1.0,1.0,1.0,1.0,1.0,large,False,1.6959106954125473e-06,1.1490660221978891e-05,1,Slower,True,4.0,0.0,0.0,0.0,-3.0,0.0,0.0,2.0,0.0,0.0,0.0,3.0,1.0,0.0
12/mutation_4,12,base,mutation_4,base_mut,1951.0,1593.5,-1.0,1.0,0.0,-1.0,-1.0,large,False,0.9999986174776383,0.999998645417628,0,Faster or stable,False,0.0,0.0,0.0,0.0,0.0,0.0,0.0,1.0,1.0,1.0,0.0,0.0,0.0,0.0
12/mutation_5,12,base,mutation_5,base_mut,1951.0,1957.0,0.28,0.28,0.64,-0.14666666666666667,0.6888888888888889,small,True,0.09925292657694385,0.19614268823538902,0,Faster or stable,False,6.0,0.0,0.0,0.0,0.0,3.0,0.0,1.0,0.0,0.0,0.0,0.0,-5.0,-2.0
12/mutation_6,12,base,mutation_6,base_mut,1951.0,1948.5,-0.18666666666666668,0.18666666666666668,0.4066666666666667,-0.5733333333333334,0.2088888888888889,small,False,0.8137707478445064,0.99694423721172,0,Faster or stable,False,5.0,0.0,0.0,0.0,0.0,2.0,0.0,0.0,0.0,0.0,0.0,0.0,-5.0,-2.0
12/mutation_7,12,base,mutation_7,base_mut,1951.0,2038.5,0.8933333333333333,0.8933333333333333,0.9466666666666667,0.6533333333333333,1.0,large,False,1.671625328957949e-05,8.706583499524605e-05,1,Slower,True,3.0,0.0,0.0,0.0,0.0,0.0,0.0,0.0,0.0,0.0,0.0,0.0,0.0,0.0
12/mutation_8,12,base,mutation_8,base_mut,1951.0,2788.0,1.0,1.0,1.0,1.0,1.0,large,False,1.6959106954125473e-06,1.1490660221978891e-05,1,Slower,True,1.0,1.0,0.0,0.0,0.0,0.0,1.0,0.0,0.0,0.0,0.0,0.0,0.0,0.0
12/mutation_1~mutation_2,12,mutation_1,mutation_2,mut_mut,1954.5,1954.5,-0.008888888888888889,0.008888888888888889,0.4955555555555556,-0.4444444444444444,0.41333333333333333,negligible,False,0.5248132991501104,0.8133370290972648,0,Faster or stable,False,-2.0,-2.0,0.0,0.0,0.0,0.0,0.0,0.0,0.0,0.0,0.0,0.0,0.0,0.0
12/mutation_1~mutation_3,12,mutation_1,mutation_3,mut_mut,1954.5,2168.0,1.0,1.0,1.0,1.0,1.0,large,False,1.6916697063271091e-06,5.818996331048556e-06,1,Slower,True,1.0,-2.0,0.0,0.0,-3.0,0.0,0.0,2.0,0.0,0.0,0.0,3.0,1.0,0.0
12/mutation_1~mutation_4,12,mutation_1,mutation_4,mut_mut,1954.5,1593.5,-1.0,1.0,0.0,-1.0,-1.0,large,False,0.9999986209960322,0.9999986384769016,0,Faster or stable,False,-3.0,-2.0,0.0,0.0,0.0,0.0,0.0,1.0,1.0,1.0,0.0,0.0,0.0,0.0
12/mutation_1~mutation_5,12,mutation_1,mutation_5,mut_mut,1954.5,1957.0,0.14666666666666667,0.14666666666666667,0.5733333333333334,-0.28888888888888886,0.5555555555555556,negligible,False,0.2534338342509199,0.4408981052229616,0,Faster or stable,False,3.0,-2.0,0.0,0.0,0.0,3.0,0.0,1.0,0.0,0.0,0.0,0.0,-5.0,-2.0
12/mutation_1~mutation_6,12,mutation_1,mutation_6,mut_mut,1954.5,1948.5,-0.24444444444444444,0.24444444444444444,0.37777777777777777,-0.6178888888888888,0.14666666666666667,small,False,0.8773362902696543,0.9999986384769016,0,Faster or stable,False,2.0,-2.0,0.0,0.0,0.0,2.0,0.0,0.0,0.0,0.0,0.0,0.0,-5.0,-2.0
12/mutation_1~mutation_7,12,mutation_1,mutation_7,mut_mut,1954.5,2038.5,1.0,1.0,1.0,1.0,1.0,large,False,1.6832139963232752e-06,5.818996331048556e-06,1,Slower,True,0.0,-2.0,0.0,0.0,0.0,0.0,0.0,0.0,0.0,0.0,0.0,0.0,0.0,0.0
12/mutation_1~mutation_8,12,mutation_1,mutation_8,mut_mut,1954.5,2788.0,1.0,1.0,1.0,1.0,1.0,large,False,1.6916697063271091e-06,5.818996331048556e-06,1,Slower,True,-2.0,-1.0,0.0,0.0,0.0,0.0,1.0,0.0,0.0,0.0,0.0,0.0,0.0,0.0
12/mutation_2~mutation_3,12,mutation_2,mutation_3,mut_mut,1954.5,2168.0,1.0,1.0,1.0,1.0,1.0,large,False,1.6916697063271091e-06,5.818996331048556e-06,1,Slower,True,3.0,0.0,0.0,0.0,-3.0,0.0,0.0,2.0,0.0,0.0,0.0,3.0,1.0,0.0
12/mutation_2~mutation_4,12,mutation_2,mutation_4,mut_mut,1954.5,1593.5,-1.0,1.0,0.0,-1.0,-1.0,large,False,0.9999986209960322,0.9999986384769016,0,Faster or stable,False,-1.0,0.0,0.0,0.0,0.0,0.0,0.0,1.0,1.0,1.0,0.0,0.0,0.0,0.0
12/mutation_2~mutation_5,12,mutation_2,mutation_5,mut_mut,1954.5,1957.0,0.28,0.28,0.64,-0.14666666666666667,0.68,small,True,0.09917801780969171,0.19134327082359276,0,Faster or stable,False,5.0,0.0,0.0,0.0,0.0,3.0,0.0,1.0,0.0,0.0,0.0,0.0,-5.0,-2.0
12/mutation_2~mutation_6,12,mutation_2,mutation_6,mut_mut,1954.5,1948.5,-0.21333333333333335,0.21333333333333335,0.3933333333333333,-0.6133333333333333,0.21777777777777776,small,False,0.8453436168513853,0.9999986384769016,0,Faster or stable,False,4.0,0.0,0.0,0.0,0.0,2.0,0.0,0.0,0.0,0.0,0.0,0.0,-5.0,-2.0
12/mutation_2~mutation_7,12,mutation_2,mutation_7,mut_mut,1954.5,2038.5,1.0,1.0,1.0,1.0,1.0,large,False,1.6832139963232752e-06,5.818996331048556e-06,1,Slower,True,2.0,0.0,0.0,0.0,0.0,0.0,0.0,0.0,0.0,0.0,0.0,0.0,0.0,0.0
12/mutation_2~mutation_8,12,mutation_2,mutation_8,mut_mut,1954.5,2788.0,1.0,1.0,1.0,1.0,1.0,large,False,1.6916697063271091e-06,5.818996331048556e-06,1,Slower,True,0.0,1.0,0.0,0.0,0.0,0.0,1.0,0.0,0.0,0.0,0.0,0.0,0.0,0.0
12/mutation_3~mutation_4,12,mutation_3,mutation_4,mut_mut,2168.0,1593.5,-1.0,1.0,0.0,-1.0,-1.0,large,False,0.9999986174776383,0.9999986384769016,0,Faster or stable,False,-4.0,0.0,0.0,0.0,3.0,0.0,0.0,-1.0,1.0,1.0,0.0,-3.0,-1.0,0.0
12/mutation_3~mutation_5,12,mutation_3,mutation_5,mut_mut,2168.0,1957.0,-1.0,1.0,0.0,-1.0,-1.0,large,False,0.9999986139518094,0.9999986384769016,0,Faster or stable,False,2.0,0.0,0.0,0.0,3.0,3.0,0.0,-1.0,0.0,0.0,0.0,-3.0,-6.0,-2.0
12/mutation_3~mutation_6,12,mutation_3,mutation_6,mut_mut,2168.0,1948.5,-1.0,1.0,0.0,-1.0,-1.0,large,False,0.9999986139518094,0.9999986384769016,0,Faster or stable,False,1.0,0.0,0.0,0.0,3.0,2.0,0.0,-2.0,0.0,0.0,0.0,-3.0,-6.0,-2.0
12/mutation_3~mutation_7,12,mutation_3,mutation_7,mut_mut,2168.0,2038.5,-1.0,1.0,0.0,-1.0,-1.0,large,False,0.9999986209960322,0.9999986384769016,0,Faster or stable,False,-1.0,0.0,0.0,0.0,3.0,0.0,0.0,-2.0,0.0,0.0,0.0,-3.0,-1.0,0.0
12/mutation_3~mutation_8,12,mutation_3,mutation_8,mut_mut,2168.0,2788.0,1.0,1.0,1.0,1.0,1.0,large,False,1.6959106954125473e-06,5.818996331048556e-06,1,Slower,True,-3.0,1.0,0.0,0.0,3.0,0.0,1.0,-2.0,0.0,0.0,0.0,-3.0,-1.0,0.0
12/mutation_4~mutation_5,12,mutation_4,mutation_5,mut_mut,1593.5,1957.0,1.0,1.0,1.0,1.0,1.0,large,False,1.6916697063271091e-06,5.818996331048556e-06,1,Slower,True,6.0,0.0,0.0,0.0,0.0,3.0,0.0,0.0,-1.0,-1.0,0.0,0.0,-5.0,-2.0
12/mutation_4~mutation_6,12,mutation_4,mutation_6,mut_mut,1593.5,1948.5,1.0,1.0,1.0,1.0,1.0,large,False,1.6916697063271091e-06,5.818996331048556e-06,1,Slower,True,5.0,0.0,0.0,0.0,0.0,2.0,0.0,-1.0,-1.0,-1.0,0.0,0.0,-5.0,-2.0
12/mutation_4~mutation_7,12,mutation_4,mutation_7,mut_mut,1593.5,2038.5,1.0,1.0,1.0,1.0,1.0,large,False,1.6832139963232752e-06,5.818996331048556e-06,1,Slower,True,3.0,0.0,0.0,0.0,0.0,0.0,0.0,-1.0,-1.0,-1.0,0.0,0.0,0.0,0.0
12/mutation_4~mutation_8,12,mutation_4,mutation_8,mut_mut,1593.5,2788.0,1.0,1.0,1.0,1.0,1.0,large,False,1.6916697063271091e-06,5.818996331048556e-06,1,Slower,True,1.0,1.0,0.0,0.0,0.0,0.0,1.0,-1.0,-1.0,-1.0,0.0,0.0,0.0,0.0
12/mutation_5~mutation_6,12,mutation_5,mutation_6,mut_mut,1957.0,1948.5,-0.44,0.44,0.28,-0.76,-0.057777777777777775,medium,False,0.980977283811555,0.9999986384769016,0,Faster or stable,False,-1.0,0.0,0.0,0.0,0.0,-1.0,0.0,-1.0,0.0,0.0,0.0,0.0,0.0,0.0
12/mutation_5~mutation_7,12,mutation_5,mutation_7,mut_mut,1957.0,2038.5,1.0,1.0,1.0,1.0,1.0,large,False,1.6874374779290916e-06,5.818996331048556e-06,1,Slower,True,-3.0,0.0,0.0,0.0,0.0,-3.0,0.0,-1.0,0.0,0.0,0.0,0.0,5.0,2.0
12/mutation_5~mutation_8,12,mutation_5,mutation_8,mut_mut,1957.0,2788.0,1.0,1.0,1.0,1.0,1.0,large,False,1.6959106954125473e-06,5.818996331048556e-06,1,Slower,True,-5.0,1.0,0.0,0.0,0.0,-3.0,1.0,-1.0,0.0,0.0,0.0,0.0,5.0,2.0
12/mutation_6~mutation_7,12,mutation_6,mutation_7,mut_mut,1948.5,2038.5,1.0,1.0,1.0,1.0,1.0,large,False,1.6874374779290916e-06,5.818996331048556e-06,1,Slower,True,-2.0,0.0,0.0,0.0,0.0,-2.0,0.0,0.0,0.0,0.0,0.0,0.0,5.0,2.0
12/mutation_6~mutation_8,12,mutation_6,mutation_8,mut_mut,1948.5,2788.0,1.0,1.0,1.0,1.0,1.0,large,False,1.6959106954125473e-06,5.818996331048556e-06,1,Slower,True,-4.0,1.0,0.0,0.0,0.0,-2.0,1.0,0.0,0.0,0.0,0.0,0.0,5.0,2.0
12/mutation_7~mutation_8,12,mutation_7,mutation_8,mut_mut,2038.5,2788.0,1.0,1.0,1.0,1.0,1.0,large,False,1.6874374779290916e-06,5.818996331048556e-06,1,Slower,True,-2.0,1.0,0.0,0.0,0.0,0.0,1.0,0.0,0.0,0.0,0.0,0.0,0.0,0.0
13/mutation_1,13,base,mutation_1,base_mut,700.0,716.5,0.6533333333333333,0.6533333333333333,0.8266666666666667,0.28,0.92,large,False,0.0012285593869571087,0.004698762038221139,1,Slower,True,6.0,3.0,0.0,0.0,0.0,0.0,0.0,0.0,0.0,0.0,0.0,0.0,0.0,0.0
13/mutation_2,13,base,mutation_2,base_mut,700.0,315.0,-1.0,1.0,0.0,-1.0,-1.0,large,False,0.9999986315067255,0.999998645417628,0,Faster or stable,False,-4.0,-3.0,0.0,1.0,0.0,0.0,0.0,-2.0,0.0,0.0,0.0,0.0,0.0,0.0
13/mutation_3,13,base,mutation_3,base_mut,700.0,1763.0,1.0,1.0,1.0,1.0,1.0,large,False,1.6916697063271091e-06,1.1490660221978891e-05,1,Slower,True,22.0,6.0,0.0,0.0,-1.0,1.0,0.0,5.0,2.0,1.0,7.0,8.0,0.0,0.0
13/mutation_4,13,base,mutation_4,base_mut,700.0,707.0,0.29333333333333333,0.29333333333333333,0.6466666666666667,-0.10677777777777778,0.6844444444444444,small,True,0.08870260388145002,0.1865905012653909,0,Faster or stable,False,0.0,0.0,0.0,0.0,0.0,0.0,0.0,0.0,0.0,0.0,0.0,0.0,0.0,0.0
13/mutation_5,13,base,mutation_5,base_mut,700.0,709.5,0.29777777777777775,0.29777777777777775,0.6488888888888888,-0.09777777777777778,0.68,small,True,0.08536791559844331,0.1832096280990607,0,Faster or stable,False,1.0,1.0,0.0,0.0,0.0,0.0,0.0,1.0,0.0,0.0,0.0,0.0,0.0,0.0
13/mutation_6,13,base,mutation_6,base_mut,700.0,1732.0,1.0,1.0,1.0,1.0,1.0,large,False,1.6916697063271091e-06,1.1490660221978891e-05,1,Slower,True,14.0,6.0,0.0,0.0,2.0,1.0,0.0,1.0,1.0,1.0,4.0,7.0,0.0,0.0
13/mutation_7,13,base,mutation_7,base_mut,700.0,1466.0,1.0,1.0,1.0,1.0,1.0,large,False,1.6874374779290916e-06,1.1490660221978891e-05,1,Slower,True,0.0,-1.0,2.0,0.0,0.0,0.0,0.0,0.0,1.0,1.0,0.0,1.0,0.0,0.0
13/mutation_8,13,base,mutation_8,base_mut,700.0,1166.0,1.0,1.0,1.0,1.0,1.0,large,False,1.6916697063271091e-06,1.1490660221978891e-05,1,Slower,True,1.0,1.0,0.0,0.0,0.0,0.0,1.0,0.0,0.0,0.0,0.0,0.0,0.0,0.0
13/mutation_1~mutation_2,13,mutation_1,mutation_2,mut_mut,716.5,315.0,-1.0,1.0,0.0,-1.0,-1.0,large,False,0.9999986315067255,0.9999986384769016,0,Faster or stable,False,-10.0,-6.0,0.0,1.0,0.0,0.0,0.0,-2.0,0.0,0.0,0.0,0.0,0.0,0.0
13/mutation_1~mutation_3,13,mutation_1,mutation_3,mut_mut,716.5,1763.0,1.0,1.0,1.0,1.0,1.0,large,False,1.6916697063271091e-06,5.818996331048556e-06,1,Slower,True,16.0,3.0,0.0,0.0,-1.0,1.0,0.0,5.0,2.0,1.0,7.0,8.0,0.0,0.0
13/mutation_1~mutation_4,13,mutation_1,mutation_4,mut_mut,716.5,707.0,-0.49333333333333335,0.49333333333333335,0.2533333333333333,-0.8177777777777778,-0.10655555555555617,large,False,0.9899528528428329,0.9999986384769016,0,Faster or stable,False,-6.0,-3.0,0.0,0.0,0.0,0.0,0.0,0.0,0.0,0.0,0.0,0.0,0.0,0.0
13/mutation_1~mutation_5,13,mutation_1,mutation_5,mut_mut,716.5,709.5,-0.37777777777777777,0.37777777777777777,0.3111111111111111,-0.7333333333333333,0.06666666666666667,medium,False,0.9627682854128763,0.9999986384769016,0,Faster or stable,False,-5.0,-2.0,0.0,0.0,0.0,0.0,0.0,1.0,0.0,0.0,0.0,0.0,0.0,0.0
13/mutation_1~mutation_6,13,mutation_1,mutation_6,mut_mut,716.5,1732.0,1.0,1.0,1.0,1.0,1.0,large,False,1.6916697063271091e-06,5.818996331048556e-06,1,Slower,True,8.0,3.0,0.0,0.0,2.0,1.0,0.0,1.0,1.0,1.0,4.0,7.0,0.0,0.0
13/mutation_1~mutation_7,13,mutation_1,mutation_7,mut_mut,716.5,1466.0,1.0,1.0,1.0,1.0,1.0,large,False,1.6874374779290916e-06,5.818996331048556e-06,1,Slower,True,-6.0,-4.0,2.0,0.0,0.0,0.0,0.0,0.0,1.0,1.0,0.0,1.0,0.0,0.0
13/mutation_1~mutation_8,13,mutation_1,mutation_8,mut_mut,716.5,1166.0,1.0,1.0,1.0,1.0,1.0,large,False,1.6916697063271091e-06,5.818996331048556e-06,1,Slower,True,-5.0,-2.0,0.0,0.0,0.0,0.0,1.0,0.0,0.0,0.0,0.0,0.0,0.0,0.0
13/mutation_2~mutation_3,13,mutation_2,mutation_3,mut_mut,315.0,1763.0,1.0,1.0,1.0,1.0,1.0,large,False,1.6789992476286239e-06,5.818996331048556e-06,1,Slower,True,26.0,9.0,0.0,-1.0,-1.0,1.0,0.0,7.0,2.0,1.0,7.0,8.0,0.0,0.0
13/mutation_2~mutation_4,13,mutation_2,mutation_4,mut_mut,315.0,707.0,1.0,1.0,1.0,1.0,1.0,large,False,1.6747932179783085e-06,5.818996331048556e-06,1,Slower,True,4.0,3.0,0.0,-1.0,0.0,0.0,0.0,2.0,0.0,0.0,0.0,0.0,0.0,0.0
13/mutation_2~mutation_5,13,mutation_2,mutation_5,mut_mut,315.0,709.5,1.0,1.0,1.0,1.0,1.0,large,False,1.6789992476286239e-06,5.818996331048556e-06,1,Slower,True,5.0,4.0,0.0,-1.0,0.0,0.0,0.0,3.0,0.0,0.0,0.0,0.0,0.0,0.0
13/mutation_2~mutation_6,13,mutation_2,mutation_6,mut_mut,315.0,1732.0,1.0,1.0,1.0,1.0,1.0,large,False,1.6789992476286239e-06,5.818996331048556e-06,1,Slower,True,18.0,9.0,0.0,-1.0,2.0,1.0,0.0,3.0,1.0,1.0,4.0,7.0,0.0,0.0
13/mutation_2~mutation_7,13,mutation_2,mutation_7,mut_mut,315.0,1466.0,1.0,1.0,1.0,1.0,1.0,large,False,1.6747932179783085e-06,5.818996331048556e-06,1,Slower,True,4.0,2.0,2.0,-1.0,0.0,0.0,0.0,2.0,1.0,1.0,0.0,1.0,0.0,0.0
13/mutation_2~mutation_8,13,mutation_2,mutation_8,mut_mut,315.0,1166.0,1.0,1.0,1.0,1.0,1.0,large,False,1.6789992476286239e-06,5.818996331048556e-06,1,Slower,True,5.0,4.0,0.0,-1.0,0.0,0.0,1.0,2.0,0.0,0.0,0.0,0.0,0.0,0.0
13/mutation_3~mutation_4,13,mutation_3,mutation_4,mut_mut,1763.0,707.0,-1.0,1.0,0.0,-1.0,-1.0,large,False,0.9999986174776383,0.9999986384769016,0,Faster or stable,False,-22.0,-6.0,0.0,0.0,1.0,-1.0,0.0,-5.0,-2.0,-1.0,-7.0,-8.0,0.0,0.0
13/mutation_3~mutation_5,13,mutation_3,mutation_5,mut_mut,1763.0,709.5,-1.0,1.0,0.0,-1.0,-1.0,large,False,0.9999986139518094,0.9999986384769016,0,Faster or stable,False,-21.0,-5.0,0.0,0.0,1.0,-1.0,0.0,-4.0,-2.0,-1.0,-7.0,-8.0,0.0,0.0
13/mutation_3~mutation_6,13,mutation_3,mutation_6,mut_mut,1763.0,1732.0,-0.9822222222222222,0.9822222222222222,0.00888888888888889,-1.0,-0.92,large,False,0.9999979283899513,0.9999986384769016,0,Faster or stable,False,-8.0,0.0,0.0,0.0,3.0,0.0,0.0,-4.0,-1.0,0.0,-3.0,-1.0,0.0,0.0
13/mutation_3~mutation_7,13,mutation_3,mutation_7,mut_mut,1763.0,1466.0,-1.0,1.0,0.0,-1.0,-1.0,large,False,0.9999986174776383,0.9999986384769016,0,Faster or stable,False,-22.0,-7.0,2.0,0.0,1.0,-1.0,0.0,-5.0,-1.0,0.0,-7.0,-7.0,0.0,0.0
13/mutation_3~mutation_8,13,mutation_3,mutation_8,mut_mut,1763.0,1166.0,-1.0,1.0,0.0,-1.0,-1.0,large,False,0.9999986139518094,0.9999986384769016,0,Faster or stable,False,-21.0,-5.0,0.0,0.0,1.0,-1.0,1.0,-5.0,-2.0,-1.0,-7.0,-8.0,0.0,0.0
13/mutation_4~mutation_5,13,mutation_4,mutation_5,mut_mut,707.0,709.5,0.07555555555555556,0.07555555555555556,0.5377777777777778,-0.38222222222222224,0.4888888888888889,negligible,False,0.3699411377515879,0.6060616093718718,0,Faster or stable,False,1.0,1.0,0.0,0.0,0.0,0.0,0.0,1.0,0.0,0.0,0.0,0.0,0.0,0.0
13/mutation_4~mutation_6,13,mutation_4,mutation_6,mut_mut,707.0,1732.0,1.0,1.0,1.0,1.0,1.0,large,False,1.6916697063271091e-06,5.818996331048556e-06,1,Slower,True,14.0,6.0,0.0,0.0,2.0,1.0,0.0,1.0,1.0,1.0,4.0,7.0,0.0,0.0
13/mutation_4~mutation_7,13,mutation_4,mutation_7,mut_mut,707.0,1466.0,1.0,1.0,1.0,1.0,1.0,large,False,1.6874374779290916e-06,5.818996331048556e-06,1,Slower,True,0.0,-1.0,2.0,0.0,0.0,0.0,0.0,0.0,1.0,1.0,0.0,1.0,0.0,0.0
13/mutation_4~mutation_8,13,mutation_4,mutation_8,mut_mut,707.0,1166.0,1.0,1.0,1.0,1.0,1.0,large,False,1.6916697063271091e-06,5.818996331048556e-06,1,Slower,True,1.0,1.0,0.0,0.0,0.0,0.0,1.0,0.0,0.0,0.0,0.0,0.0,0.0,0.0
13/mutation_5~mutation_6,13,mutation_5,mutation_6,mut_mut,709.5,1732.0,1.0,1.0,1.0,1.0,1.0,large,False,1.6959106954125473e-06,5.818996331048556e-06,1,Slower,True,13.0,5.0,0.0,0.0,2.0,1.0,0.0,0.0,1.0,1.0,4.0,7.0,0.0,0.0
13/mutation_5~mutation_7,13,mutation_5,mutation_7,mut_mut,709.5,1466.0,1.0,1.0,1.0,1.0,1.0,large,False,1.6916697063271091e-06,5.818996331048556e-06,1,Slower,True,-1.0,-2.0,2.0,0.0,0.0,0.0,0.0,-1.0,1.0,1.0,0.0,1.0,0.0,0.0
13/mutation_5~mutation_8,13,mutation_5,mutation_8,mut_mut,709.5,1166.0,1.0,1.0,1.0,1.0,1.0,large,False,1.6959106954125473e-06,5.818996331048556e-06,1,Slower,True,0.0,0.0,0.0,0.0,0.0,0.0,1.0,-1.0,0.0,0.0,0.0,0.0,0.0,0.0
13/mutation_6~mutation_7,13,mutation_6,mutation_7,mut_mut,1732.0,1466.0,-1.0,1.0,0.0,-1.0,-1.0,large,False,0.9999986174776383,0.9999986384769016,0,Faster or stable,False,-14.0,-7.0,2.0,0.0,-2.0,-1.0,0.0,-1.0,0.0,0.0,-4.0,-6.0,0.0,0.0
13/mutation_6~mutation_8,13,mutation_6,mutation_8,mut_mut,1732.0,1166.0,-1.0,1.0,0.0,-1.0,-1.0,large,False,0.9999986139518094,0.9999986384769016,0,Faster or stable,False,-13.0,-5.0,0.0,0.0,-2.0,-1.0,1.0,-1.0,-1.0,-1.0,-4.0,-7.0,0.0,0.0
13/mutation_7~mutation_8,13,mutation_7,mutation_8,mut_mut,1466.0,1166.0,-1.0,1.0,0.0,-1.0,-1.0,large,False,0.9999986174776383,0.9999986384769016,0,Faster or stable,False,1.0,2.0,-2.0,0.0,0.0,0.0,1.0,0.0,-1.0,-1.0,0.0,-1.0,0.0,0.0
14/mutation_1,14,base,mutation_1,base_mut,2883.5,2908.0,0.4444444444444444,0.4444444444444444,0.7222222222222222,0.04,0.8311111111111111,medium,False,0.019984047382126568,0.05143181186717845,1,Slower,False,11.0,3.0,0.0,0.0,0.0,0.0,0.0,0.0,0.0,0.0,0.0,0.0,0.0,0.0
14/mutation_2,14,base,mutation_2,base_mut,2883.5,2880.5,0.0044444444444444444,0.0044444444444444444,0.5022222222222222,-0.4177777777777778,0.4311111111111111,negligible,False,0.5,0.7377777777777778,0,Faster or stable,False,-1.0,0.0,0.0,0.0,1.0,0.0,0.0,0.0,0.0,0.0,0.0,0.0,0.0,0.0
14/mutation_3,14,base,mutation_3,base_mut,2883.5,2877.5,-0.14666666666666667,0.14666666666666667,0.42666666666666664,-0.5377777777777778,0.29799999999999877,negligible,False,0.7596832652687744,0.9553592578380041,0,Faster or stable,False,0.0,0.0,0.0,0.0,0.0,0.0,0.0,0.0,0.0,0.0,0.0,3.0,0.0,0.0
14/mutation_4,14,base,mutation_4,base_mut,2883.5,2901.5,0.28,0.28,0.64,-0.14688888888888887,0.6533333333333333,small,True,0.09920299113889874,0.19614268823538902,0,Faster or stable,False,0.0,0.0,0.0,0.0,0.0,0.0,0.0,0.0,3.0,0.0,0.0,0.0,0.0,0.0
14/mutation_5,14,base,mutation_5,base_mut,2883.5,2871.5,-0.27555555555555555,0.27555555555555555,0.3622222222222222,-0.68,0.13777777777777778,small,False,0.9043928559687091,0.999998645417628,0,Faster or stable,False,-2.0,1.0,0.0,0.0,1.0,0.0,0.0,1.0,-1.0,0.0,-2.0,-2.0,0.0,0.0
14/mutation_6,14,base,mutation_6,base_mut,2883.5,2884.0,0.057777777777777775,0.057777777777777775,0.5288888888888889,-0.36,0.4666666666666667,negligible,False,0.40170986599763925,0.641190747650078,0,Faster or stable,False,-4.0,0.0,0.0,0.0,0.0,0.0,0.0,-5.0,0.0,0.0,0.0,0.0,0.0,0.0
14/mutation_7,14,base,mutation_7,base_mut,2883.5,9095.5,1.0,1.0,1.0,1.0,1.0,large,False,1.6874374779290916e-06,1.1490660221978891e-05,1,Slower,True,-17.0,-4.0,0.0,0.0,0.0,5.0,0.0,0.0,0.0,0.0,0.0,0.0,17.0,6.0
14/mutation_8,14,base,mutation_8,base_mut,2883.5,2916.0,0.7688888888888888,0.7688888888888888,0.8844444444444444,0.47533333333333333,1.0,large,False,0.00017992162627583378,0.0007781190058352324,1,Slower,True,1.0,1.0,0.0,0.0,0.0,0.0,1.0,0.0,0.0,0.0,0.0,0.0,0.0,0.0
14/mutation_1~mutation_2,14,mutation_1,mutation_2,mut_mut,2908.0,2880.5,-0.4533333333333333,0.4533333333333333,0.2733333333333333,-0.8045555555555555,-0.04,medium,False,0.9837039145036195,0.9999986384769016,0,Faster or stable,False,-12.0,-3.0,0.0,0.0,1.0,0.0,0.0,0.0,0.0,0.0,0.0,0.0,0.0,0.0
14/mutation_1~mutation_3,14,mutation_1,mutation_3,mut_mut,2908.0,2877.5,-0.6,0.6,0.2,-0.8933333333333333,-0.24444444444444444,large,False,0.9976096477430307,0.9999986384769016,0,Faster or stable,False,-11.0,-3.0,0.0,0.0,0.0,0.0,0.0,0.0,0.0,0.0,0.0,3.0,0.0,0.0
14/mutation_1~mutation_4,14,mutation_1,mutation_4,mut_mut,2908.0,2901.5,-0.10222222222222223,0.10222222222222223,0.4488888888888889,-0.5377777777777778,0.31577777777777655,negligible,False,0.6907237913486133,0.9999986384769016,0,Faster or stable,False,-11.0,-3.0,0.0,0.0,0.0,0.0,0.0,0.0,3.0,0.0,0.0,0.0,0.0,0.0
14/mutation_1~mutation_5,14,mutation_1,mutation_5,mut_mut,2908.0,2871.5,-0.5911111111111111,0.5911111111111111,0.20444444444444443,-0.92,-0.19111111111111112,large,False,0.9972817067129267,0.9999986384769016,0,Faster or stable,False,-13.0,-2.0,0.0,0.0,1.0,0.0,0.0,1.0,-1.0,0.0,-2.0,-2.0,0.0,0.0
14/mutation_1~mutation_6,14,mutation_1,mutation_6,mut_mut,2908.0,2884.0,-0.28888888888888886,0.28888888888888886,0.35555555555555557,-0.68,0.14666666666666667,small,False,0.9145368094044134,0.9999986384769016,0,Faster or stable,False,-15.0,-3.0,0.0,0.0,0.0,0.0,0.0,-5.0,0.0,0.0,0.0,0.0,0.0,0.0
14/mutation_1~mutation_7,14,mutation_1,mutation_7,mut_mut,2908.0,9095.5,1.0,1.0,1.0,1.0,1.0,large,False,1.6832139963232752e-06,5.818996331048556e-06,1,Slower,True,-28.0,-7.0,0.0,0.0,0.0,5.0,0.0,0.0,0.0,0.0,0.0,0.0,17.0,6.0
14/mutation_1~mutation_8,14,mutation_1,mutation_8,mut_mut,2908.0,2916.0,0.27555555555555555,0.27555555555555555,0.6377777777777778,-0.14666666666666667,0.6711111111111111,small,True,0.10266874114544638,0.19739611204657428,0,Faster or stable,False,-10.0,-2.0,0.0,0.0,0.0,0.0,1.0,0.0,0.0,0.0,0.0,0.0,0.0,0.0
14/mutation_2~mutation_3,14,mutation_2,mutation_3,mut_mut,2880.5,2877.5,-0.09777777777777778,0.09777777777777778,0.45111111111111113,-0.52,0.31555555555555553,negligible,False,0.683412677576567,0.9999986384769016,0,Faster or stable,False,1.0,0.0,0.0,0.0,-1.0,0.0,0.0,0.0,0.0,0.0,0.0,3.0,0.0,0.0
14/mutation_2~mutation_4,14,mutation_2,mutation_4,mut_mut,2880.5,2901.5,0.28444444444444444,0.28444444444444444,0.6422222222222222,-0.12,0.6667777777777771,small,True,0.0955330146519045,0.18576783784997722,0,Faster or stable,False,1.0,0.0,0.0,0.0,-1.0,0.0,0.0,0.0,3.0,0.0,0.0,0.0,0.0,0.0
14/mutation_2~mutation_5,14,mutation_2,mutation_5,mut_mut,2880.5,2871.5,-0.24,0.24,0.38,-0.6667777777777777,0.18222222222222223,small,False,0.873150099512618,0.9999986384769016,0,Faster or stable,False,-1.0,1.0,0.0,0.0,0.0,0.0,0.0,1.0,-1.0,0.0,-2.0,-2.0,0.0,0.0
14/mutation_2~mutation_6,14,mutation_2,mutation_6,mut_mut,2880.5,2884.0,0.08,0.08,0.54,-0.3602222222222222,0.48444444444444446,negligible,False,0.36211952332187447,0.5967410860290158,0,Faster or stable,False,-3.0,0.0,0.0,0.0,-1.0,0.0,0.0,-5.0,0.0,0.0,0.0,0.0,0.0,0.0
14/mutation_2~mutation_7,14,mutation_2,mutation_7,mut_mut,2880.5,9095.5,1.0,1.0,1.0,1.0,1.0,large,False,1.6874374779290916e-06,5.818996331048556e-06,1,Slower,True,-16.0,-4.0,0.0,0.0,-1.0,5.0,0.0,0.0,0.0,0.0,0.0,0.0,17.0,6.0
14/mutation_2~mutation_8,14,mutation_2,mutation_8,mut_mut,2880.5,2916.0,0.7644444444444445,0.7644444444444445,0.8822222222222222,0.43977777777777777,1.0,large,False,0.00019440945404510052,0.0005193509700919114,1,Slower,True,2.0,1.0,0.0,0.0,-1.0,0.0,1.0,0.0,0.0,0.0,0.0,0.0,0.0,0.0
14/mutation_3~mutation_4,14,mutation_3,mutation_4,mut_mut,2877.5,2901.5,0.40444444444444444,0.40444444444444444,0.7022222222222222,-0.008888888888888889,0.7511111111111111,medium,True,0.030926776082745418,0.06559425805995418,1,Slower,False,0.0,0.0,0.0,0.0,0.0,0.0,0.0,0.0,3.0,0.0,0.0,-3.0,0.0,0.0
14/mutation_3~mutation_5,14,mutation_3,mutation_5,mut_mut,2877.5,2871.5,-0.16444444444444445,0.16444444444444445,0.4177777777777778,-0.5824444444444444,0.25333333333333335,small,False,0.7847272915269405,0.9999986384769016,0,Faster or stable,False,-2.0,1.0,0.0,0.0,1.0,0.0,0.0,1.0,-1.0,0.0,-2.0,-5.0,0.0,0.0
14/mutation_3~mutation_6,14,mutation_3,mutation_6,mut_mut,2877.5,2884.0,0.16,0.16,0.58,-0.26233333333333336,0.56,small,False,0.23381177387318935,0.410716769899855,0,Faster or stable,False,-4.0,0.0,0.0,0.0,0.0,0.0,0.0,-5.0,0.0,0.0,0.0,-3.0,0.0,0.0
14/mutation_3~mutation_7,14,mutation_3,mutation_7,mut_mut,2877.5,9095.5,1.0,1.0,1.0,1.0,1.0,large,False,1.6874374779290916e-06,5.818996331048556e-06,1,Slower,True,-17.0,-4.0,0.0,0.0,0.0,5.0,0.0,0.0,0.0,0.0,0.0,-3.0,17.0,6.0
14/mutation_3~mutation_8,14,mutation_3,mutation_8,mut_mut,2877.5,2916.0,0.9022222222222223,0.9022222222222223,0.9511111111111111,0.6977777777777778,1.0,large,False,1.3934381222781223e-05,4.2429030199030434e-05,1,Slower,True,1.0,1.0,0.0,0.0,0.0,0.0,1.0,0.0,0.0,0.0,0.0,-3.0,0.0,0.0
14/mutation_4~mutation_5,14,mutation_4,mutation_5,mut_mut,2901.5,2871.5,-0.4311111111111111,0.4311111111111111,0.28444444444444444,-0.7866666666666666,-0.026555555555556165,medium,False,0.9789904145302831,0.9999986384769016,0,Faster or stable,False,-2.0,1.0,0.0,0.0,1.0,0.0,0.0,1.0,-4.0,0.0,-2.0,-2.0,0.0,0.0
14/mutation_4~mutation_6,14,mutation_4,mutation_6,mut_mut,2901.5,2884.0,-0.19111111111111112,0.19111111111111112,0.40444444444444444,-0.5824444444444444,0.24444444444444444,small,False,0.8193052377589687,0.9999986384769016,0,Faster or stable,False,-4.0,0.0,0.0,0.0,0.0,0.0,0.0,-5.0,-3.0,0.0,0.0,0.0,0.0,0.0
14/mutation_4~mutation_7,14,mutation_4,mutation_7,mut_mut,2901.5,9095.5,1.0,1.0,1.0,1.0,1.0,large,False,1.6874374779290916e-06,5.818996331048556e-06,1,Slower,True,-17.0,-4.0,0.0,0.0,0.0,5.0,0.0,0.0,-3.0,0.0,0.0,0.0,17.0,6.0
14/mutation_4~mutation_8,14,mutation_4,mutation_8,mut_mut,2901.5,2916.0,0.40444444444444444,0.40444444444444444,0.7022222222222222,-0.0044444444444444444,0.7866666666666666,medium,True,0.03095579145239302,0.06559425805995418,1,Slower,False,1.0,1.0,0.0,0.0,0.0,0.0,1.0,0.0,-3.0,0.0,0.0,0.0,0.0,0.0
14/mutation_5~mutation_6,14,mutation_5,mutation_6,mut_mut,2871.5,2884.0,0.28,0.28,0.64,-0.15555555555555556,0.6711111111111111,small,True,0.09920299113889874,0.19134327082359276,0,Faster or stable,False,-2.0,-1.0,0.0,0.0,-1.0,0.0,0.0,-6.0,1.0,0.0,2.0,2.0,0.0,0.0
14/mutation_5~mutation_7,14,mutation_5,mutation_7,mut_mut,2871.5,9095.5,1.0,1.0,1.0,1.0,1.0,large,False,1.6874374779290916e-06,5.818996331048556e-06,1,Slower,True,-15.0,-5.0,0.0,0.0,-1.0,5.0,0.0,-1.0,1.0,0.0,2.0,2.0,17.0,6.0
14/mutation_5~mutation_8,14,mutation_5,mutation_8,mut_mut,2871.5,2916.0,0.8222222222222222,0.8222222222222222,0.9111111111111111,0.49333333333333335,1.0,large,False,6.75882200318472e-05,0.0001891121767474627,1,Slower,True,3.0,0.0,0.0,0.0,-1.0,0.0,1.0,-1.0,1.0,0.0,2.0,2.0,0.0,0.0
14/mutation_6~mutation_7,14,mutation_6,mutation_7,mut_mut,2884.0,9095.5,1.0,1.0,1.0,1.0,1.0,large,False,1.6874374779290916e-06,5.818996331048556e-06,1,Slower,True,-13.0,-4.0,0.0,0.0,0.0,5.0,0.0,5.0,0.0,0.0,0.0,0.0,17.0,6.0
14/mutation_6~mutation_8,14,mutation_6,mutation_8,mut_mut,2884.0,2916.0,0.5466666666666666,0.5466666666666666,0.7733333333333333,0.14666666666666667,0.8755555555555555,large,False,0.005691349304555361,0.013193582478741974,1,Slower,True,5.0,1.0,0.0,0.0,0.0,0.0,1.0,5.0,0.0,0.0,0.0,0.0,0.0,0.0
14/mutation_7~mutation_8,14,mutation_7,mutation_8,mut_mut,9095.5,2916.0,-1.0,1.0,0.0,-1.0,-1.0,large,False,0.9999986209960322,0.9999986384769016,0,Faster or stable,False,18.0,5.0,0.0,0.0,0.0,-5.0,1.0,0.0,0.0,0.0,0.0,0.0,-17.0,-6.0
15/mutation_1,15,base,mutation_1,base_mut,396.0,410.0,0.8266666666666667,0.8266666666666667,0.9133333333333333,0.5688888888888889,1.0,large,False,6.148207183431372e-05,0.00028350066456933544,1,Slower,True,3.0,3.0,0.0,0.0,0.0,0.0,0.0,0.0,0.0,0.0,0.0,0.0,0.0,0.0
15/mutation_2,15,base,mutation_2,base_mut,396.0,411.0,0.6844444444444444,0.6844444444444444,0.8422222222222222,0.3688888888888889,0.92,large,False,0.0007477746444924995,0.0030275753898964617,1,Slower,True,1.0,1.0,0.0,0.0,1.0,0.0,0.0,0.0,0.0,0.0,0.0,0.0,0.0,0.0
15/mutation_3,15,base,mutation_3,base_mut,396.0,400.5,0.31555555555555553,0.31555555555555553,0.6577777777777778,-0.09788888888888889,0.7066666666666667,small,True,0.0730857945737093,0.16734126757566545,0,Faster or stable,False,0.0,0.0,0.0,0.0,0.0,0.0,0.0,0.0,0.0,0.0,0.0,1.0,0.0,0.0
15/mutation_4,15,base,mutation_4,base_mut,396.0,405.5,0.5733333333333334,0.5733333333333334,0.7866666666666666,0.18666666666666668,0.8577777777777778,large,False,0.003949347106858019,0.012607531148815982,1,Slower,True,1.0,0.0,2.0,0.0,0.0,0.0,0.0,1.0,1.0,1.0,0.0,0.0,0.0,0.0
15/mutation_6,15,base,mutation_6,base_mut,396.0,403.5,0.4177777777777778,0.4177777777777778,0.7088888888888889,0.00433333333333334,0.764555555555555,medium,True,0.026762313015546105,0.06806136767592472,1,Slower,False,1.0,1.0,0.0,0.0,0.0,0.0,0.0,0.0,0.0,0.0,0.0,0.0,0.0,0.0
15/mutation_7,15,base,mutation_7,base_mut,396.0,414.0,0.9066666666666666,0.9066666666666666,0.9533333333333334,0.7511111111111111,1.0,large,False,1.2661675952630662e-05,7.006127360455632e-05,1,Slower,True,1.0,1.0,0.0,0.0,3.0,0.0,0.0,0.0,0.0,0.0,0.0,0.0,0.0,0.0
15/mutation_8,15,base,mutation_8,base_mut,396.0,743.5,1.0,1.0,1.0,1.0,1.0,large,False,1.6789992476286239e-06,1.1490660221978891e-05,1,Slower,True,1.0,1.0,0.0,0.0,0.0,0.0,1.0,0.0,0.0,0.0,0.0,0.0,0.0,0.0
15/mutation_1~mutation_2,15,mutation_1,mutation_2,mut_mut,410.0,411.0,-0.07111111111111111,0.07111111111111111,0.46444444444444444,-0.5022222222222222,0.3556666666666661,negligible,False,0.6379394381800545,0.9455324301691164,0,Faster or stable,False,-2.0,-2.0,0.0,0.0,1.0,0.0,0.0,0.0,0.0,0.0,0.0,0.0,0.0,0.0
15/mutation_1~mutation_3,15,mutation_1,mutation_3,mut_mut,410.0,400.5,-0.8133333333333334,0.8133333333333334,0.09333333333333332,-0.9866666666666667,-0.5555555555555556,large,False,0.9999332222595383,0.9999986384769016,0,Faster or stable,False,-3.0,-3.0,0.0,0.0,0.0,0.0,0.0,0.0,0.0,0.0,0.0,1.0,0.0,0.0
15/mutation_1~mutation_4,15,mutation_1,mutation_4,mut_mut,410.0,405.5,-0.5111111111111111,0.5111111111111111,0.24444444444444446,-0.8444444444444444,-0.12,large,False,0.9919770883037515,0.9999986384769016,0,Faster or stable,False,-2.0,-3.0,2.0,0.0,0.0,0.0,0.0,1.0,1.0,1.0,0.0,0.0,0.0,0.0
15/mutation_1~mutation_6,15,mutation_1,mutation_6,mut_mut,410.0,403.5,-0.5422222222222223,0.5422222222222223,0.22888888888888886,-0.840111111111111,-0.1688888888888889,large,False,0.9946801215909652,0.9999986384769016,0,Faster or stable,False,-2.0,-2.0,0.0,0.0,0.0,0.0,0.0,0.0,0.0,0.0,0.0,0.0,0.0,0.0
15/mutation_1~mutation_7,15,mutation_1,mutation_7,mut_mut,410.0,414.0,0.21777777777777776,0.21777777777777776,0.6088888888888889,-0.21344444444444446,0.6534444444444438,small,False,0.1594565532119806,0.29288046781764354,0,Faster or stable,False,-2.0,-2.0,0.0,0.0,3.0,0.0,0.0,0.0,0.0,0.0,0.0,0.0,0.0,0.0
15/mutation_1~mutation_8,15,mutation_1,mutation_8,mut_mut,410.0,743.5,1.0,1.0,1.0,1.0,1.0,large,False,1.6664072604143877e-06,5.818996331048556e-06,1,Slower,True,-2.0,-2.0,0.0,0.0,0.0,0.0,1.0,0.0,0.0,0.0,0.0,0.0,0.0,0.0
15/mutation_2~mutation_3,15,mutation_2,mutation_3,mut_mut,411.0,400.5,-0.5377777777777778,0.5377777777777778,0.2311111111111111,-0.8577777777777778,-0.14666666666666667,large,False,0.9943223509370672,0.9999986384769016,0,Faster or stable,False,-1.0,-1.0,0.0,0.0,-1.0,0.0,0.0,0.0,0.0,0.0,0.0,1.0,0.0,0.0
15/mutation_2~mutation_4,15,mutation_2,mutation_4,mut_mut,411.0,405.5,-0.2577777777777778,0.2577777777777778,0.3711111111111111,-0.6711111111111111,0.14666666666666667,small,False,0.8895260601731234,0.9999986384769016,0,Faster or stable,False,0.0,-1.0,2.0,0.0,-1.0,0.0,0.0,1.0,1.0,1.0,0.0,0.0,0.0,0.0
15/mutation_2~mutation_6,15,mutation_2,mutation_6,mut_mut,411.0,403.5,-0.39555555555555555,0.39555555555555555,0.3022222222222222,-0.76,-0.008888888888888889,medium,False,0.9691167410693894,0.9999986384769016,0,Faster or stable,False,0.0,0.0,0.0,0.0,-1.0,0.0,0.0,0.0,0.0,0.0,0.0,0.0,0.0,0.0
15/mutation_2~mutation_7,15,mutation_2,mutation_7,mut_mut,411.0,414.0,0.21777777777777776,0.21777777777777776,0.6088888888888889,-0.22666666666666666,0.6355555555555555,small,False,0.15956443003804605,0.29288046781764354,0,Faster or stable,False,0.0,0.0,0.0,0.0,2.0,0.0,0.0,0.0,0.0,0.0,0.0,0.0,0.0,0.0
15/mutation_2~mutation_8,15,mutation_2,mutation_8,mut_mut,411.0,743.5,1.0,1.0,1.0,1.0,1.0,large,False,1.6832139963232752e-06,5.818996331048556e-06,1,Slower,True,0.0,0.0,0.0,0.0,-1.0,0.0,1.0,0.0,0.0,0.0,0.0,0.0,0.0,0.0
15/mutation_3~mutation_4,15,mutation_3,mutation_4,mut_mut,400.5,405.5,0.39555555555555555,0.39555555555555555,0.6977777777777778,0.0,0.7333333333333333,medium,True,0.03372227193393946,0.07085466125445707,1,Slower,False,1.0,0.0,2.0,0.0,0.0,0.0,0.0,1.0,1.0,1.0,0.0,-1.0,0.0,0.0
15/mutation_3~mutation_6,15,mutation_3,mutation_6,mut_mut,400.5,403.5,0.13777777777777778,0.13777777777777778,0.5688888888888889,-0.289,0.5555555555555556,negligible,False,0.2666640475744849,0.4613277224348359,0,Faster or stable,False,1.0,1.0,0.0,0.0,0.0,0.0,0.0,0.0,0.0,0.0,0.0,-1.0,0.0,0.0
15/mutation_3~mutation_7,15,mutation_3,mutation_7,mut_mut,400.5,414.0,0.88,0.88,0.94,0.7066666666666667,0.9955555555555555,large,False,2.1810910183531252e-05,6.339855239876182e-05,1,Slower,True,1.0,1.0,0.0,0.0,3.0,0.0,0.0,0.0,0.0,0.0,0.0,-1.0,0.0,0.0
15/mutation_3~mutation_8,15,mutation_3,mutation_8,mut_mut,400.5,743.5,1.0,1.0,1.0,1.0,1.0,large,False,1.6789992476286239e-06,5.818996331048556e-06,1,Slower,True,1.0,1.0,0.0,0.0,0.0,0.0,1.0,0.0,0.0,0.0,0.0,-1.0,0.0,0.0
15/mutation_4~mutation_6,15,mutation_4,mutation_6,mut_mut,405.5,403.5,-0.16,0.16,0.42,-0.5644444444444444,0.25333333333333335,small,False,0.7787647276968057,0.9999986384769016,0,Faster or stable,False,0.0,1.0,-2.0,0.0,0.0,0.0,0.0,-1.0,-1.0,-1.0,0.0,0.0,0.0,0.0
15/mutation_4~mutation_7,15,mutation_4,mutation_7,mut_mut,405.5,414.0,0.6622222222222223,0.6622222222222223,0.8311111111111111,0.31555555555555553,0.9377777777777778,large,False,0.0010676320839005738,0.0026801269282783558,1,Slower,True,0.0,1.0,-2.0,0.0,3.0,0.0,0.0,-1.0,-1.0,-1.0,0.0,0.0,0.0,0.0
15/mutation_4~mutation_8,15,mutation_4,mutation_8,mut_mut,405.5,743.5,1.0,1.0,1.0,1.0,1.0,large,False,1.6832139963232752e-06,5.818996331048556e-06,1,Slower,True,0.0,1.0,-2.0,0.0,0.0,0.0,1.0,-1.0,-1.0,-1.0,0.0,0.0,0.0,0.0
15/mutation_6~mutation_7,15,mutation_6,mutation_7,mut_mut,403.5,414.0,0.7644444444444445,0.7644444444444445,0.8822222222222222,0.48433333333333334,0.9555555555555556,large,False,0.00019440945404510052,0.0005193509700919114,1,Slower,True,0.0,0.0,0.0,0.0,3.0,0.0,0.0,0.0,0.0,0.0,0.0,0.0,0.0,0.0
15/mutation_6~mutation_8,15,mutation_6,mutation_8,mut_mut,403.5,743.5,1.0,1.0,1.0,1.0,1.0,large,False,1.6832139963232752e-06,5.818996331048556e-06,1,Slower,True,0.0,0.0,0.0,0.0,0.0,0.0,1.0,0.0,0.0,0.0,0.0,0.0,0.0,0.0
15/mutation_7~mutation_8,15,mutation_7,mutation_8,mut_mut,414.0,743.5,1.0,1.0,1.0,1.0,1.0,large,False,1.6832139963232752e-06,5.818996331048556e-06,1,Slower,True,0.0,0.0,0.0,0.0,-3.0,0.0,1.0,0.0,0.0,0.0,0.0,0.0,0.0,0.0
16/mutation_1,16,base,mutation_1,base_mut,1635.0,1644.0,0.19111111111111112,0.19111111111111112,0.5955555555555556,-0.26233333333333336,0.6444444444444445,small,False,0.19178693217207848,0.3597359405713562,0,Faster or stable,False,3.0,3.0,0.0,0.0,0.0,0.0,0.0,0.0,0.0,0.0,0.0,0.0,0.0,0.0
16/mutation_2,16,base,mutation_2,base_mut,1635.0,1630.0,-0.035555555555555556,0.035555555555555556,0.4822222222222222,-0.4668888888888889,0.39555555555555555,negligible,False,0.5740411222196824,0.802149100869153,0,Faster or stable,False,-3.0,0.0,0.0,0.0,1.0,0.0,0.0,0.0,0.0,0.0,0.0,-1.0,0.0,0.0
16/mutation_3,16,base,mutation_3,base_mut,1635.0,1661.5,0.6222222222222222,0.6222222222222222,0.8111111111111111,0.26666666666666666,0.8933333333333333,large,False,0.001969246960153652,0.006881999902852762,1,Slower,True,3.0,0.0,0.0,0.0,-3.0,0.0,0.0,0.0,0.0,0.0,0.0,5.0,0.0,0.0
16/mutation_4,16,base,mutation_4,base_mut,1635.0,1629.0,-0.08444444444444445,0.08444444444444445,0.4577777777777778,-0.4978888888888889,0.3423333333333327,negligible,False,0.6608825563199352,0.8672450936688477,0,Faster or stable,False,0.0,-1.0,2.0,0.0,0.0,0.0,0.0,0.0,0.0,0.0,0.0,0.0,0.0,0.0
16/mutation_5,16,base,mutation_5,base_mut,1635.0,1638.0,0.18666666666666668,0.18666666666666668,0.5933333333333334,-0.28888888888888886,0.6133333333333333,small,False,0.19744753718192254,0.3643750920627375,0,Faster or stable,False,-1.0,1.0,0.0,0.0,1.0,0.0,0.0,4.0,0.0,0.0,0.0,-1.0,0.0,0.0
16/mutation_7,16,base,mutation_7,base_mut,1635.0,3467.5,1.0,1.0,1.0,1.0,1.0,large,False,1.6916697063271091e-06,1.1490660221978891e-05,1,Slower,True,1.0,1.0,0.0,0.0,0.0,4.0,0.0,0.0,0.0,0.0,0.0,0.0,0.0,0.0
16/mutation_8,16,base,mutation_8,base_mut,1635.0,1671.5,0.6488888888888888,0.6488888888888888,0.8244444444444444,0.3333333333333333,0.9022222222222223,large,False,0.00131705458098614,0.004858468009859984,1,Slower,True,1.0,1.0,0.0,0.0,0.0,0.0,1.0,0.0,0.0,0.0,0.0,0.0,0.0,0.0
16/mutation_1~mutation_2,16,mutation_1,mutation_2,mut_mut,1644.0,1630.0,-0.2088888888888889,0.2088888888888889,0.39555555555555555,-0.6711111111111111,0.26222222222222225,small,False,0.8402739355516908,0.9999986384769016,0,Faster or stable,False,-6.0,-3.0,0.0,0.0,1.0,0.0,0.0,0.0,0.0,0.0,0.0,-1.0,0.0,0.0
16/mutation_1~mutation_3,16,mutation_1,mutation_3,mut_mut,1644.0,1661.5,0.68,0.68,0.8400000000000001,0.35988888888888887,0.92,large,False,0.0008040345334978269,0.002053322285223609,1,Slower,True,0.0,-3.0,0.0,0.0,-3.0,0.0,0.0,0.0,0.0,0.0,0.0,5.0,0.0,0.0
16/mutation_1~mutation_4,16,mutation_1,mutation_4,mut_mut,1644.0,1629.0,-0.4622222222222222,0.4622222222222222,0.2688888888888889,-0.8,-0.07111111111111111,medium,False,0.9853181161001757,0.9999986384769016,0,Faster or stable,False,-3.0,-4.0,2.0,0.0,0.0,0.0,0.0,0.0,0.0,0.0,0.0,0.0,0.0,0.0
16/mutation_1~mutation_5,16,mutation_1,mutation_5,mut_mut,1644.0,1638.0,-0.12,0.12,0.44,-0.5466666666666666,0.31566666666666604,negligible,False,0.7193852272170238,0.9999986384769016,0,Faster or stable,False,-4.0,-2.0,0.0,0.0,1.0,0.0,0.0,4.0,0.0,0.0,0.0,-1.0,0.0,0.0
16/mutation_1~mutation_7,16,mutation_1,mutation_7,mut_mut,1644.0,3467.5,1.0,1.0,1.0,1.0,1.0,large,False,1.6874374779290916e-06,5.818996331048556e-06,1,Slower,True,-2.0,-2.0,0.0,0.0,0.0,4.0,0.0,0.0,0.0,0.0,0.0,0.0,0.0,0.0
16/mutation_1~mutation_8,16,mutation_1,mutation_8,mut_mut,1644.0,1671.5,0.7155555555555555,0.7155555555555555,0.8577777777777778,0.38666666666666666,0.9733333333333334,large,False,0.0004523259825688434,0.0011736282502513237,1,Slower,True,-2.0,-2.0,0.0,0.0,0.0,0.0,1.0,0.0,0.0,0.0,0.0,0.0,0.0,0.0
16/mutation_2~mutation_3,16,mutation_2,mutation_3,mut_mut,1630.0,1661.5,0.5022222222222222,0.5022222222222222,0.7511111111111111,0.10222222222222223,0.84,large,False,0.010095707484602123,0.022837467334120128,1,Slower,True,6.0,0.0,0.0,0.0,-4.0,0.0,0.0,0.0,0.0,0.0,0.0,6.0,0.0,0.0
16/mutation_2~mutation_4,16,mutation_2,mutation_4,mut_mut,1630.0,1629.0,-0.0044444444444444444,0.0044444444444444444,0.49777777777777776,-0.4577777777777778,0.4311111111111111,negligible,False,0.5165426114134031,0.8038463286294184,0,Faster or stable,False,3.0,-1.0,2.0,0.0,-1.0,0.0,0.0,0.0,0.0,0.0,0.0,1.0,0.0,0.0
16/mutation_2~mutation_5,16,mutation_2,mutation_5,mut_mut,1630.0,1638.0,0.24888888888888888,0.24888888888888888,0.6244444444444445,-0.21788888888888888,0.6845555555555549,small,True,0.12692919941469832,0.23985496518296703,0,Faster or stable,False,2.0,1.0,0.0,0.0,0.0,0.0,0.0,4.0,0.0,0.0,0.0,0.0,0.0,0.0
16/mutation_2~mutation_7,16,mutation_2,mutation_7,mut_mut,1630.0,3467.5,1.0,1.0,1.0,1.0,1.0,large,False,1.6916697063271091e-06,5.818996331048556e-06,1,Slower,True,4.0,1.0,0.0,0.0,-1.0,4.0,0.0,0.0,0.0,0.0,0.0,1.0,0.0,0.0
16/mutation_2~mutation_8,16,mutation_2,mutation_8,mut_mut,1630.0,1671.5,0.5244444444444445,0.5244444444444445,0.7622222222222222,0.14644444444444446,0.8577777777777778,large,False,0.007617649605314602,0.017550313875077994,1,Slower,True,4.0,1.0,0.0,0.0,-1.0,0.0,1.0,0.0,0.0,0.0,0.0,1.0,0.0,0.0
16/mutation_3~mutation_4,16,mutation_3,mutation_4,mut_mut,1661.5,1629.0,-0.7555555555555555,0.7555555555555555,0.12222222222222223,-0.9733333333333334,-0.4666666666666667,large,False,0.9998050070639454,0.9999986384769016,0,Faster or stable,False,-3.0,-1.0,2.0,0.0,3.0,0.0,0.0,0.0,0.0,0.0,0.0,-5.0,0.0,0.0
16/mutation_3~mutation_5,16,mutation_3,mutation_5,mut_mut,1661.5,1638.0,-0.6133333333333333,0.6133333333333333,0.19333333333333336,-0.9111111111111111,-0.27111111111111114,large,False,0.9980347612771906,0.9999986384769016,0,Faster or stable,False,-4.0,1.0,0.0,0.0,4.0,0.0,0.0,4.0,0.0,0.0,0.0,-6.0,0.0,0.0
16/mutation_3~mutation_7,16,mutation_3,mutation_7,mut_mut,1661.5,3467.5,1.0,1.0,1.0,1.0,1.0,large,False,1.6916697063271091e-06,5.818996331048556e-06,1,Slower,True,-2.0,1.0,0.0,0.0,3.0,4.0,0.0,0.0,0.0,0.0,0.0,-5.0,0.0,0.0
16/mutation_3~mutation_8,16,mutation_3,mutation_8,mut_mut,1661.5,1671.5,0.04,0.04,0.52,-0.39555555555555555,0.4534444444444438,negligible,False,0.4340984665310614,0.6948285029781972,0,Faster or stable,False,-2.0,1.0,0.0,0.0,3.0,0.0,1.0,0.0,0.0,0.0,0.0,-5.0,0.0,0.0
16/mutation_4~mutation_5,16,mutation_4,mutation_5,mut_mut,1629.0,1638.0,0.3288888888888889,0.3288888888888889,0.6644444444444444,-0.07566666666666666,0.7155555555555555,small,True,0.06495524719546503,0.13069484083531918,0,Faster or stable,False,-1.0,2.0,-2.0,0.0,1.0,0.0,0.0,4.0,0.0,0.0,0.0,-1.0,0.0,0.0
16/mutation_4~mutation_7,16,mutation_4,mutation_7,mut_mut,1629.0,3467.5,1.0,1.0,1.0,1.0,1.0,large,False,1.6916697063271091e-06,5.818996331048556e-06,1,Slower,True,1.0,2.0,-2.0,0.0,0.0,4.0,0.0,0.0,0.0,0.0,0.0,0.0,0.0,0.0
16/mutation_4~mutation_8,16,mutation_4,mutation_8,mut_mut,1629.0,1671.5,0.7422222222222222,0.7422222222222222,0.8711111111111112,0.41333333333333333,0.9822222222222222,large,False,0.0002871758807772118,0.0007567340965744904,1,Slower,True,1.0,2.0,-2.0,0.0,0.0,0.0,1.0,0.0,0.0,0.0,0.0,0.0,0.0,0.0
16/mutation_5~mutation_7,16,mutation_5,mutation_7,mut_mut,1638.0,3467.5,1.0,1.0,1.0,1.0,1.0,large,False,1.6832139963232752e-06,5.818996331048556e-06,1,Slower,True,2.0,0.0,0.0,0.0,-1.0,4.0,0.0,-4.0,0.0,0.0,0.0,1.0,0.0,0.0
16/mutation_5~mutation_8,16,mutation_5,mutation_8,mut_mut,1638.0,1671.5,0.5955555555555555,0.5955555555555555,0.7977777777777777,0.22666666666666666,0.8933333333333333,large,False,0.0028970429244608246,0.00699028421773128,1,Slower,True,2.0,0.0,0.0,0.0,-1.0,0.0,1.0,-4.0,0.0,0.0,0.0,1.0,0.0,0.0
16/mutation_7~mutation_8,16,mutation_7,mutation_8,mut_mut,3467.5,1671.5,-1.0,1.0,0.0,-1.0,-1.0,large,False,0.9999986174776383,0.9999986384769016,0,Faster or stable,False,0.0,0.0,0.0,0.0,0.0,-4.0,1.0,0.0,0.0,0.0,0.0,0.0,0.0,0.0
17/mutation_1,17,base,mutation_1,base_mut,2190.0,2208.5,0.05333333333333334,0.05333333333333334,0.5266666666666666,-0.4311111111111111,0.52,negligible,False,0.4097530994793013,0.6478001382244192,0,Faster or stable,False,8.0,3.0,0.0,0.0,0.0,0.0,0.0,0.0,0.0,0.0,8.0,0.0,0.0,0.0
17/mutation_2,17,base,mutation_2,base_mut,2190.0,2188.0,-0.32,0.32,0.33999999999999997,-0.6888888888888889,0.08888888888888889,small,False,0.9350020310284242,0.999998645417628,0,Faster or stable,False,0.0,0.0,0.0,0.0,0.0,0.0,0.0,0.0,0.0,0.0,0.0,0.0,0.0,0.0
17/mutation_3,17,base,mutation_3,base_mut,2190.0,2184.0,-0.3688888888888889,0.3688888888888889,0.3155555555555556,-0.7112222222222222,0.07555555555555556,medium,False,0.9592865789195894,0.999998645417628,0,Faster or stable,False,0.0,0.0,0.0,0.0,0.0,0.0,0.0,0.0,0.0,0.0,0.0,16.0,0.0,0.0
17/mutation_4,17,base,mutation_4,base_mut,2190.0,2196.5,-0.04888888888888889,0.04888888888888889,0.47555555555555556,-0.47555555555555556,0.39566666666666606,negligible,False,0.5983008498358485,0.8140960695322325,0,Faster or stable,False,0.0,0.0,0.0,0.0,0.0,0.0,0.0,0.0,0.0,0.0,0.0,0.0,0.0,0.0
17/mutation_5,17,base,mutation_5,base_mut,2190.0,1886.0,-1.0,1.0,0.0,-1.0,-1.0,large,False,0.9999986174776383,0.999998645417628,0,Faster or stable,False,19.0,7.0,0.0,0.0,2.0,-5.0,0.0,3.0,0.0,0.0,2.0,-52.0,-69.0,-7.0
17/mutation_6,17,base,mutation_6,base_mut,2190.0,2190.5,-0.16,0.16,0.42,-0.5512222222222222,0.28,small,False,0.7785869394306343,0.9646754245873179,0,Faster or stable,False,71.0,7.0,0.0,0.0,0.0,-5.0,0.0,0.0,0.0,0.0,62.0,0.0,-69.0,-7.0
17/mutation_7,17,base,mutation_7,base_mut,2190.0,2344.0,0.9733333333333334,0.9733333333333334,0.9866666666666667,0.8933333333333333,1.0,large,False,3.0758193705482895e-06,1.9637923673500616e-05,1,Slower,True,0.0,0.0,0.0,0.0,0.0,0.0,0.0,0.0,0.0,0.0,0.0,24.0,24.0,0.0
17/mutation_8,17,base,mutation_8,base_mut,2190.0,2261.0,0.6533333333333333,0.6533333333333333,0.8266666666666667,0.27111111111111114,0.9644444444444444,large,False,0.0012313021003772264,0.004698762038221139,1,Slower,True,1.0,1.0,0.0,0.0,0.0,0.0,1.0,0.0,0.0,0.0,0.0,0.0,0.0,0.0
17/mutation_1~mutation_2,17,mutation_1,mutation_2,mut_mut,2208.5,2188.0,-0.37333333333333335,0.37333333333333335,0.31333333333333335,-0.7466666666666667,0.053444444444443844,medium,False,0.9610674766901757,0.9999986384769016,0,Faster or stable,False,-8.0,-3.0,0.0,0.0,0.0,0.0,0.0,0.0,0.0,0.0,-8.0,0.0,0.0,0.0
17/mutation_1~mutation_3,17,mutation_1,mutation_3,mut_mut,2208.5,2184.0,-0.5333333333333333,0.5333333333333333,0.23333333333333334,-0.8667777777777778,-0.13322222222222282,large,False,0.9939631266436869,0.9999986384769016,0,Faster or stable,False,-8.0,-3.0,0.0,0.0,0.0,0.0,0.0,0.0,0.0,0.0,-8.0,16.0,0.0,0.0
17/mutation_1~mutation_4,17,mutation_1,mutation_4,mut_mut,2208.5,2196.5,-0.2,0.2,0.4,-0.6311111111111111,0.21788888888888827,small,False,0.8300914216255388,0.9999986384769016,0,Faster or stable,False,-8.0,-3.0,0.0,0.0,0.0,0.0,0.0,0.0,0.0,0.0,-8.0,0.0,0.0,0.0
17/mutation_1~mutation_5,17,mutation_1,mutation_5,mut_mut,2208.5,1886.0,-1.0,1.0,0.0,-1.0,-1.0,large,False,0.9999986209960322,0.9999986384769016,0,Faster or stable,False,11.0,4.0,0.0,0.0,2.0,-5.0,0.0,3.0,0.0,0.0,-6.0,-52.0,-69.0,-7.0
17/mutation_1~mutation_6,17,mutation_1,mutation_6,mut_mut,2208.5,2190.5,-0.36,0.36,0.32,-0.7688888888888888,0.0491111111111099,medium,False,0.9555087839521296,0.9999986384769016,0,Faster or stable,False,63.0,4.0,0.0,0.0,0.0,-5.0,0.0,0.0,0.0,0.0,54.0,0.0,-69.0,-7.0
17/mutation_1~mutation_7,17,mutation_1,mutation_7,mut_mut,2208.5,2344.0,1.0,1.0,1.0,1.0,1.0,large,False,1.6916697063271091e-06,5.818996331048556e-06,1,Slower,True,-8.0,-3.0,0.0,0.0,0.0,0.0,0.0,0.0,0.0,0.0,-8.0,24.0,24.0,0.0
17/mutation_1~mutation_8,17,mutation_1,mutation_8,mut_mut,2208.5,2261.0,0.9466666666666667,0.9466666666666667,0.9733333333333334,0.8133333333333334,1.0,large,False,5.483715505496502e-06,1.7419786592215134e-05,1,Slower,True,-7.0,-2.0,0.0,0.0,0.0,0.0,1.0,0.0,0.0,0.0,-8.0,0.0,0.0,0.0
17/mutation_2~mutation_3,17,mutation_2,mutation_3,mut_mut,2188.0,2184.0,-0.017777777777777778,0.017777777777777778,0.4911111111111111,-0.449,0.40455555555555495,negligible,False,0.5413081075370927,0.8365670752845978,0,Faster or stable,False,0.0,0.0,0.0,0.0,0.0,0.0,0.0,0.0,0.0,0.0,0.0,16.0,0.0,0.0
17/mutation_2~mutation_4,17,mutation_2,mutation_4,mut_mut,2188.0,2196.5,0.24444444444444444,0.24444444444444444,0.6222222222222222,-0.18666666666666668,0.6622222222222223,small,True,0.13129686140664332,0.24690863665634452,0,Faster or stable,False,0.0,0.0,0.0,0.0,0.0,0.0,0.0,0.0,0.0,0.0,0.0,0.0,0.0,0.0
17/mutation_2~mutation_5,17,mutation_2,mutation_5,mut_mut,2188.0,1886.0,-1.0,1.0,0.0,-1.0,-1.0,large,False,0.9999986174776383,0.9999986384769016,0,Faster or stable,False,19.0,7.0,0.0,0.0,2.0,-5.0,0.0,3.0,0.0,0.0,2.0,-52.0,-69.0,-7.0
17/mutation_2~mutation_6,17,mutation_2,mutation_6,mut_mut,2188.0,2190.5,0.12444444444444444,0.12444444444444444,0.5622222222222222,-0.31555555555555553,0.5377777777777778,negligible,False,0.287734189888348,0.4921307333151318,0,Faster or stable,False,71.0,7.0,0.0,0.0,0.0,-5.0,0.0,0.0,0.0,0.0,62.0,0.0,-69.0,-7.0
17/mutation_2~mutation_7,17,mutation_2,mutation_7,mut_mut,2188.0,2344.0,1.0,1.0,1.0,1.0,1.0,large,False,1.6959106954125473e-06,5.818996331048556e-06,1,Slower,True,0.0,0.0,0.0,0.0,0.0,0.0,0.0,0.0,0.0,0.0,0.0,24.0,24.0,0.0
17/mutation_2~mutation_8,17,mutation_2,mutation_8,mut_mut,2188.0,2261.0,0.8933333333333333,0.8933333333333333,0.9466666666666667,0.6533333333333333,1.0,large,False,1.6783775420770323e-05,5.02170560589448e-05,1,Slower,True,1.0,1.0,0.0,0.0,0.0,0.0,1.0,0.0,0.0,0.0,0.0,0.0,0.0,0.0
17/mutation_3~mutation_4,17,mutation_3,mutation_4,mut_mut,2184.0,2196.5,0.37333333333333335,0.37333333333333335,0.6866666666666666,-0.03111111111111111,0.7244444444444444,medium,True,0.04255986470007607,0.088103631353294,1,Slower,False,0.0,0.0,0.0,0.0,0.0,0.0,0.0,0.0,0.0,0.0,0.0,-16.0,0.0,0.0
17/mutation_3~mutation_5,17,mutation_3,mutation_5,mut_mut,2184.0,1886.0,-1.0,1.0,0.0,-1.0,-1.0,large,False,0.9999986174776383,0.9999986384769016,0,Faster or stable,False,19.0,7.0,0.0,0.0,2.0,-5.0,0.0,3.0,0.0,0.0,2.0,-68.0,-69.0,-7.0
17/mutation_3~mutation_6,17,mutation_3,mutation_6,mut_mut,2184.0,2190.5,0.20444444444444446,0.20444444444444446,0.6022222222222222,-0.2222222222222222,0.6133333333333333,small,False,0.1752633601226372,0.31871230155202424,0,Faster or stable,False,71.0,7.0,0.0,0.0,0.0,-5.0,0.0,0.0,0.0,0.0,62.0,-16.0,-69.0,-7.0
17/mutation_3~mutation_7,17,mutation_3,mutation_7,mut_mut,2184.0,2344.0,1.0,1.0,1.0,1.0,1.0,large,False,1.6959106954125473e-06,5.818996331048556e-06,1,Slower,True,0.0,0.0,0.0,0.0,0.0,0.0,0.0,0.0,0.0,0.0,0.0,8.0,24.0,0.0
17/mutation_3~mutation_8,17,mutation_3,mutation_8,mut_mut,2184.0,2261.0,0.9866666666666667,0.9866666666666667,0.9933333333333334,0.9377777777777778,1.0,large,False,2.2826073631033872e-06,7.577175921307694e-06,1,Slower,True,1.0,1.0,0.0,0.0,0.0,0.0,1.0,0.0,0.0,0.0,0.0,-16.0,0.0,0.0
17/mutation_4~mutation_5,17,mutation_4,mutation_5,mut_mut,2196.5,1886.0,-1.0,1.0,0.0,-1.0,-1.0,large,False,0.9999986209960322,0.9999986384769016,0,Faster or stable,False,19.0,7.0,0.0,0.0,2.0,-5.0,0.0,3.0,0.0,0.0,2.0,-52.0,-69.0,-7.0
17/mutation_4~mutation_6,17,mutation_4,mutation_6,mut_mut,2196.5,2190.5,-0.1288888888888889,0.1288888888888889,0.4355555555555556,-0.5201111111111111,0.29333333333333333,negligible,False,0.7331535723171048,0.9999986384769016,0,Faster or stable,False,71.0,7.0,0.0,0.0,0.0,-5.0,0.0,0.0,0.0,0.0,62.0,0.0,-69.0,-7.0
17/mutation_4~mutation_7,17,mutation_4,mutation_7,mut_mut,2196.5,2344.0,1.0,1.0,1.0,1.0,1.0,large,False,1.6916697063271091e-06,5.818996331048556e-06,1,Slower,True,0.0,0.0,0.0,0.0,0.0,0.0,0.0,0.0,0.0,0.0,0.0,24.0,24.0,0.0
17/mutation_4~mutation_8,17,mutation_4,mutation_8,mut_mut,2196.5,2261.0,0.92,0.92,0.96,0.7155555555555555,1.0,large,False,9.655304855002441e-06,2.974349409741981e-05,1,Slower,True,1.0,1.0,0.0,0.0,0.0,0.0,1.0,0.0,0.0,0.0,0.0,0.0,0.0,0.0
17/mutation_5~mutation_6,17,mutation_5,mutation_6,mut_mut,1886.0,2190.5,1.0,1.0,1.0,1.0,1.0,large,False,1.6916697063271091e-06,5.818996331048556e-06,1,Slower,True,52.0,0.0,0.0,0.0,-2.0,0.0,0.0,-3.0,0.0,0.0,60.0,52.0,0.0,0.0
17/mutation_5~mutation_7,17,mutation_5,mutation_7,mut_mut,1886.0,2344.0,1.0,1.0,1.0,1.0,1.0,large,False,1.6916697063271091e-06,5.818996331048556e-06,1,Slower,True,-19.0,-7.0,0.0,0.0,-2.0,5.0,0.0,-3.0,0.0,0.0,-2.0,76.0,93.0,7.0
17/mutation_5~mutation_8,17,mutation_5,mutation_8,mut_mut,1886.0,2261.0,1.0,1.0,1.0,1.0,1.0,large,False,1.6916697063271091e-06,5.818996331048556e-06,1,Slower,True,-18.0,-6.0,0.0,0.0,-2.0,5.0,1.0,-3.0,0.0,0.0,-2.0,52.0,69.0,7.0
17/mutation_6~mutation_7,17,mutation_6,mutation_7,mut_mut,2190.5,2344.0,1.0,1.0,1.0,1.0,1.0,large,False,1.6959106954125473e-06,5.818996331048556e-06,1,Slower,True,-71.0,-7.0,0.0,0.0,0.0,5.0,0.0,0.0,0.0,0.0,-62.0,24.0,93.0,7.0
17/mutation_6~mutation_8,17,mutation_6,mutation_8,mut_mut,2190.5,2261.0,0.9555555555555556,0.9555555555555556,0.9777777777777779,0.84,1.0,large,False,4.536700428159617e-06,1.4501931283176896e-05,1,Slower,True,-70.0,-6.0,0.0,0.0,0.0,5.0,1.0,0.0,0.0,0.0,-62.0,0.0,69.0,7.0
17/mutation_7~mutation_8,17,mutation_7,mutation_8,mut_mut,2344.0,2261.0,-0.9822222222222222,0.9822222222222222,0.00888888888888889,-1.0,-0.92,large,False,0.9999979283899513,0.9999986384769016,0,Faster or stable,False,1.0,1.0,0.0,0.0,0.0,0.0,1.0,0.0,0.0,0.0,0.0,-24.0,-24.0,0.0
18/mutation_1,18,base,mutation_1,base_mut,1042.0,1063.0,0.7733333333333333,0.7733333333333333,0.8866666666666667,0.48444444444444446,0.9822222222222222,large,False,0.00016594212039430003,0.0007345704529454348,1,Slower,True,0.0,0.0,0.0,0.0,0.0,0.0,0.0,0.0,0.0,0.0,3.0,0.0,3.0,0.0
18/mutation_2,18,base,mutation_2,base_mut,1042.0,1045.5,0.057777777777777775,0.057777777777777775,0.5288888888888889,-0.3556666666666667,0.48455555555555496,negligible,False,0.4016562517615353,0.641190747650078,0,Faster or stable,False,0.0,0.0,0.0,0.0,1.0,0.0,0.0,0.0,0.0,0.0,-1.0,0.0,-1.0,0.0
18/mutation_3,18,base,mutation_3,base_mut,1042.0,1044.5,0.07111111111111111,0.07111111111111111,0.5355555555555556,-0.3511111111111111,0.5111111111111111,negligible,False,0.377709669544534,0.6119189086982176,0,Faster or stable,False,0.0,0.0,0.0,0.0,0.0,0.0,0.0,0.0,0.0,0.0,0.0,8.0,0.0,0.0
18/mutation_4,18,base,mutation_4,base_mut,1042.0,576.0,-1.0,1.0,0.0,-1.0,-1.0,large,False,0.9999986245070034,0.999998645417628,0,Faster or stable,False,1.0,1.0,0.0,0.0,0.0,-2.0,0.0,-2.0,-1.0,-1.0,-25.0,-17.0,-28.0,-16.0
18/mutation_5,18,base,mutation_5,base_mut,1042.0,1048.0,0.28,0.28,0.64,-0.1291111111111111,0.7068888888888877,small,True,0.09895308947498033,0.19614268823538902,0,Faster or stable,False,32.0,19.0,0.0,0.0,0.0,-2.0,0.0,4.0,0.0,-1.0,-23.0,0.0,-28.0,-16.0
18/mutation_6,18,base,mutation_6,base_mut,1042.0,1035.5,-0.32,0.32,0.33999999999999997,-0.7244444444444444,0.1111111111111111,small,False,0.9351302165083524,0.999998645417628,0,Faster or stable,False,28.0,15.0,0.0,0.0,0.0,0.0,0.0,0.0,0.0,0.0,0.0,0.0,-28.0,-16.0
18/mutation_7,18,base,mutation_7,base_mut,1042.0,1511.5,1.0,1.0,1.0,1.0,1.0,large,False,1.6789992476286239e-06,1.1490660221978891e-05,1,Slower,True,0.0,0.0,0.0,0.0,0.0,3.0,0.0,0.0,0.0,0.0,0.0,0.0,0.0,0.0
18/mutation_8,18,base,mutation_8,base_mut,1042.0,1096.0,0.96,0.96,0.98,0.8533333333333334,1.0,large,False,4.0812361263317845e-06,2.509204433226208e-05,1,Slower,True,1.0,1.0,0.0,0.0,0.0,0.0,1.0,0.0,0.0,0.0,0.0,0.0,0.0,0.0
18/mutation_1~mutation_2,18,mutation_1,mutation_2,mut_mut,1063.0,1045.5,-0.8533333333333334,0.8533333333333334,0.0733333333333333,-0.9822222222222222,-0.6355555555555555,large,False,0.9999687382735568,0.9999986384769016,0,Faster or stable,False,0.0,0.0,0.0,0.0,1.0,0.0,0.0,0.0,0.0,0.0,-4.0,0.0,-4.0,0.0
18/mutation_1~mutation_3,18,mutation_1,mutation_3,mut_mut,1063.0,1044.5,-0.88,0.88,0.06,-1.0,-0.6975555555555568,large,False,0.9999818843114298,0.9999986384769016,0,Faster or stable,False,0.0,0.0,0.0,0.0,0.0,0.0,0.0,0.0,0.0,0.0,-3.0,8.0,-3.0,0.0
18/mutation_1~mutation_4,18,mutation_1,mutation_4,mut_mut,1063.0,576.0,-1.0,1.0,0.0,-1.0,-1.0,large,False,0.9999986174776383,0.9999986384769016,0,Faster or stable,False,1.0,1.0,0.0,0.0,0.0,-2.0,0.0,-2.0,-1.0,-1.0,-28.0,-17.0,-31.0,-16.0
18/mutation_1~mutation_5,18,mutation_1,mutation_5,mut_mut,1063.0,1048.0,-0.7688888888888888,0.7688888888888888,0.11555555555555558,-0.9644444444444444,-0.49766666666666726,large,False,0.9998507779541649,0.9999986384769016,0,Faster or stable,False,32.0,19.0,0.0,0.0,0.0,-2.0,0.0,4.0,0.0,-1.0,-26.0,0.0,-31.0,-16.0
18/mutation_1~mutation_6,18,mutation_1,mutation_6,mut_mut,1063.0,1035.5,-0.8133333333333334,0.8133333333333334,0.09333333333333332,-0.9911111111111112,-0.5553333333333346,large,False,0.9999329914402347,0.9999986384769016,0,Faster or stable,False,28.0,15.0,0.0,0.0,0.0,0.0,0.0,0.0,0.0,0.0,-3.0,0.0,-31.0,-16.0
18/mutation_1~mutation_7,18,mutation_1,mutation_7,mut_mut,1063.0,1511.5,1.0,1.0,1.0,1.0,1.0,large,False,1.6874374779290916e-06,5.818996331048556e-06,1,Slower,True,0.0,0.0,0.0,0.0,0.0,3.0,0.0,0.0,0.0,0.0,-3.0,0.0,-3.0,0.0
18/mutation_1~mutation_8,18,mutation_1,mutation_8,mut_mut,1063.0,1096.0,0.7066666666666667,0.7066666666666667,0.8533333333333333,0.37777777777777777,0.9955555555555555,large,False,0.0005229837488307921,0.0013506816496063037,1,Slower,True,1.0,1.0,0.0,0.0,0.0,0.0,1.0,0.0,0.0,0.0,-3.0,0.0,-3.0,0.0
18/mutation_2~mutation_3,18,mutation_2,mutation_3,mut_mut,1045.5,1044.5,-0.02666666666666667,0.02666666666666667,0.4866666666666667,-0.44,0.40444444444444444,negligible,False,0.5577576269787207,0.8537572407505111,0,Faster or stable,False,0.0,0.0,0.0,0.0,-1.0,0.0,0.0,0.0,0.0,0.0,1.0,8.0,1.0,0.0
18/mutation_2~mutation_4,18,mutation_2,mutation_4,mut_mut,1045.5,576.0,-1.0,1.0,0.0,-1.0,-1.0,large,False,0.9999986174776383,0.9999986384769016,0,Faster or stable,False,1.0,1.0,0.0,0.0,-1.0,-2.0,0.0,-2.0,-1.0,-1.0,-24.0,-17.0,-27.0,-16.0
18/mutation_2~mutation_5,18,mutation_2,mutation_5,mut_mut,1045.5,1048.0,0.24444444444444444,0.24444444444444444,0.6222222222222222,-0.16,0.6355555555555555,small,True,0.13084458139122368,0.24673549633773606,0,Faster or stable,False,32.0,19.0,0.0,0.0,-1.0,-2.0,0.0,4.0,0.0,-1.0,-22.0,0.0,-27.0,-16.0
18/mutation_2~mutation_6,18,mutation_2,mutation_6,mut_mut,1045.5,1035.5,-0.3244444444444444,0.3244444444444444,0.3377777777777778,-0.729,0.1288888888888889,small,False,0.9377166914632393,0.9999986384769016,0,Faster or stable,False,28.0,15.0,0.0,0.0,-1.0,0.0,0.0,0.0,0.0,0.0,1.0,0.0,-27.0,-16.0
18/mutation_2~mutation_7,18,mutation_2,mutation_7,mut_mut,1045.5,1511.5,1.0,1.0,1.0,1.0,1.0,large,False,1.6874374779290916e-06,5.818996331048556e-06,1,Slower,True,0.0,0.0,0.0,0.0,-1.0,3.0,0.0,0.0,0.0,0.0,1.0,0.0,1.0,0.0
18/mutation_2~mutation_8,18,mutation_2,mutation_8,mut_mut,1045.5,1096.0,1.0,1.0,1.0,1.0,1.0,large,False,1.6916697063271091e-06,5.818996331048556e-06,1,Slower,True,1.0,1.0,0.0,0.0,-1.0,0.0,1.0,0.0,0.0,0.0,1.0,0.0,1.0,0.0
18/mutation_3~mutation_4,18,mutation_3,mutation_4,mut_mut,1044.5,576.0,-1.0,1.0,0.0,-1.0,-1.0,large,False,0.9999986384769016,0.9999986384769016,0,Faster or stable,False,1.0,1.0,0.0,0.0,0.0,-2.0,0.0,-2.0,-1.0,-1.0,-25.0,-25.0,-28.0,-16.0
18/mutation_3~mutation_5,18,mutation_3,mutation_5,mut_mut,1044.5,1048.0,0.3022222222222222,0.3022222222222222,0.6511111111111111,-0.12,0.6713333333333321,small,True,0.08186783919667318,0.16171780911737202,0,Faster or stable,False,32.0,19.0,0.0,0.0,0.0,-2.0,0.0,4.0,0.0,-1.0,-23.0,-8.0,-28.0,-16.0
18/mutation_3~mutation_6,18,mutation_3,mutation_6,mut_mut,1044.5,1035.5,-0.3333333333333333,0.3333333333333333,0.33333333333333337,-0.7688888888888888,0.12444444444444444,medium,False,0.9427689528913534,0.9999986384769016,0,Faster or stable,False,28.0,15.0,0.0,0.0,0.0,0.0,0.0,0.0,0.0,0.0,0.0,-8.0,-28.0,-16.0
18/mutation_3~mutation_7,18,mutation_3,mutation_7,mut_mut,1044.5,1511.5,1.0,1.0,1.0,1.0,1.0,large,False,1.6622273048380918e-06,5.818996331048556e-06,1,Slower,True,0.0,0.0,0.0,0.0,0.0,3.0,0.0,0.0,0.0,0.0,0.0,-8.0,0.0,0.0
18/mutation_3~mutation_8,18,mutation_3,mutation_8,mut_mut,1044.5,1096.0,1.0,1.0,1.0,1.0,1.0,large,False,1.6664072604143877e-06,5.818996331048556e-06,1,Slower,True,1.0,1.0,0.0,0.0,0.0,0.0,1.0,0.0,0.0,0.0,0.0,-8.0,0.0,0.0
18/mutation_4~mutation_5,18,mutation_4,mutation_5,mut_mut,576.0,1048.0,1.0,1.0,1.0,1.0,1.0,large,False,1.6497393652536303e-06,5.818996331048556e-06,1,Slower,True,31.0,18.0,0.0,0.0,0.0,0.0,0.0,6.0,1.0,0.0,2.0,17.0,0.0,0.0
18/mutation_4~mutation_6,18,mutation_4,mutation_6,mut_mut,576.0,1035.5,1.0,1.0,1.0,1.0,1.0,large,False,1.6747932179783085e-06,5.818996331048556e-06,1,Slower,True,27.0,14.0,0.0,0.0,0.0,2.0,0.0,2.0,1.0,1.0,25.0,17.0,0.0,0.0
18/mutation_4~mutation_7,18,mutation_4,mutation_7,mut_mut,576.0,1511.5,1.0,1.0,1.0,1.0,1.0,large,False,1.6832139963232752e-06,5.818996331048556e-06,1,Slower,True,-1.0,-1.0,0.0,0.0,0.0,5.0,0.0,2.0,1.0,1.0,25.0,17.0,28.0,16.0
18/mutation_4~mutation_8,18,mutation_4,mutation_8,mut_mut,576.0,1096.0,1.0,1.0,1.0,1.0,1.0,large,False,1.6874374779290916e-06,5.818996331048556e-06,1,Slower,True,0.0,0.0,0.0,0.0,0.0,2.0,1.0,2.0,1.0,1.0,25.0,17.0,28.0,16.0
18/mutation_5~mutation_6,18,mutation_5,mutation_6,mut_mut,1048.0,1035.5,-0.4222222222222222,0.4222222222222222,0.28888888888888886,-0.7866666666666666,0.008888888888888889,medium,False,0.9772183493334331,0.9999986384769016,0,Faster or stable,False,-4.0,-4.0,0.0,0.0,0.0,2.0,0.0,-4.0,0.0,1.0,23.0,0.0,0.0,0.0
18/mutation_5~mutation_7,18,mutation_5,mutation_7,mut_mut,1048.0,1511.5,1.0,1.0,1.0,1.0,1.0,large,False,1.6455939818346066e-06,5.818996331048556e-06,1,Slower,True,-32.0,-19.0,0.0,0.0,0.0,5.0,0.0,-4.0,0.0,1.0,23.0,0.0,28.0,16.0
18/mutation_5~mutation_8,18,mutation_5,mutation_8,mut_mut,1048.0,1096.0,1.0,1.0,1.0,1.0,1.0,large,False,1.6497393652536303e-06,5.818996331048556e-06,1,Slower,True,-31.0,-18.0,0.0,0.0,0.0,2.0,1.0,-4.0,0.0,1.0,23.0,0.0,28.0,16.0
18/mutation_6~mutation_7,18,mutation_6,mutation_7,mut_mut,1035.5,1511.5,1.0,1.0,1.0,1.0,1.0,large,False,1.6705958935197095e-06,5.818996331048556e-06,1,Slower,True,-28.0,-15.0,0.0,0.0,0.0,3.0,0.0,0.0,0.0,0.0,0.0,0.0,28.0,16.0
18/mutation_6~mutation_8,18,mutation_6,mutation_8,mut_mut,1035.5,1096.0,1.0,1.0,1.0,1.0,1.0,large,False,1.6747932179783085e-06,5.818996331048556e-06,1,Slower,True,-27.0,-14.0,0.0,0.0,0.0,0.0,1.0,0.0,0.0,0.0,0.0,0.0,28.0,16.0
18/mutation_7~mutation_8,18,mutation_7,mutation_8,mut_mut,1511.5,1096.0,-1.0,1.0,0.0,-1.0,-1.0,large,False,0.9999986245070034,0.9999986384769016,0,Faster or stable,False,1.0,1.0,0.0,0.0,0.0,-3.0,1.0,0.0,0.0,0.0,0.0,0.0,0.0,0.0
19/mutation_1,19,base,mutation_1,base_mut,1276.5,1306.0,0.9422222222222222,0.9422222222222222,0.971111111111111,0.8,1.0,large,False,5.95176132896855e-06,3.4666399319606295e-05,1,Slower,True,7.0,7.0,0.0,0.0,0.0,0.0,0.0,0.0,0.0,0.0,0.0,0.0,0.0,0.0
19/mutation_2,19,base,mutation_2,base_mut,1276.5,1275.0,-0.16,0.16,0.42,-0.5644444444444444,0.27555555555555555,small,False,0.7787138969560278,0.9646754245873179,0,Faster or stable,False,0.0,0.0,0.0,0.0,0.0,0.0,0.0,0.0,0.0,0.0,0.0,-1.0,0.0,0.0
19/mutation_3,19,base,mutation_3,base_mut,1276.5,1278.5,-0.0044444444444444444,0.0044444444444444444,0.49777777777777776,-0.4488888888888889,0.4177777777777778,negligible,False,0.5165573435295903,0.7488953626717204,0,Faster or stable,False,0.0,0.0,0.0,0.0,0.0,0.0,0.0,0.0,0.0,0.0,0.0,0.0,0.0,0.0
19/mutation_4,19,base,mutation_4,base_mut,1276.5,1301.5,0.8844444444444445,0.8844444444444445,0.9422222222222223,0.6711111111111111,1.0,large,False,2.0020534703705762e-05,0.00010225873110200482,1,Slower,True,1.0,1.0,2.0,0.0,0.0,0.0,0.0,0.0,1.0,1.0,1.0,0.0,0.0,0.0
19/mutation_5,19,base,mutation_5,base_mut,1276.5,1280.5,0.022222222222222223,0.022222222222222223,0.5111111111111111,-0.37777777777777777,0.44,negligible,False,0.4669321976334132,0.7046431346104236,0,Faster or stable,False,3.0,1.0,0.0,0.0,0.0,0.0,0.0,3.0,0.0,0.0,0.0,0.0,0.0,0.0
19/mutation_6,19,base,mutation_6,base_mut,1276.5,1269.5,-0.22666666666666666,0.22666666666666666,0.38666666666666666,-0.6444444444444445,0.2401111111111105,small,False,0.8596860565220943,0.999998645417628,0,Faster or stable,False,0.0,0.0,0.0,0.0,0.0,0.0,0.0,0.0,0.0,0.0,0.0,0.0,0.0,0.0
19/mutation_7,19,base,mutation_7,base_mut,1276.5,2354.0,1.0,1.0,1.0,1.0,1.0,large,False,1.6874374779290916e-06,1.1490660221978891e-05,1,Slower,True,5.0,1.0,0.0,0.0,0.0,0.0,0.0,0.0,0.0,0.0,0.0,0.0,0.0,0.0
19/mutation_8,19,base,mutation_8,base_mut,1276.5,1324.5,1.0,1.0,1.0,1.0,1.0,large,False,1.6832139963232752e-06,1.1490660221978891e-05,1,Slower,True,1.0,1.0,0.0,0.0,0.0,0.0,1.0,0.0,0.0,0.0,0.0,0.0,0.0,0.0
19/mutation_1~mutation_2,19,mutation_1,mutation_2,mut_mut,1306.0,1275.0,-0.9244444444444444,0.9244444444444444,0.0377777777777778,-1.0,-0.7777777777777778,large,False,0.9999927737243135,0.9999986384769016,0,Faster or stable,False,-7.0,-7.0,0.0,0.0,0.0,0.0,0.0,0.0,0.0,0.0,0.0,-1.0,0.0,0.0
19/mutation_1~mutation_3,19,mutation_1,mutation_3,mut_mut,1306.0,1278.5,-0.84,0.84,0.08000000000000002,-1.0,-0.5555555555555556,large,False,0.9999597001391528,0.9999986384769016,0,Faster or stable,False,-7.0,-7.0,0.0,0.0,0.0,0.0,0.0,0.0,0.0,0.0,0.0,0.0,0.0,0.0
19/mutation_1~mutation_4,19,mutation_1,mutation_4,mut_mut,1306.0,1301.5,-0.12,0.12,0.44,-0.5333333333333333,0.3333333333333333,negligible,False,0.7194070335089617,0.9999986384769016,0,Faster or stable,False,-6.0,-6.0,2.0,0.0,0.0,0.0,0.0,0.0,1.0,1.0,1.0,0.0,0.0,0.0
19/mutation_1~mutation_5,19,mutation_1,mutation_5,mut_mut,1306.0,1280.5,-0.8711111111111111,0.8711111111111111,0.06444444444444447,-1.0,-0.5955555555555555,large,False,0.9999782744966933,0.9999986384769016,0,Faster or stable,False,-4.0,-6.0,0.0,0.0,0.0,0.0,0.0,3.0,0.0,0.0,0.0,0.0,0.0,0.0
19/mutation_1~mutation_6,19,mutation_1,mutation_6,mut_mut,1306.0,1269.5,-0.8222222222222222,0.8222222222222222,0.0888888888888889,-1.0,-0.5288888888888889,large,False,0.9999431154238662,0.9999986384769016,0,Faster or stable,False,-7.0,-7.0,0.0,0.0,0.0,0.0,0.0,0.0,0.0,0.0,0.0,0.0,0.0,0.0
19/mutation_1~mutation_7,19,mutation_1,mutation_7,mut_mut,1306.0,2354.0,1.0,1.0,1.0,1.0,1.0,large,False,1.6789992476286239e-06,5.818996331048556e-06,1,Slower,True,-2.0,-6.0,0.0,0.0,0.0,0.0,0.0,0.0,0.0,0.0,0.0,0.0,0.0,0.0
19/mutation_1~mutation_8,19,mutation_1,mutation_8,mut_mut,1306.0,1324.5,0.8933333333333333,0.8933333333333333,0.9466666666666667,0.6266666666666667,1.0,large,False,1.6615369780246865e-05,5.008073892638384e-05,1,Slower,True,-6.0,-6.0,0.0,0.0,0.0,0.0,1.0,0.0,0.0,0.0,0.0,0.0,0.0,0.0
19/mutation_2~mutation_3,19,mutation_2,mutation_3,mut_mut,1275.0,1278.5,0.09777777777777778,0.09777777777777778,0.5488888888888889,-0.3377777777777778,0.520222222222221,negligible,False,0.3315574500705384,0.5585697582269431,0,Faster or stable,False,0.0,0.0,0.0,0.0,0.0,0.0,0.0,0.0,0.0,0.0,0.0,1.0,0.0,0.0
19/mutation_2~mutation_4,19,mutation_2,mutation_4,mut_mut,1275.0,1301.5,0.8711111111111111,0.8711111111111111,0.9355555555555555,0.6533333333333333,1.0,large,False,2.611003794697586e-05,7.473332289925233e-05,1,Slower,True,1.0,1.0,2.0,0.0,0.0,0.0,0.0,0.0,1.0,1.0,1.0,1.0,0.0,0.0
19/mutation_2~mutation_5,19,mutation_2,mutation_5,mut_mut,1275.0,1280.5,0.13777777777777778,0.13777777777777778,0.5688888888888889,-0.28888888888888886,0.5556666666666661,negligible,False,0.2667780848952437,0.4613277224348359,0,Faster or stable,False,3.0,1.0,0.0,0.0,0.0,0.0,0.0,3.0,0.0,0.0,0.0,1.0,0.0,0.0
19/mutation_2~mutation_6,19,mutation_2,mutation_6,mut_mut,1275.0,1269.5,-0.03111111111111111,0.03111111111111111,0.48444444444444446,-0.4666666666666667,0.38666666666666666,negligible,False,0.5659015334689386,0.8638660143566654,0,Faster or stable,False,0.0,0.0,0.0,0.0,0.0,0.0,0.0,0.0,0.0,0.0,0.0,1.0,0.0,0.0
19/mutation_2~mutation_7,19,mutation_2,mutation_7,mut_mut,1275.0,2354.0,1.0,1.0,1.0,1.0,1.0,large,False,1.6959106954125473e-06,5.818996331048556e-06,1,Slower,True,5.0,1.0,0.0,0.0,0.0,0.0,0.0,0.0,0.0,0.0,0.0,1.0,0.0,0.0
19/mutation_2~mutation_8,19,mutation_2,mutation_8,mut_mut,1275.0,1324.5,1.0,1.0,1.0,1.0,1.0,large,False,1.6916697063271091e-06,5.818996331048556e-06,1,Slower,True,1.0,1.0,0.0,0.0,0.0,0.0,1.0,0.0,0.0,0.0,0.0,1.0,0.0,0.0
19/mutation_3~mutation_4,19,mutation_3,mutation_4,mut_mut,1278.5,1301.5,0.8044444444444444,0.8044444444444444,0.9022222222222223,0.5022222222222222,1.0,large,False,9.444057264512218e-05,0.00026014034839984615,1,Slower,True,1.0,1.0,2.0,0.0,0.0,0.0,0.0,0.0,1.0,1.0,1.0,0.0,0.0,0.0
19/mutation_3~mutation_5,19,mutation_3,mutation_5,mut_mut,1278.5,1280.5,0.09333333333333334,0.09333333333333334,0.5466666666666666,-0.3423333333333333,0.5112222222222216,negligible,False,0.3390836332880508,0.5671053400894893,0,Faster or stable,False,3.0,1.0,0.0,0.0,0.0,0.0,0.0,3.0,0.0,0.0,0.0,0.0,0.0,0.0
19/mutation_3~mutation_6,19,mutation_3,mutation_6,mut_mut,1278.5,1269.5,-0.2,0.2,0.4,-0.6044444444444445,0.21777777777777776,small,False,0.8301183137344251,0.9999986384769016,0,Faster or stable,False,0.0,0.0,0.0,0.0,0.0,0.0,0.0,0.0,0.0,0.0,0.0,0.0,0.0,0.0
19/mutation_3~mutation_7,19,mutation_3,mutation_7,mut_mut,1278.5,2354.0,1.0,1.0,1.0,1.0,1.0,large,False,1.6916697063271091e-06,5.818996331048556e-06,1,Slower,True,5.0,1.0,0.0,0.0,0.0,0.0,0.0,0.0,0.0,0.0,0.0,0.0,0.0,0.0
19/mutation_3~mutation_8,19,mutation_3,mutation_8,mut_mut,1278.5,1324.5,0.9288888888888889,0.9288888888888889,0.9644444444444444,0.76,1.0,large,False,7.991747544624857e-06,2.4946773024751464e-05,1,Slower,True,1.0,1.0,0.0,0.0,0.0,0.0,1.0,0.0,0.0,0.0,0.0,0.0,0.0,0.0
19/mutation_4~mutation_5,19,mutation_4,mutation_5,mut_mut,1301.5,1280.5,-0.8222222222222222,0.8222222222222222,0.0888888888888889,-1.0,-0.5377777777777778,large,False,0.9999428148254688,0.9999986384769016,0,Faster or stable,False,2.0,0.0,-2.0,0.0,0.0,0.0,0.0,3.0,-1.0,-1.0,-1.0,0.0,0.0,0.0
19/mutation_4~mutation_6,19,mutation_4,mutation_6,mut_mut,1301.5,1269.5,-0.8133333333333334,0.8133333333333334,0.09333333333333332,-1.0,-0.5466666666666666,large,False,0.9999321788685922,0.9999986384769016,0,Faster or stable,False,-1.0,-1.0,-2.0,0.0,0.0,0.0,0.0,0.0,-1.0,-1.0,-1.0,0.0,0.0,0.0
19/mutation_4~mutation_7,19,mutation_4,mutation_7,mut_mut,1301.5,2354.0,1.0,1.0,1.0,1.0,1.0,large,False,1.6959106954125473e-06,5.818996331048556e-06,1,Slower,True,4.0,0.0,-2.0,0.0,0.0,0.0,0.0,0.0,-1.0,-1.0,-1.0,0.0,0.0,0.0
19/mutation_4~mutation_8,19,mutation_4,mutation_8,mut_mut,1301.5,1324.5,0.7866666666666666,0.7866666666666666,0.8933333333333333,0.5022222222222222,1.0,large,False,0.0001308773597686446,0.00035555544227704416,1,Slower,True,0.0,0.0,-2.0,0.0,0.0,0.0,1.0,0.0,-1.0,-1.0,-1.0,0.0,0.0,0.0
19/mutation_5~mutation_6,19,mutation_5,mutation_6,mut_mut,1280.5,1269.5,-0.2311111111111111,0.2311111111111111,0.3844444444444445,-0.6444444444444445,0.19133333333333213,small,False,0.8642061078019987,0.9999986384769016,0,Faster or stable,False,-3.0,-1.0,0.0,0.0,0.0,0.0,0.0,-3.0,0.0,0.0,0.0,0.0,0.0,0.0
19/mutation_5~mutation_7,19,mutation_5,mutation_7,mut_mut,1280.5,2354.0,1.0,1.0,1.0,1.0,1.0,large,False,1.6916697063271091e-06,5.818996331048556e-06,1,Slower,True,2.0,0.0,0.0,0.0,0.0,0.0,0.0,-3.0,0.0,0.0,0.0,0.0,0.0,0.0
19/mutation_5~mutation_8,19,mutation_5,mutation_8,mut_mut,1280.5,1324.5,0.9288888888888889,0.9288888888888889,0.9644444444444444,0.76,1.0,large,False,7.991747544624857e-06,2.4946773024751464e-05,1,Slower,True,-2.0,0.0,0.0,0.0,0.0,0.0,1.0,-3.0,0.0,0.0,0.0,0.0,0.0,0.0
19/mutation_6~mutation_7,19,mutation_6,mutation_7,mut_mut,1269.5,2354.0,1.0,1.0,1.0,1.0,1.0,large,False,1.6959106954125473e-06,5.818996331048556e-06,1,Slower,True,5.0,1.0,0.0,0.0,0.0,0.0,0.0,0.0,0.0,0.0,0.0,0.0,0.0,0.0
19/mutation_6~mutation_8,19,mutation_6,mutation_8,mut_mut,1269.5,1324.5,1.0,1.0,1.0,1.0,1.0,large,False,1.6916697063271091e-06,5.818996331048556e-06,1,Slower,True,1.0,1.0,0.0,0.0,0.0,0.0,1.0,0.0,0.0,0.0,0.0,0.0,0.0,0.0
19/mutation_7~mutation_8,19,mutation_7,mutation_8,mut_mut,2354.0,1324.5,-1.0,1.0,0.0,-1.0,-1.0,large,False,0.9999986174776383,0.9999986384769016,0,Faster or stable,False,-4.0,0.0,0.0,0.0,0.0,0.0,1.0,0.0,0.0,0.0,0.0,0.0,0.0,0.0
20/mutation_1,20,base,mutation_1,base_mut,410.0,424.5,0.4177777777777778,0.4177777777777778,0.7088888888888889,-0.0044444444444444444,0.7644444444444445,medium,True,0.026855539655259452,0.06806136767592472,1,Slower,False,3.0,3.0,0.0,0.0,0.0,0.0,0.0,0.0,0.0,0.0,0.0,0.0,4.0,4.0
20/mutation_2,20,base,mutation_2,base_mut,410.0,386.0,-0.8133333333333334,0.8133333333333334,0.09333333333333332,-1.0,-0.5555555555555556,large,False,0.9999324117799682,0.999998645417628,0,Faster or stable,False,0.0,0.0,0.0,0.0,1.0,0.0,0.0,0.0,0.0,0.0,0.0,-3.0,-1.0,0.0
20/mutation_3,20,base,mutation_3,base_mut,410.0,425.0,0.02666666666666667,0.02666666666666667,0.5133333333333333,-0.378,0.44,negligible,False,0.4586964731972168,0.6953754753492054,0,Faster or stable,False,0.0,0.0,0.0,0.0,0.0,0.0,0.0,0.0,0.0,0.0,0.0,5.0,0.0,0.0
20/mutation_4,20,base,mutation_4,base_mut,410.0,442.5,0.5911111111111111,0.5911111111111111,0.7955555555555556,0.21777777777777776,0.8667777777777772,large,False,0.0030777462298172903,0.010116948002963765,1,Slower,True,2.0,2.0,2.0,0.0,0.0,-1.0,0.0,0.0,1.0,1.0,1.0,-2.0,-2.0,-2.0
20/mutation_5,20,base,mutation_5,base_mut,410.0,379.5,-0.7022222222222222,0.7022222222222222,0.1488888888888889,-0.9377777777777778,-0.39544444444444504,large,False,0.9995135357124612,0.999998645417628,0,Faster or stable,False,1.0,1.0,0.0,0.0,1.0,-1.0,0.0,1.0,0.0,0.0,0.0,-2.0,-2.0,-2.0
20/mutation_6,20,base,mutation_6,base_mut,410.0,431.5,0.16,0.16,0.58,-0.2577777777777778,0.5911111111111111,small,False,0.23391088767023827,0.42205660166586473,0,Faster or stable,False,2.0,2.0,0.0,0.0,0.0,-1.0,0.0,0.0,0.0,0.0,0.0,0.0,-2.0,-2.0
20/mutation_7,20,base,mutation_7,base_mut,410.0,484.5,0.8488888888888889,0.8488888888888889,0.9244444444444444,0.6266666666666667,0.9822222222222222,large,False,4.0521718561140935e-05,0.00019218872231855416,1,Slower,True,1.0,1.0,0.0,0.0,0.0,3.0,0.0,0.0,0.0,0.0,0.0,0.0,0.0,0.0
20/mutation_8,20,base,mutation_8,base_mut,410.0,769.5,1.0,1.0,1.0,1.0,1.0,large,False,1.6916697063271091e-06,1.1490660221978891e-05,1,Slower,True,1.0,1.0,0.0,0.0,0.0,0.0,1.0,0.0,0.0,0.0,0.0,0.0,0.0,0.0
20/mutation_1~mutation_2,20,mutation_1,mutation_2,mut_mut,424.5,386.0,-0.92,0.92,0.03999999999999998,-1.0,-0.7333333333333333,large,False,0.9999919908681387,0.9999986384769016,0,Faster or stable,False,-3.0,-3.0,0.0,0.0,1.0,0.0,0.0,0.0,0.0,0.0,0.0,-3.0,-5.0,-4.0
20/mutation_1~mutation_3,20,mutation_1,mutation_3,mut_mut,424.5,425.0,-0.3333333333333333,0.3333333333333333,0.33333333333333337,-0.7066666666666667,0.07566666666666606,medium,False,0.9425466873195728,0.9999986384769016,0,Faster or stable,False,-3.0,-3.0,0.0,0.0,0.0,0.0,0.0,0.0,0.0,0.0,0.0,5.0,-4.0,-4.0
20/mutation_1~mutation_4,20,mutation_1,mutation_4,mut_mut,424.5,442.5,0.31555555555555553,0.31555555555555553,0.6577777777777778,-0.10222222222222223,0.6977777777777778,small,True,0.07328801715450034,0.14579637455203792,0,Faster or stable,False,-1.0,-1.0,2.0,0.0,0.0,-1.0,0.0,0.0,1.0,1.0,1.0,-2.0,-6.0,-6.0
20/mutation_1~mutation_5,20,mutation_1,mutation_5,mut_mut,424.5,379.5,-0.8666666666666667,0.8666666666666667,0.06666666666666665,-1.0,-0.6266666666666667,large,False,0.9999759683847469,0.9999986384769016,0,Faster or stable,False,-2.0,-2.0,0.0,0.0,1.0,-1.0,0.0,1.0,0.0,0.0,0.0,-2.0,-6.0,-6.0
20/mutation_1~mutation_6,20,mutation_1,mutation_6,mut_mut,424.5,431.5,-0.11555555555555555,0.11555555555555555,0.44222222222222224,-0.5244444444444445,0.3333333333333333,negligible,False,0.712265810111652,0.9999986384769016,0,Faster or stable,False,-1.0,-1.0,0.0,0.0,0.0,-1.0,0.0,0.0,0.0,0.0,0.0,0.0,-6.0,-6.0
20/mutation_1~mutation_7,20,mutation_1,mutation_7,mut_mut,424.5,484.5,0.7911111111111111,0.7911111111111111,0.8955555555555555,0.5332222222222223,0.9689999999999994,large,False,0.00012050614270619314,0.0003286995741764282,1,Slower,True,-2.0,-2.0,0.0,0.0,0.0,3.0,0.0,0.0,0.0,0.0,0.0,0.0,-4.0,-4.0
20/mutation_1~mutation_8,20,mutation_1,mutation_8,mut_mut,424.5,769.5,1.0,1.0,1.0,1.0,1.0,large,False,1.6959106954125473e-06,5.818996331048556e-06,1,Slower,True,-2.0,-2.0,0.0,0.0,0.0,0.0,1.0,0.0,0.0,0.0,0.0,0.0,-4.0,-4.0
20/mutation_2~mutation_3,20,mutation_2,mutation_3,mut_mut,386.0,425.0,0.8444444444444444,0.8444444444444444,0.9222222222222223,0.6088888888888889,1.0,large,False,4.417360527436379e-05,0.0001245296108488346,1,Slower,True,0.0,0.0,0.0,0.0,-1.0,0.0,0.0,0.0,0.0,0.0,0.0,8.0,1.0,0.0
20/mutation_2~mutation_4,20,mutation_2,mutation_4,mut_mut,386.0,442.5,0.9644444444444444,0.9644444444444444,0.9822222222222222,0.8666666666666667,1.0,large,False,3.72988483959209e-06,1.1956945114349497e-05,1,Slower,True,2.0,2.0,2.0,0.0,-1.0,-1.0,0.0,0.0,1.0,1.0,1.0,1.0,-1.0,-2.0
20/mutation_2~mutation_5,20,mutation_2,mutation_5,mut_mut,386.0,379.5,-0.0044444444444444444,0.0044444444444444444,0.49777777777777776,-0.43133333333333335,0.44,negligible,False,0.5165444507776191,0.8038463286294184,0,Faster or stable,False,1.0,1.0,0.0,0.0,0.0,-1.0,0.0,1.0,0.0,0.0,0.0,1.0,-1.0,-2.0
20/mutation_2~mutation_6,20,mutation_2,mutation_6,mut_mut,386.0,431.5,0.8844444444444445,0.8844444444444445,0.9422222222222223,0.68,1.0,large,False,2.0060169488057697e-05,5.8729294401853197e-05,1,Slower,True,2.0,2.0,0.0,0.0,-1.0,-1.0,0.0,0.0,0.0,0.0,0.0,3.0,-1.0,-2.0
20/mutation_2~mutation_7,20,mutation_2,mutation_7,mut_mut,386.0,484.5,1.0,1.0,1.0,1.0,1.0,large,False,1.6874374779290916e-06,5.818996331048556e-06,1,Slower,True,1.0,1.0,0.0,0.0,-1.0,3.0,0.0,0.0,0.0,0.0,0.0,3.0,1.0,0.0
20/mutation_2~mutation_8,20,mutation_2,mutation_8,mut_mut,386.0,769.5,1.0,1.0,1.0,1.0,1.0,large,False,1.6916697063271091e-06,5.818996331048556e-06,1,Slower,True,1.0,1.0,0.0,0.0,-1.0,0.0,1.0,0.0,0.0,0.0,0.0,3.0,1.0,0.0
20/mutation_3~mutation_4,20,mutation_3,mutation_4,mut_mut,425.0,442.5,0.5555555555555556,0.5555555555555556,0.7777777777777778,0.18222222222222223,0.8488888888888889,large,False,0.005052542228831459,0.011854553363257823,1,Slower,True,2.0,2.0,2.0,0.0,0.0,-1.0,0.0,0.0,1.0,1.0,1.0,-7.0,-2.0,-2.0
20/mutation_3~mutation_5,20,mutation_3,mutation_5,mut_mut,425.0,379.5,-0.7777777777777778,0.7777777777777778,0.1111111111111111,-0.9644444444444444,-0.5022222222222222,large,False,0.9998689155559317,0.9999986384769016,0,Faster or stable,False,1.0,1.0,0.0,0.0,1.0,-1.0,0.0,1.0,0.0,0.0,0.0,-7.0,-2.0,-2.0
20/mutation_3~mutation_6,20,mutation_3,mutation_6,mut_mut,425.0,431.5,0.14666666666666667,0.14666666666666667,0.5733333333333334,-0.28,0.5644444444444444,negligible,False,0.253457466906248,0.4408981052229616,0,Faster or stable,False,2.0,2.0,0.0,0.0,0.0,-1.0,0.0,0.0,0.0,0.0,0.0,-5.0,-2.0,-2.0
20/mutation_3~mutation_7,20,mutation_3,mutation_7,mut_mut,425.0,484.5,0.9288888888888889,0.9288888888888889,0.9644444444444444,0.7866666666666666,1.0,large,False,8.00913186126772e-06,2.4946773024751464e-05,1,Slower,True,1.0,1.0,0.0,0.0,0.0,3.0,0.0,0.0,0.0,0.0,0.0,-5.0,0.0,0.0
20/mutation_3~mutation_8,20,mutation_3,mutation_8,mut_mut,425.0,769.5,1.0,1.0,1.0,1.0,1.0,large,False,1.6959106954125473e-06,5.818996331048556e-06,1,Slower,True,1.0,1.0,0.0,0.0,0.0,0.0,1.0,0.0,0.0,0.0,0.0,-5.0,0.0,0.0
20/mutation_4~mutation_5,20,mutation_4,mutation_5,mut_mut,442.5,379.5,-0.9555555555555556,0.9555555555555556,0.0222222222222222,-1.0,-0.84,large,False,0.99999626139618,0.9999986384769016,0,Faster or stable,False,-1.0,-1.0,-2.0,0.0,1.0,0.0,0.0,1.0,-1.0,-1.0,-1.0,0.0,0.0,0.0
20/mutation_4~mutation_6,20,mutation_4,mutation_6,mut_mut,442.5,431.5,-0.3244444444444444,0.3244444444444444,0.3377777777777778,-0.6888888888888889,0.07555555555555556,small,False,0.9375698200089266,0.9999986384769016,0,Faster or stable,False,0.0,0.0,-2.0,0.0,0.0,0.0,0.0,0.0,-1.0,-1.0,-1.0,2.0,0.0,0.0
20/mutation_4~mutation_7,20,mutation_4,mutation_7,mut_mut,442.5,484.5,0.6933333333333334,0.6933333333333334,0.8466666666666667,0.36,0.9155555555555556,large,False,0.0006516193276439639,0.0016730363515252346,1,Slower,True,-1.0,-1.0,-2.0,0.0,0.0,4.0,0.0,0.0,-1.0,-1.0,-1.0,2.0,2.0,2.0
20/mutation_4~mutation_8,20,mutation_4,mutation_8,mut_mut,442.5,769.5,1.0,1.0,1.0,1.0,1.0,large,False,1.6959106954125473e-06,5.818996331048556e-06,1,Slower,True,-1.0,-1.0,-2.0,0.0,0.0,1.0,1.0,0.0,-1.0,-1.0,-1.0,2.0,2.0,2.0
20/mutation_5~mutation_6,20,mutation_5,mutation_6,mut_mut,379.5,431.5,0.8133333333333334,0.8133333333333334,0.9066666666666667,0.5555555555555556,0.9644444444444444,large,False,8.016311367535764e-05,0.0002231836564361074,1,Slower,True,1.0,1.0,0.0,0.0,-1.0,0.0,0.0,-1.0,0.0,0.0,0.0,2.0,0.0,0.0
20/mutation_5~mutation_7,20,mutation_5,mutation_7,mut_mut,379.5,484.5,1.0,1.0,1.0,1.0,1.0,large,False,1.6916697063271091e-06,5.818996331048556e-06,1,Slower,True,0.0,0.0,0.0,0.0,-1.0,4.0,0.0,-1.0,0.0,0.0,0.0,2.0,2.0,2.0
20/mutation_5~mutation_8,20,mutation_5,mutation_8,mut_mut,379.5,769.5,1.0,1.0,1.0,1.0,1.0,large,False,1.6959106954125473e-06,5.818996331048556e-06,1,Slower,True,0.0,0.0,0.0,0.0,-1.0,1.0,1.0,-1.0,0.0,0.0,0.0,2.0,2.0,2.0
20/mutation_6~mutation_7,20,mutation_6,mutation_7,mut_mut,431.5,484.5,0.8266666666666667,0.8266666666666667,0.9133333333333333,0.6088888888888889,0.9733333333333334,large,False,6.212761788830302e-05,0.00017426796817668997,1,Slower,True,-1.0,-1.0,0.0,0.0,0.0,4.0,0.0,0.0,0.0,0.0,0.0,0.0,2.0,2.0
20/mutation_6~mutation_8,20,mutation_6,mutation_8,mut_mut,431.5,769.5,1.0,1.0,1.0,1.0,1.0,large,False,1.6959106954125473e-06,5.818996331048556e-06,1,Slower,True,-1.0,-1.0,0.0,0.0,0.0,1.0,1.0,0.0,0.0,0.0,0.0,0.0,2.0,2.0
20/mutation_7~mutation_8,20,mutation_7,mutation_8,mut_mut,484.5,769.5,1.0,1.0,1.0,1.0,1.0,large,False,1.6916697063271091e-06,5.818996331048556e-06,1,Slower,True,0.0,0.0,0.0,0.0,0.0,-3.0,1.0,0.0,0.0,0.0,0.0,0.0,0.0,0.0
21/mutation_1,21,base,mutation_1,base_mut,733.5,745.0,0.8311111111111111,0.8311111111111111,0.9155555555555556,0.5377777777777778,1.0,large,False,5.6984643041396114e-05,0.0002664634012639931,1,Slower,True,3.0,0.0,0.0,0.0,0.0,4.0,0.0,0.0,0.0,0.0,3.0,0.0,0.0,0.0
21/mutation_2,21,base,mutation_2,base_mut,733.5,738.0,0.3111111111111111,0.3111111111111111,0.6555555555555556,-0.10222222222222223,0.68,small,True,0.07619325085739816,0.17208271622215093,0,Faster or stable,False,-1.0,0.0,0.0,0.0,1.0,0.0,0.0,0.0,0.0,0.0,-1.0,0.0,0.0,0.0
21/mutation_3,21,base,mutation_3,base_mut,733.5,742.5,0.35555555555555557,0.35555555555555557,0.6777777777777778,-0.05333333333333334,0.72,medium,True,0.050537847995694836,0.1209813826648358,1,Slower,False,0.0,0.0,0.0,0.0,0.0,0.0,0.0,0.0,0.0,0.0,0.0,0.0,0.0,0.0
21/mutation_4,21,base,mutation_4,base_mut,733.5,738.5,0.30666666666666664,0.30666666666666664,0.6533333333333333,-0.12,0.7022222222222222,small,True,0.07918599452425179,0.17420612315034298,0,Faster or stable,False,0.0,0.0,0.0,0.0,0.0,1.0,0.0,1.0,0.0,0.0,0.0,0.0,0.0,0.0
21/mutation_5,21,base,mutation_5,base_mut,733.5,744.0,0.6488888888888888,0.6488888888888888,0.8244444444444444,0.3111111111111111,0.9155555555555556,large,False,0.0013083724896822081,0.004858468009859984,1,Slower,True,2.0,2.0,0.0,0.0,1.0,-5.0,0.0,5.0,0.0,0.0,-13.0,-4.0,0.0,0.0
21/mutation_6,21,base,mutation_6,base_mut,733.5,738.0,0.36,0.36,0.6799999999999999,-0.08888888888888889,0.7066666666666667,medium,True,0.048415388082351685,0.118190506201035,1,Slower,False,15.0,2.0,0.0,0.0,0.0,-5.0,0.0,17.0,0.0,0.0,5.0,0.0,0.0,0.0
21/mutation_7,21,base,mutation_7,base_mut,733.5,802.0,1.0,1.0,1.0,1.0,1.0,large,False,1.6916697063271091e-06,1.1490660221978891e-05,1,Slower,True,3.0,0.0,0.0,0.0,0.0,5.0,0.0,2.0,0.0,0.0,0.0,3.0,0.0,0.0
21/mutation_8,21,base,mutation_8,base_mut,733.5,1118.0,1.0,1.0,1.0,1.0,1.0,large,False,1.6916697063271091e-06,1.1490660221978891e-05,1,Slower,True,1.0,1.0,0.0,0.0,0.0,0.0,1.0,0.0,0.0,0.0,0.0,0.0,0.0,0.0
21/mutation_1~mutation_2,21,mutation_1,mutation_2,mut_mut,745.0,738.0,-0.41333333333333333,0.41333333333333333,0.29333333333333333,-0.7911111111111111,0.01344444444444384,medium,False,0.9744837447244918,0.9999986384769016,0,Faster or stable,False,-4.0,0.0,0.0,0.0,1.0,-4.0,0.0,0.0,0.0,0.0,-4.0,0.0,0.0,0.0
21/mutation_1~mutation_3,21,mutation_1,mutation_3,mut_mut,745.0,742.5,-0.3244444444444444,0.3244444444444444,0.3377777777777778,-0.7066666666666667,0.1111111111111111,small,False,0.937695705324029,0.9999986384769016,0,Faster or stable,False,-3.0,0.0,0.0,0.0,0.0,-4.0,0.0,0.0,0.0,0.0,-3.0,0.0,0.0,0.0
21/mutation_1~mutation_4,21,mutation_1,mutation_4,mut_mut,745.0,738.5,-0.5955555555555555,0.5955555555555555,0.20222222222222225,-0.8844444444444445,-0.2310000000000006,large,False,0.9974578215424873,0.9999986384769016,0,Faster or stable,False,-3.0,0.0,0.0,0.0,0.0,-3.0,0.0,1.0,0.0,0.0,-3.0,0.0,0.0,0.0
21/mutation_1~mutation_5,21,mutation_1,mutation_5,mut_mut,745.0,744.0,-0.21777777777777776,0.21777777777777776,0.39111111111111113,-0.609,0.2088888888888889,small,False,0.8503629615457632,0.9999986384769016,0,Faster or stable,False,-1.0,2.0,0.0,0.0,1.0,-9.0,0.0,5.0,0.0,0.0,-16.0,-4.0,0.0,0.0
21/mutation_1~mutation_6,21,mutation_1,mutation_6,mut_mut,745.0,738.0,-0.5822222222222222,0.5822222222222222,0.2088888888888889,-0.9022222222222223,-0.2088888888888889,large,False,0.9969279643005701,0.9999986384769016,0,Faster or stable,False,12.0,2.0,0.0,0.0,0.0,-9.0,0.0,17.0,0.0,0.0,2.0,0.0,0.0,0.0
21/mutation_1~mutation_7,21,mutation_1,mutation_7,mut_mut,745.0,802.0,0.9911111111111112,0.9911111111111112,0.9955555555555555,0.9466666666666667,1.0,large,False,2.05130366416613e-06,6.897170548126285e-06,1,Slower,True,0.0,0.0,0.0,0.0,0.0,1.0,0.0,2.0,0.0,0.0,-3.0,3.0,0.0,0.0
21/mutation_1~mutation_8,21,mutation_1,mutation_8,mut_mut,745.0,1118.0,1.0,1.0,1.0,1.0,1.0,large,False,1.6789992476286239e-06,5.818996331048556e-06,1,Slower,True,-2.0,1.0,0.0,0.0,0.0,-4.0,1.0,0.0,0.0,0.0,-3.0,0.0,0.0,0.0
21/mutation_2~mutation_3,21,mutation_2,mutation_3,mut_mut,738.0,742.5,0.044444444444444446,0.044444444444444446,0.5222222222222223,-0.3688888888888889,0.4577777777777778,negligible,False,0.4259507339038336,0.6847075370623444,0,Faster or stable,False,1.0,0.0,0.0,0.0,-1.0,0.0,0.0,0.0,0.0,0.0,1.0,0.0,0.0,0.0
21/mutation_2~mutation_4,21,mutation_2,mutation_4,mut_mut,738.0,738.5,-0.04,0.04,0.48,-0.44,0.4088888888888889,negligible,False,0.5821835398031249,0.8803368351200891,0,Faster or stable,False,1.0,0.0,0.0,0.0,-1.0,1.0,0.0,1.0,0.0,0.0,1.0,0.0,0.0,0.0
21/mutation_2~mutation_5,21,mutation_2,mutation_5,mut_mut,738.0,744.0,0.29333333333333333,0.29333333333333333,0.6466666666666667,-0.1288888888888889,0.6802222222222211,small,True,0.08877497621103453,0.17352878625223125,0,Faster or stable,False,3.0,2.0,0.0,0.0,0.0,-5.0,0.0,5.0,0.0,0.0,-12.0,-4.0,0.0,0.0
21/mutation_2~mutation_6,21,mutation_2,mutation_6,mut_mut,738.0,738.0,-0.035555555555555556,0.035555555555555556,0.4822222222222222,-0.44,0.38222222222222224,negligible,False,0.574098185848781,0.8728159410871712,0,Faster or stable,False,16.0,2.0,0.0,0.0,-1.0,-5.0,0.0,17.0,0.0,0.0,6.0,0.0,0.0,0.0
21/mutation_2~mutation_7,21,mutation_2,mutation_7,mut_mut,738.0,802.0,1.0,1.0,1.0,1.0,1.0,large,False,1.6916697063271091e-06,5.818996331048556e-06,1,Slower,True,4.0,0.0,0.0,0.0,-1.0,5.0,0.0,2.0,0.0,0.0,1.0,3.0,0.0,0.0
21/mutation_2~mutation_8,21,mutation_2,mutation_8,mut_mut,738.0,1118.0,1.0,1.0,1.0,1.0,1.0,large,False,1.6916697063271091e-06,5.818996331048556e-06,1,Slower,True,2.0,1.0,0.0,0.0,-1.0,0.0,1.0,0.0,0.0,0.0,1.0,0.0,0.0,0.0
21/mutation_3~mutation_4,21,mutation_3,mutation_4,mut_mut,742.5,738.5,-0.13777777777777778,0.13777777777777778,0.4311111111111111,-0.5466666666666666,0.30666666666666664,negligible,False,0.7465661657490801,0.9999986384769016,0,Faster or stable,False,0.0,0.0,0.0,0.0,0.0,1.0,0.0,1.0,0.0,0.0,0.0,0.0,0.0,0.0
21/mutation_3~mutation_5,21,mutation_3,mutation_5,mut_mut,742.5,744.0,0.2088888888888889,0.2088888888888889,0.6044444444444445,-0.21777777777777776,0.5955555555555555,small,False,0.16985478789967845,0.3102246901617503,0,Faster or stable,False,2.0,2.0,0.0,0.0,1.0,-5.0,0.0,5.0,0.0,0.0,-13.0,-4.0,0.0,0.0
21/mutation_3~mutation_6,21,mutation_3,mutation_6,mut_mut,742.5,738.0,-0.08888888888888889,0.08888888888888889,0.45555555555555555,-0.5202222222222223,0.3333333333333333,negligible,False,0.6685305638887143,0.9830816417865498,0,Faster or stable,False,15.0,2.0,0.0,0.0,0.0,-5.0,0.0,17.0,0.0,0.0,5.0,0.0,0.0,0.0
21/mutation_3~mutation_7,21,mutation_3,mutation_7,mut_mut,742.5,802.0,1.0,1.0,1.0,1.0,1.0,large,False,1.6874374779290916e-06,5.818996331048556e-06,1,Slower,True,3.0,0.0,0.0,0.0,0.0,5.0,0.0,2.0,0.0,0.0,0.0,3.0,0.0,0.0
21/mutation_3~mutation_8,21,mutation_3,mutation_8,mut_mut,742.5,1118.0,1.0,1.0,1.0,1.0,1.0,large,False,1.6874374779290916e-06,5.818996331048556e-06,1,Slower,True,1.0,1.0,0.0,0.0,0.0,0.0,1.0,0.0,0.0,0.0,0.0,0.0,0.0,0.0
21/mutation_4~mutation_5,21,mutation_4,mutation_5,mut_mut,738.5,744.0,0.38222222222222224,0.38222222222222224,0.6911111111111111,-0.013333333333333334,0.7422222222222222,medium,True,0.03881674270635931,0.08065256540099101,1,Slower,False,2.0,2.0,0.0,0.0,1.0,-6.0,0.0,4.0,0.0,0.0,-13.0,-4.0,0.0,0.0
21/mutation_4~mutation_6,21,mutation_4,mutation_6,mut_mut,738.5,738.0,-0.008888888888888889,0.008888888888888889,0.4955555555555556,-0.42233333333333334,0.41333333333333333,negligible,False,0.5248271025547413,0.8133370290972648,0,Faster or stable,False,15.0,2.0,0.0,0.0,0.0,-6.0,0.0,16.0,0.0,0.0,5.0,0.0,0.0,0.0
21/mutation_4~mutation_7,21,mutation_4,mutation_7,mut_mut,738.5,802.0,1.0,1.0,1.0,1.0,1.0,large,False,1.6916697063271091e-06,5.818996331048556e-06,1,Slower,True,3.0,0.0,0.0,0.0,0.0,4.0,0.0,1.0,0.0,0.0,0.0,3.0,0.0,0.0
21/mutation_4~mutation_8,21,mutation_4,mutation_8,mut_mut,738.5,1118.0,1.0,1.0,1.0,1.0,1.0,large,False,1.6916697063271091e-06,5.818996331048556e-06,1,Slower,True,1.0,1.0,0.0,0.0,0.0,-1.0,1.0,-1.0,0.0,0.0,0.0,0.0,0.0,0.0
21/mutation_5~mutation_6,21,mutation_5,mutation_6,mut_mut,744.0,738.0,-0.37333333333333335,0.37333333333333335,0.31333333333333335,-0.7333333333333333,0.031222222222221614,medium,False,0.9611005578847341,0.9999986384769016,0,Faster or stable,False,13.0,0.0,0.0,0.0,-1.0,0.0,0.0,12.0,0.0,0.0,18.0,4.0,0.0,0.0
21/mutation_5~mutation_7,21,mutation_5,mutation_7,mut_mut,744.0,802.0,0.9911111111111112,0.9911111111111112,0.9955555555555555,0.9466666666666667,1.0,large,False,2.061436284754976e-06,6.897170548126285e-06,1,Slower,True,1.0,-2.0,0.0,0.0,-1.0,10.0,0.0,-3.0,0.0,0.0,13.0,7.0,0.0,0.0
21/mutation_5~mutation_8,21,mutation_5,mutation_8,mut_mut,744.0,1118.0,1.0,1.0,1.0,1.0,1.0,large,False,1.6874374779290916e-06,5.818996331048556e-06,1,Slower,True,-1.0,-1.0,0.0,0.0,-1.0,5.0,1.0,-5.0,0.0,0.0,13.0,4.0,0.0,0.0
21/mutation_6~mutation_7,21,mutation_6,mutation_7,mut_mut,738.0,802.0,1.0,1.0,1.0,1.0,1.0,large,False,1.6832139963232752e-06,5.818996331048556e-06,1,Slower,True,-12.0,-2.0,0.0,0.0,0.0,10.0,0.0,-15.0,0.0,0.0,-5.0,3.0,0.0,0.0
21/mutation_6~mutation_8,21,mutation_6,mutation_8,mut_mut,738.0,1118.0,1.0,1.0,1.0,1.0,1.0,large,False,1.6832139963232752e-06,5.818996331048556e-06,1,Slower,True,-14.0,-1.0,0.0,0.0,0.0,5.0,1.0,-17.0,0.0,0.0,-5.0,0.0,0.0,0.0
21/mutation_7~mutation_8,21,mutation_7,mutation_8,mut_mut,802.0,1118.0,1.0,1.0,1.0,1.0,1.0,large,False,1.6874374779290916e-06,5.818996331048556e-06,1,Slower,True,-2.0,1.0,0.0,0.0,0.0,-5.0,1.0,-2.0,0.0,0.0,0.0,-3.0,0.0,0.0
22/mutation_1,22,base,mutation_1,base_mut,2635.5,2651.5,0.14666666666666667,0.14666666666666667,0.5733333333333334,-0.26666666666666666,0.5733333333333334,negligible,False,0.2533392362907999,0.44522687308399117,0,Faster or stable,False,15.0,6.0,0.0,0.0,0.0,0.0,0.0,0.0,0.0,0.0,0.0,0.0,0.0,0.0
22/mutation_2,22,base,mutation_2,base_mut,2635.5,2622.5,-0.39111111111111113,0.39111111111111113,0.3044444444444444,-0.76,0.0044444444444444444,medium,False,0.9675673100835374,0.999998645417628,0,Faster or stable,False,0.0,0.0,0.0,0.0,1.0,0.0,0.0,0.0,0.0,0.0,-1.0,0.0,-1.0,0.0
22/mutation_3,22,base,mutation_3,base_mut,2635.5,2632.0,-0.31555555555555553,0.31555555555555553,0.3422222222222222,-0.6622222222222223,0.1111111111111111,small,False,0.9323089449771966,0.999998645417628,0,Faster or stable,False,0.0,0.0,0.0,0.0,0.0,0.0,0.0,0.0,0.0,0.0,0.0,6.0,0.0,0.0
22/mutation_4,22,base,mutation_4,base_mut,2635.5,2624.5,-0.5822222222222222,0.5822222222222222,0.2088888888888889,-0.8755555555555555,-0.2,large,False,0.9969079523657282,0.999998645417628,0,Faster or stable,False,1.0,1.0,-2.0,0.0,0.0,0.0,0.0,0.0,0.0,0.0,0.0,0.0,0.0,0.0
22/mutation_5,22,base,mutation_5,base_mut,2635.5,2653.5,0.26666666666666666,0.26666666666666666,0.6333333333333333,-0.1511111111111111,0.6711111111111111,small,True,0.11049963541839147,0.21579928799356451,0,Faster or stable,False,71.0,12.0,0.0,0.0,0.0,12.0,0.0,6.0,0.0,0.0,0.0,0.0,-65.0,-11.0
22/mutation_6,22,base,mutation_6,base_mut,2635.5,2635.5,-0.08444444444444445,0.08444444444444445,0.4577777777777778,-0.5156666666666666,0.3603333333333315,negligible,False,0.6608825563199352,0.8672450936688477,0,Faster or stable,False,65.0,6.0,0.0,0.0,0.0,12.0,0.0,0.0,0.0,0.0,0.0,0.0,-65.0,-11.0
22/mutation_7,22,base,mutation_7,base_mut,2635.5,1288.5,-1.0,1.0,0.0,-1.0,-1.0,large,False,0.9999986139518094,0.999998645417628,0,Faster or stable,False,0.0,0.0,0.0,0.0,0.0,3.0,0.0,0.0,0.0,0.0,0.0,0.0,0.0,0.0
22/mutation_8,22,base,mutation_8,base_mut,2635.5,2719.5,1.0,1.0,1.0,1.0,1.0,large,False,1.6874374779290916e-06,1.1490660221978891e-05,1,Slower,True,1.0,1.0,0.0,0.0,0.0,0.0,1.0,0.0,0.0,0.0,0.0,0.0,0.0,0.0
22/mutation_1~mutation_2,22,mutation_1,mutation_2,mut_mut,2651.5,2622.5,-0.39555555555555555,0.39555555555555555,0.3022222222222222,-0.7866666666666666,0.03111111111111111,medium,False,0.9690877304229981,0.9999986384769016,0,Faster or stable,False,-15.0,-6.0,0.0,0.0,1.0,0.0,0.0,0.0,0.0,0.0,-1.0,0.0,-1.0,0.0
22/mutation_1~mutation_3,22,mutation_1,mutation_3,mut_mut,2651.5,2632.0,-0.4622222222222222,0.4622222222222222,0.2688888888888889,-0.8088888888888889,-0.0308888888888901,medium,False,0.9853090975851896,0.9999986384769016,0,Faster or stable,False,-15.0,-6.0,0.0,0.0,0.0,0.0,0.0,0.0,0.0,0.0,0.0,6.0,0.0,0.0
22/mutation_1~mutation_4,22,mutation_1,mutation_4,mut_mut,2651.5,2624.5,-0.6133333333333333,0.6133333333333333,0.19333333333333336,-0.9733333333333334,-0.21766666666666726,large,False,0.9980367636182054,0.9999986384769016,0,Faster or stable,False,-14.0,-5.0,-2.0,0.0,0.0,0.0,0.0,0.0,0.0,0.0,0.0,0.0,0.0,0.0
22/mutation_1~mutation_5,22,mutation_1,mutation_5,mut_mut,2651.5,2653.5,0.1111111111111111,0.1111111111111111,0.5555555555555556,-0.31577777777777777,0.5291111111111099,negligible,False,0.3092762086513867,0.5250735575236749,0,Faster or stable,False,56.0,6.0,0.0,0.0,0.0,12.0,0.0,6.0,0.0,0.0,0.0,0.0,-65.0,-11.0
22/mutation_1~mutation_6,22,mutation_1,mutation_6,mut_mut,2651.5,2635.5,-0.26222222222222225,0.26222222222222225,0.3688888888888889,-0.7066666666666667,0.17333333333333334,small,False,0.8933640751172719,0.9999986384769016,0,Faster or stable,False,50.0,0.0,0.0,0.0,0.0,12.0,0.0,0.0,0.0,0.0,0.0,0.0,-65.0,-11.0
22/mutation_1~mutation_7,22,mutation_1,mutation_7,mut_mut,2651.5,1288.5,-1.0,1.0,0.0,-1.0,-1.0,large,False,0.9999986209960322,0.9999986384769016,0,Faster or stable,False,-15.0,-6.0,0.0,0.0,0.0,3.0,0.0,0.0,0.0,0.0,0.0,0.0,0.0,0.0
22/mutation_1~mutation_8,22,mutation_1,mutation_8,mut_mut,2651.5,2719.5,0.9911111111111112,0.9911111111111112,0.9955555555555555,0.9466666666666667,1.0,large,False,2.05130366416613e-06,6.897170548126285e-06,1,Slower,True,-14.0,-5.0,0.0,0.0,0.0,0.0,1.0,0.0,0.0,0.0,0.0,0.0,0.0,0.0
22/mutation_2~mutation_3,22,mutation_2,mutation_3,mut_mut,2622.5,2632.0,0.044444444444444446,0.044444444444444446,0.5222222222222223,-0.39555555555555555,0.49333333333333335,negligible,False,0.4259507339038336,0.6847075370623444,0,Faster or stable,False,0.0,0.0,0.0,0.0,-1.0,0.0,0.0,0.0,0.0,0.0,1.0,6.0,1.0,0.0
22/mutation_2~mutation_4,22,mutation_2,mutation_4,mut_mut,2622.5,2624.5,-0.14222222222222222,0.14222222222222222,0.4288888888888889,-0.5466666666666666,0.29799999999999877,negligible,False,0.7533273940802195,0.9999986384769016,0,Faster or stable,False,1.0,1.0,-2.0,0.0,-1.0,0.0,0.0,0.0,0.0,0.0,1.0,0.0,1.0,0.0
22/mutation_2~mutation_5,22,mutation_2,mutation_5,mut_mut,2622.5,2653.5,0.5777777777777777,0.5777777777777777,0.7888888888888889,0.2088888888888889,0.9022222222222223,large,False,0.0037227921717728663,0.008865258278671467,1,Slower,True,71.0,12.0,0.0,0.0,-1.0,12.0,0.0,6.0,0.0,0.0,1.0,0.0,-64.0,-11.0
22/mutation_2~mutation_6,22,mutation_2,mutation_6,mut_mut,2622.5,2635.5,0.29777777777777775,0.29777777777777775,0.6488888888888888,-0.12,0.6711111111111111,small,True,0.08551081019985651,0.16777943815142202,0,Faster or stable,False,65.0,6.0,0.0,0.0,-1.0,12.0,0.0,0.0,0.0,0.0,1.0,0.0,-64.0,-11.0
22/mutation_2~mutation_7,22,mutation_2,mutation_7,mut_mut,2622.5,1288.5,-1.0,1.0,0.0,-1.0,-1.0,large,False,0.9999986174776383,0.9999986384769016,0,Faster or stable,False,0.0,0.0,0.0,0.0,-1.0,3.0,0.0,0.0,0.0,0.0,1.0,0.0,1.0,0.0
22/mutation_2~mutation_8,22,mutation_2,mutation_8,mut_mut,2622.5,2719.5,1.0,1.0,1.0,1.0,1.0,large,False,1.6832139963232752e-06,5.818996331048556e-06,1,Slower,True,1.0,1.0,0.0,0.0,-1.0,0.0,1.0,0.0,0.0,0.0,1.0,0.0,1.0,0.0
22/mutation_3~mutation_4,22,mutation_3,mutation_4,mut_mut,2632.0,2624.5,-0.27555555555555555,0.27555555555555555,0.3622222222222222,-0.68,0.16455555555555496,small,False,0.9043681532801762,0.9999986384769016,0,Faster or stable,False,1.0,1.0,-2.0,0.0,0.0,0.0,0.0,0.0,0.0,0.0,0.0,-6.0,0.0,0.0
22/mutation_3~mutation_5,22,mutation_3,mutation_5,mut_mut,2632.0,2653.5,0.49777777777777776,0.49777777777777776,0.7488888888888889,0.13777777777777778,0.8222222222222222,large,False,0.010637798145426038,0.02396708738788758,1,Slower,True,71.0,12.0,0.0,0.0,0.0,12.0,0.0,6.0,0.0,0.0,0.0,-6.0,-65.0,-11.0
22/mutation_3~mutation_6,22,mutation_3,mutation_6,mut_mut,2632.0,2635.5,0.15555555555555556,0.15555555555555556,0.5777777777777777,-0.2891111111111111,0.5466666666666666,small,False,0.24031673473122567,0.420035464922305,0,Faster or stable,False,65.0,6.0,0.0,0.0,0.0,12.0,0.0,0.0,0.0,0.0,0.0,-6.0,-65.0,-11.0
22/mutation_3~mutation_7,22,mutation_3,mutation_7,mut_mut,2632.0,1288.5,-1.0,1.0,0.0,-1.0,-1.0,large,False,0.9999986139518094,0.9999986384769016,0,Faster or stable,False,0.0,0.0,0.0,0.0,0.0,3.0,0.0,0.0,0.0,0.0,0.0,-6.0,0.0,0.0
22/mutation_3~mutation_8,22,mutation_3,mutation_8,mut_mut,2632.0,2719.5,1.0,1.0,1.0,1.0,1.0,large,False,1.6874374779290916e-06,5.818996331048556e-06,1,Slower,True,1.0,1.0,0.0,0.0,0.0,0.0,1.0,0.0,0.0,0.0,0.0,-6.0,0.0,0.0
22/mutation_4~mutation_5,22,mutation_4,mutation_5,mut_mut,2624.5,2653.5,0.7777777777777778,0.7777777777777778,0.8888888888888888,0.48444444444444446,1.0,large,False,0.0001534560049530171,0.0004151716387546842,1,Slower,True,70.0,11.0,2.0,0.0,0.0,12.0,0.0,6.0,0.0,0.0,0.0,0.0,-65.0,-11.0
22/mutation_4~mutation_6,22,mutation_4,mutation_6,mut_mut,2624.5,2635.5,0.4577777777777778,0.4577777777777778,0.7288888888888889,0.057777777777777775,0.7734444444444438,medium,False,0.017168673754080984,0.03761592364267789,1,Slower,True,64.0,5.0,2.0,0.0,0.0,12.0,0.0,0.0,0.0,0.0,0.0,0.0,-65.0,-11.0
22/mutation_4~mutation_7,22,mutation_4,mutation_7,mut_mut,2624.5,1288.5,-1.0,1.0,0.0,-1.0,-1.0,large,False,0.9999986174776383,0.9999986384769016,0,Faster or stable,False,-1.0,-1.0,2.0,0.0,0.0,3.0,0.0,0.0,0.0,0.0,0.0,0.0,0.0,0.0
22/mutation_4~mutation_8,22,mutation_4,mutation_8,mut_mut,2624.5,2719.5,1.0,1.0,1.0,1.0,1.0,large,False,1.6832139963232752e-06,5.818996331048556e-06,1,Slower,True,0.0,0.0,2.0,0.0,0.0,0.0,1.0,0.0,0.0,0.0,0.0,0.0,0.0,0.0
22/mutation_5~mutation_6,22,mutation_5,mutation_6,mut_mut,2653.5,2635.5,-0.3288888888888889,0.3288888888888889,0.33555555555555555,-0.7333333333333333,0.08444444444444445,small,False,0.9401190420521442,0.9999986384769016,0,Faster or stable,False,-6.0,-6.0,0.0,0.0,0.0,0.0,0.0,-6.0,0.0,0.0,0.0,0.0,0.0,0.0
22/mutation_5~mutation_7,22,mutation_5,mutation_7,mut_mut,2653.5,1288.5,-1.0,1.0,0.0,-1.0,-1.0,large,False,0.9999986174776383,0.9999986384769016,0,Faster or stable,False,-71.0,-12.0,0.0,0.0,0.0,-9.0,0.0,-6.0,0.0,0.0,0.0,0.0,65.0,11.0
22/mutation_5~mutation_8,22,mutation_5,mutation_8,mut_mut,2653.5,2719.5,0.9911111111111112,0.9911111111111112,0.9955555555555555,0.9466666666666667,1.0,large,False,2.0563648394728425e-06,6.897170548126285e-06,1,Slower,True,-70.0,-11.0,0.0,0.0,0.0,-12.0,1.0,-6.0,0.0,0.0,0.0,0.0,65.0,11.0
22/mutation_6~mutation_7,22,mutation_6,mutation_7,mut_mut,2635.5,1288.5,-1.0,1.0,0.0,-1.0,-1.0,large,False,0.9999986139518094,0.9999986384769016,0,Faster or stable,False,-65.0,-6.0,0.0,0.0,0.0,-9.0,0.0,0.0,0.0,0.0,0.0,0.0,65.0,11.0
22/mutation_6~mutation_8,22,mutation_6,mutation_8,mut_mut,2635.5,2719.5,0.9911111111111112,0.9911111111111112,0.9955555555555555,0.9466666666666667,1.0,large,False,2.061436284754976e-06,6.897170548126285e-06,1,Slower,True,-64.0,-5.0,0.0,0.0,0.0,-12.0,1.0,0.0,0.0,0.0,0.0,0.0,65.0,11.0
22/mutation_7~mutation_8,22,mutation_7,mutation_8,mut_mut,1288.5,2719.5,1.0,1.0,1.0,1.0,1.0,large,False,1.6874374779290916e-06,5.818996331048556e-06,1,Slower,True,1.0,1.0,0.0,0.0,0.0,-3.0,1.0,0.0,0.0,0.0,0.0,0.0,0.0,0.0
23/mutation_1,23,base,mutation_1,base_mut,2429.0,2500.0,0.5022222222222222,0.5022222222222222,0.7511111111111111,0.09288888888888892,0.8666666666666667,large,False,0.010095707484602123,0.02914586856424265,1,Slower,True,0.0,0.0,0.0,0.0,0.0,0.0,0.0,0.0,0.0,0.0,0.0,0.0,29.0,5.0
23/mutation_2,23,base,mutation_2,base_mut,2429.0,2431.5,-0.1288888888888889,0.1288888888888889,0.4355555555555556,-0.5288888888888889,0.3244444444444444,negligible,False,0.7331080435742359,0.9327097451542326,0,Faster or stable,False,0.0,0.0,0.0,0.0,6.0,0.0,0.0,0.0,0.0,0.0,0.0,-3.0,-8.0,-1.0
23/mutation_3,23,base,mutation_3,base_mut,2429.0,2461.0,0.22666666666666666,0.22666666666666666,0.6133333333333333,-0.19111111111111112,0.6355555555555555,small,False,0.14987918504435754,0.289301682760039,0,Faster or stable,False,0.0,0.0,0.0,0.0,0.0,0.0,0.0,0.0,0.0,0.0,0.0,6.0,0.0,0.0
23/mutation_4,23,base,mutation_4,base_mut,2429.0,2540.5,0.7066666666666667,0.7066666666666667,0.8533333333333333,0.3688888888888889,0.9466666666666667,large,False,0.0005243368297338161,0.0021491336724892215,1,Slower,True,1.0,1.0,0.0,0.0,0.0,-2.0,0.0,-4.0,1.0,1.0,0.0,-40.0,-46.0,-4.0
23/mutation_5,23,base,mutation_5,base_mut,2429.0,2482.0,0.41333333333333333,0.41333333333333333,0.7066666666666667,-0.0044444444444444444,0.7955555555555556,medium,True,0.028196182113415784,0.07091767016404577,1,Slower,False,54.0,11.0,0.0,0.0,0.0,-2.0,0.0,4.0,0.0,0.0,0.0,0.0,-50.0,-8.0
23/mutation_6,23,base,mutation_6,base_mut,2429.0,2472.0,0.30666666666666664,0.30666666666666664,0.6533333333333333,-0.1202222222222222,0.7422222222222222,small,True,0.07923230299910178,0.17420612315034298,0,Faster or stable,False,56.0,11.0,0.0,0.0,0.0,-2.0,0.0,0.0,0.0,0.0,0.0,0.0,-52.0,-10.0
23/mutation_7,23,base,mutation_7,base_mut,2429.0,2492.5,0.48,0.48,0.74,0.013333333333333334,0.8667777777777772,large,False,0.013232361769662682,0.03691717737418496,1,Slower,True,0.0,0.0,0.0,0.0,0.0,3.0,0.0,0.0,0.0,0.0,0.0,0.0,0.0,0.0
23/mutation_8,23,base,mutation_8,base_mut,2429.0,2511.5,0.5822222222222222,0.5822222222222222,0.7911111111111111,0.2,0.9111111111111111,large,False,0.003508099617119809,0.01130766090178424,1,Slower,True,1.0,1.0,0.0,0.0,0.0,0.0,1.0,0.0,0.0,0.0,0.0,0.0,0.0,0.0
23/mutation_1~mutation_2,23,mutation_1,mutation_2,mut_mut,2500.0,2431.5,-0.7422222222222222,0.7422222222222222,0.1288888888888889,-0.9644444444444444,-0.4311111111111111,large,False,0.9997535130137749,0.9999986384769016,0,Faster or stable,False,0.0,0.0,0.0,0.0,6.0,0.0,0.0,0.0,0.0,0.0,0.0,-3.0,-37.0,-6.0
23/mutation_1~mutation_3,23,mutation_1,mutation_3,mut_mut,2500.0,2461.0,-0.38666666666666666,0.38666666666666666,0.30666666666666664,-0.7511111111111111,0.04,medium,False,0.9660021247824655,0.9999986384769016,0,Faster or stable,False,0.0,0.0,0.0,0.0,0.0,0.0,0.0,0.0,0.0,0.0,0.0,6.0,-29.0,-5.0
23/mutation_1~mutation_4,23,mutation_1,mutation_4,mut_mut,2500.0,2540.5,0.68,0.68,0.8400000000000001,0.36,0.92,large,False,0.0008088845366032398,0.002053322285223609,1,Slower,True,1.0,1.0,0.0,0.0,0.0,-2.0,0.0,-4.0,1.0,1.0,0.0,-40.0,-75.0,-9.0
23/mutation_1~mutation_5,23,mutation_1,mutation_5,mut_mut,2500.0,2482.0,-0.1511111111111111,0.1511111111111111,0.42444444444444446,-0.5644444444444444,0.27566666666666606,small,False,0.7660643509259297,0.9999986384769016,0,Faster or stable,False,54.0,11.0,0.0,0.0,0.0,-2.0,0.0,4.0,0.0,0.0,0.0,0.0,-79.0,-13.0
23/mutation_1~mutation_6,23,mutation_1,mutation_6,mut_mut,2500.0,2472.0,-0.43555555555555553,0.43555555555555553,0.28222222222222226,-0.7955555555555556,-0.07555555555555556,medium,False,0.9799827503571478,0.9999986384769016,0,Faster or stable,False,56.0,11.0,0.0,0.0,0.0,-2.0,0.0,0.0,0.0,0.0,0.0,0.0,-81.0,-15.0
23/mutation_1~mutation_7,23,mutation_1,mutation_7,mut_mut,2500.0,2492.5,0.008888888888888889,0.008888888888888889,0.5044444444444445,-0.4311111111111111,0.4444444444444444,negligible,False,0.49172599530595074,0.7727122783379227,0,Faster or stable,False,0.0,0.0,0.0,0.0,0.0,3.0,0.0,0.0,0.0,0.0,0.0,0.0,-29.0,-5.0
23/mutation_1~mutation_8,23,mutation_1,mutation_8,mut_mut,2500.0,2511.5,0.24444444444444444,0.24444444444444444,0.6222222222222222,-0.16444444444444445,0.6533333333333333,small,True,0.13137652057383037,0.24690863665634452,0,Faster or stable,False,1.0,1.0,0.0,0.0,0.0,0.0,1.0,0.0,0.0,0.0,0.0,0.0,-29.0,-5.0
23/mutation_2~mutation_3,23,mutation_2,mutation_3,mut_mut,2431.5,2461.0,0.4177777777777778,0.4177777777777778,0.7088888888888889,0.004222222222222235,0.76,medium,True,0.026855539655259452,0.0576136051495241,1,Slower,False,0.0,0.0,0.0,0.0,-6.0,0.0,0.0,0.0,0.0,0.0,0.0,9.0,8.0,1.0
23/mutation_2~mutation_4,23,mutation_2,mutation_4,mut_mut,2431.5,2540.5,0.9644444444444444,0.9644444444444444,0.9822222222222222,0.8666666666666667,1.0,large,False,3.7211824040353054e-06,1.1956945114349497e-05,1,Slower,True,1.0,1.0,0.0,0.0,-6.0,-2.0,0.0,-4.0,1.0,1.0,0.0,-37.0,-38.0,-3.0
23/mutation_2~mutation_5,23,mutation_2,mutation_5,mut_mut,2431.5,2482.0,0.6,0.6,0.8,0.24444444444444444,0.8933333333333333,large,False,0.0027234763516343842,0.006599871417999523,1,Slower,True,54.0,11.0,0.0,0.0,-6.0,-2.0,0.0,4.0,0.0,0.0,0.0,3.0,-42.0,-7.0
23/mutation_2~mutation_6,23,mutation_2,mutation_6,mut_mut,2431.5,2472.0,0.5022222222222222,0.5022222222222222,0.7511111111111111,0.10222222222222223,0.8311111111111111,large,False,0.010088764738048109,0.022837467334120128,1,Slower,True,56.0,11.0,0.0,0.0,-6.0,-2.0,0.0,0.0,0.0,0.0,0.0,3.0,-44.0,-9.0
23/mutation_2~mutation_7,23,mutation_2,mutation_7,mut_mut,2431.5,2492.5,0.7688888888888888,0.7688888888888888,0.8844444444444444,0.4666666666666667,1.0,large,False,0.00018019434537843533,0.00048367955864737905,1,Slower,True,0.0,0.0,0.0,0.0,-6.0,3.0,0.0,0.0,0.0,0.0,0.0,3.0,8.0,1.0
23/mutation_2~mutation_8,23,mutation_2,mutation_8,mut_mut,2431.5,2511.5,0.8311111111111111,0.8311111111111111,0.9155555555555556,0.5733333333333334,0.9822222222222222,large,False,5.7185174531244724e-05,0.0001608064306367333,1,Slower,True,1.0,1.0,0.0,0.0,-6.0,0.0,1.0,0.0,0.0,0.0,0.0,3.0,8.0,1.0
23/mutation_3~mutation_4,23,mutation_3,mutation_4,mut_mut,2461.0,2540.5,0.7022222222222222,0.7022222222222222,0.8511111111111112,0.39555555555555555,0.9555555555555556,large,False,0.0005634723906905949,0.0014500367485202922,1,Slower,True,1.0,1.0,0.0,0.0,0.0,-2.0,0.0,-4.0,1.0,1.0,0.0,-46.0,-46.0,-4.0
23/mutation_3~mutation_5,23,mutation_3,mutation_5,mut_mut,2461.0,2482.0,0.21777777777777776,0.21777777777777776,0.6088888888888889,-0.2,0.6357777777777766,small,False,0.1597529824459874,0.29288046781764354,0,Faster or stable,False,54.0,11.0,0.0,0.0,0.0,-2.0,0.0,4.0,0.0,0.0,0.0,-6.0,-50.0,-8.0
23/mutation_3~mutation_6,23,mutation_3,mutation_6,mut_mut,2461.0,2472.0,0.07555555555555556,0.07555555555555556,0.5377777777777778,-0.3422222222222222,0.5022222222222222,negligible,False,0.37001087559690926,0.6060616093718718,0,Faster or stable,False,56.0,11.0,0.0,0.0,0.0,-2.0,0.0,0.0,0.0,0.0,0.0,-6.0,-52.0,-10.0
23/mutation_3~mutation_7,23,mutation_3,mutation_7,mut_mut,2461.0,2492.5,0.38222222222222224,0.38222222222222224,0.6911111111111111,-0.08,0.7778888888888883,medium,True,0.03894906420847321,0.08077791135287789,1,Slower,False,0.0,0.0,0.0,0.0,0.0,3.0,0.0,0.0,0.0,0.0,0.0,-6.0,0.0,0.0
23/mutation_3~mutation_8,23,mutation_3,mutation_8,mut_mut,2461.0,2511.5,0.4577777777777778,0.4577777777777778,0.7288888888888889,0.048666666666666684,0.8044444444444444,medium,False,0.017198724446251125,0.03761592364267789,1,Slower,True,1.0,1.0,0.0,0.0,0.0,0.0,1.0,0.0,0.0,0.0,0.0,-6.0,0.0,0.0
23/mutation_4~mutation_5,23,mutation_4,mutation_5,mut_mut,2540.5,2482.0,-0.6444444444444445,0.6444444444444445,0.17777777777777776,-0.9113333333333333,-0.28888888888888886,large,False,0.9987700697270472,0.9999986384769016,0,Faster or stable,False,53.0,10.0,0.0,0.0,0.0,0.0,0.0,8.0,-1.0,-1.0,0.0,40.0,-4.0,-4.0
23/mutation_4~mutation_6,23,mutation_4,mutation_6,mut_mut,2540.5,2472.0,-0.9555555555555556,0.9555555555555556,0.0222222222222222,-1.0,-0.84,large,False,0.9999962701151605,0.9999986384769016,0,Faster or stable,False,55.0,10.0,0.0,0.0,0.0,0.0,0.0,4.0,-1.0,-1.0,0.0,40.0,-6.0,-6.0
23/mutation_4~mutation_7,23,mutation_4,mutation_7,mut_mut,2540.5,2492.5,-0.8222222222222222,0.8222222222222222,0.0888888888888889,-0.9733333333333334,-0.5911111111111111,large,False,0.9999428148254688,0.9999986384769016,0,Faster or stable,False,-1.0,-1.0,0.0,0.0,0.0,5.0,0.0,4.0,-1.0,-1.0,0.0,40.0,46.0,4.0
23/mutation_4~mutation_8,23,mutation_4,mutation_8,mut_mut,2540.5,2511.5,-0.44,0.44,0.28,-0.76,-0.057777777777777775,medium,False,0.9809665716301623,0.9999986384769016,0,Faster or stable,False,0.0,0.0,0.0,0.0,0.0,2.0,1.0,4.0,-1.0,-1.0,0.0,40.0,46.0,4.0
23/mutation_5~mutation_6,23,mutation_5,mutation_6,mut_mut,2482.0,2472.0,-0.20444444444444446,0.20444444444444446,0.3977777777777778,-0.5822222222222222,0.21333333333333335,small,False,0.8351809368947194,0.9999986384769016,0,Faster or stable,False,2.0,0.0,0.0,0.0,0.0,0.0,0.0,-4.0,0.0,0.0,0.0,0.0,-2.0,-2.0
23/mutation_5~mutation_7,23,mutation_5,mutation_7,mut_mut,2482.0,2492.5,0.19111111111111112,0.19111111111111112,0.5955555555555556,-0.26222222222222225,0.6177777777777778,small,False,0.19186631383125152,0.34499039121580805,0,Faster or stable,False,-54.0,-11.0,0.0,0.0,0.0,5.0,0.0,-4.0,0.0,0.0,0.0,0.0,50.0,8.0
23/mutation_5~mutation_8,23,mutation_5,mutation_8,mut_mut,2482.0,2511.5,0.3377777777777778,0.3377777777777778,0.6688888888888889,-0.07555555555555556,0.7155555555555555,medium,True,0.05990154935297188,0.12109826734060261,1,Slower,False,-53.0,-10.0,0.0,0.0,0.0,2.0,1.0,-4.0,0.0,0.0,0.0,0.0,50.0,8.0
23/mutation_6~mutation_7,23,mutation_6,mutation_7,mut_mut,2472.0,2492.5,0.52,0.52,0.76,0.14666666666666667,0.8313333333333321,large,False,0.008070139946801865,0.01847897351084019,1,Slower,True,-56.0,-11.0,0.0,0.0,0.0,5.0,0.0,0.0,0.0,0.0,0.0,0.0,52.0,10.0
23/mutation_6~mutation_8,23,mutation_6,mutation_8,mut_mut,2472.0,2511.5,0.6711111111111111,0.6711111111111111,0.8355555555555556,0.3333333333333333,0.9288888888888889,large,False,0.0009327323145354444,0.002351743049233188,1,Slower,True,-55.0,-10.0,0.0,0.0,0.0,2.0,1.0,0.0,0.0,0.0,0.0,0.0,52.0,10.0
23/mutation_7~mutation_8,23,mutation_7,mutation_8,mut_mut,2492.5,2511.5,0.3288888888888889,0.3288888888888889,0.6644444444444444,-0.08444444444444445,0.7067777777777772,small,True,0.06499796897157585,0.13069484083531918,0,Faster or stable,False,1.0,1.0,0.0,0.0,0.0,-3.0,1.0,0.0,0.0,0.0,0.0,0.0,0.0,0.0
24/mutation_1,24,base,mutation_1,base_mut,891.0,887.5,-0.12444444444444444,0.12444444444444444,0.43777777777777777,-0.5555555555555556,0.3112222222222216,negligible,False,0.7263576084400399,0.9327097451542326,0,Faster or stable,False,4.0,4.0,0.0,0.0,0.0,0.0,0.0,0.0,0.0,0.0,0.0,0.0,0.0,0.0
24/mutation_2,24,base,mutation_2,base_mut,891.0,874.5,-0.5066666666666667,0.5066666666666667,0.24666666666666665,-0.8222222222222222,-0.11977777777777898,large,False,0.9914724946672402,0.999998645417628,0,Faster or stable,False,0.0,0.0,0.0,0.0,0.0,0.0,0.0,0.0,0.0,0.0,0.0,0.0,0.0,0.0
24/mutation_3,24,base,mutation_3,base_mut,891.0,889.5,-0.12444444444444444,0.12444444444444444,0.43777777777777777,-0.5111111111111111,0.30666666666666664,negligible,False,0.7262906993138483,0.9327097451542326,0,Faster or stable,False,0.0,0.0,0.0,0.0,0.0,0.0,0.0,0.0,0.0,0.0,0.0,0.0,0.0,0.0
24/mutation_4,24,base,mutation_4,base_mut,891.0,881.5,-0.4622222222222222,0.4622222222222222,0.2688888888888889,-0.8044444444444444,-0.06222222222222222,medium,False,0.9853181161001757,0.999998645417628,0,Faster or stable,False,0.0,0.0,0.0,0.0,0.0,0.0,0.0,1.0,0.0,0.0,0.0,0.0,0.0,0.0
24/mutation_5,24,base,mutation_5,base_mut,891.0,880.5,-0.5155555555555555,0.5155555555555555,0.24222222222222223,-0.8444444444444444,-0.1288888888888889,large,False,0.9923880181158758,0.999998645417628,0,Faster or stable,False,3.0,4.0,0.0,0.0,1.0,-1.0,0.0,1.0,0.0,0.0,-2.0,-1.0,-4.0,-4.0
24/mutation_6,24,base,mutation_6,base_mut,891.0,889.0,-0.2,0.2,0.4,-0.6266666666666667,0.23555555555555555,small,False,0.8300914216255388,0.9985157680423148,0,Faster or stable,False,4.0,4.0,0.0,0.0,0.0,-1.0,0.0,0.0,0.0,0.0,0.0,0.0,-4.0,-4.0
24/mutation_7,24,base,mutation_7,base_mut,891.0,1827.5,1.0,1.0,1.0,1.0,1.0,large,False,1.6916697063271091e-06,1.1490660221978891e-05,1,Slower,True,-2.0,-2.0,0.0,0.0,0.0,4.0,0.0,0.0,0.0,0.0,0.0,0.0,3.0,0.0
24/mutation_8,24,base,mutation_8,base_mut,891.0,1267.0,1.0,1.0,1.0,1.0,1.0,large,False,1.6916697063271091e-06,1.1490660221978891e-05,1,Slower,True,1.0,1.0,0.0,0.0,0.0,0.0,1.0,0.0,0.0,0.0,0.0,0.0,0.0,0.0
24/mutation_1~mutation_2,24,mutation_1,mutation_2,mut_mut,887.5,874.5,-0.4711111111111111,0.4711111111111111,0.2644444444444445,-0.7866666666666666,-0.08877777777777839,medium,False,0.9867928099498995,0.9999986384769016,0,Faster or stable,False,-4.0,-4.0,0.0,0.0,0.0,0.0,0.0,0.0,0.0,0.0,0.0,0.0,0.0,0.0
24/mutation_1~mutation_3,24,mutation_1,mutation_3,mut_mut,887.5,889.5,-0.06666666666666667,0.06666666666666667,0.4666666666666667,-0.5022222222222222,0.38222222222222224,negligible,False,0.6300449057050749,0.9375469286486657,0,Faster or stable,False,-4.0,-4.0,0.0,0.0,0.0,0.0,0.0,0.0,0.0,0.0,0.0,0.0,0.0,0.0
24/mutation_1~mutation_4,24,mutation_1,mutation_4,mut_mut,887.5,881.5,-0.3688888888888889,0.3688888888888889,0.3155555555555556,-0.7155555555555555,0.04011111111111051,medium,False,0.9593374330788155,0.9999986384769016,0,Faster or stable,False,-4.0,-4.0,0.0,0.0,0.0,0.0,0.0,1.0,0.0,0.0,0.0,0.0,0.0,0.0
24/mutation_1~mutation_5,24,mutation_1,mutation_5,mut_mut,887.5,880.5,-0.40444444444444444,0.40444444444444444,0.2977777777777778,-0.7602222222222222,0.004666666666665454,medium,False,0.9718175330786052,0.9999986384769016,0,Faster or stable,False,-1.0,0.0,0.0,0.0,1.0,-1.0,0.0,1.0,0.0,0.0,-2.0,-1.0,-4.0,-4.0
24/mutation_1~mutation_6,24,mutation_1,mutation_6,mut_mut,887.5,889.0,-0.0044444444444444444,0.0044444444444444444,0.49777777777777776,-0.4311111111111111,0.4311111111111111,negligible,False,0.5165481313474631,0.8038463286294184,0,Faster or stable,False,0.0,0.0,0.0,0.0,0.0,-1.0,0.0,0.0,0.0,0.0,0.0,0.0,-4.0,-4.0
24/mutation_1~mutation_7,24,mutation_1,mutation_7,mut_mut,887.5,1827.5,1.0,1.0,1.0,1.0,1.0,large,False,1.6916697063271091e-06,5.818996331048556e-06,1,Slower,True,-6.0,-6.0,0.0,0.0,0.0,4.0,0.0,0.0,0.0,0.0,0.0,0.0,3.0,0.0
24/mutation_1~mutation_8,24,mutation_1,mutation_8,mut_mut,887.5,1267.0,1.0,1.0,1.0,1.0,1.0,large,False,1.6916697063271091e-06,5.818996331048556e-06,1,Slower,True,-3.0,-3.0,0.0,0.0,0.0,0.0,1.0,0.0,0.0,0.0,0.0,0.0,0.0,0.0
24/mutation_2~mutation_3,24,mutation_2,mutation_3,mut_mut,874.5,889.5,0.3688888888888889,0.3688888888888889,0.6844444444444444,-0.04022222222222221,0.715666666666666,medium,True,0.044437896338269896,0.09163134954633152,1,Slower,False,0.0,0.0,0.0,0.0,0.0,0.0,0.0,0.0,0.0,0.0,0.0,0.0,0.0,0.0
24/mutation_2~mutation_4,24,mutation_2,mutation_4,mut_mut,874.5,881.5,0.1288888888888889,0.1288888888888889,0.5644444444444444,-0.30677777777777776,0.5645555555555549,negligible,False,0.28068015288601694,0.4822712580981792,0,Faster or stable,False,0.0,0.0,0.0,0.0,0.0,0.0,0.0,1.0,0.0,0.0,0.0,0.0,0.0,0.0
24/mutation_2~mutation_5,24,mutation_2,mutation_5,mut_mut,874.5,880.5,0.08888888888888889,0.08888888888888889,0.5444444444444444,-0.32455555555555554,0.5112222222222216,negligible,False,0.34672658412449053,0.5763635490753043,0,Faster or stable,False,3.0,4.0,0.0,0.0,1.0,-1.0,0.0,1.0,0.0,0.0,-2.0,-1.0,-4.0,-4.0
24/mutation_2~mutation_6,24,mutation_2,mutation_6,mut_mut,874.5,889.0,0.4,0.4,0.7,-0.03133333333333332,0.7555555555555555,medium,True,0.03241777967534192,0.06830433046368371,1,Slower,False,4.0,4.0,0.0,0.0,0.0,-1.0,0.0,0.0,0.0,0.0,0.0,0.0,-4.0,-4.0
24/mutation_2~mutation_7,24,mutation_2,mutation_7,mut_mut,874.5,1827.5,1.0,1.0,1.0,1.0,1.0,large,False,1.6959106954125473e-06,5.818996331048556e-06,1,Slower,True,-2.0,-2.0,0.0,0.0,0.0,4.0,0.0,0.0,0.0,0.0,0.0,0.0,3.0,0.0
24/mutation_2~mutation_8,24,mutation_2,mutation_8,mut_mut,874.5,1267.0,1.0,1.0,1.0,1.0,1.0,large,False,1.6959106954125473e-06,5.818996331048556e-06,1,Slower,True,1.0,1.0,0.0,0.0,0.0,0.0,1.0,0.0,0.0,0.0,0.0,0.0,0.0,0.0
24/mutation_3~mutation_4,24,mutation_3,mutation_4,mut_mut,889.5,881.5,-0.27555555555555555,0.27555555555555555,0.3622222222222222,-0.6801111111111111,0.16455555555555496,small,False,0.9043681532801762,0.9999986384769016,0,Faster or stable,False,0.0,0.0,0.0,0.0,0.0,0.0,0.0,1.0,0.0,0.0,0.0,0.0,0.0,0.0
24/mutation_3~mutation_5,24,mutation_3,mutation_5,mut_mut,889.5,880.5,-0.3511111111111111,0.3511111111111111,0.3244444444444444,-0.72,0.06222222222222222,medium,False,0.9515660181531076,0.9999986384769016,0,Faster or stable,False,3.0,4.0,0.0,0.0,1.0,-1.0,0.0,1.0,0.0,0.0,-2.0,-1.0,-4.0,-4.0
24/mutation_3~mutation_6,24,mutation_3,mutation_6,mut_mut,889.5,889.0,-0.04888888888888889,0.04888888888888889,0.47555555555555556,-0.47555555555555556,0.3688888888888889,negligible,False,0.5983008498358485,0.8987493643449862,0,Faster or stable,False,4.0,4.0,0.0,0.0,0.0,-1.0,0.0,0.0,0.0,0.0,0.0,0.0,-4.0,-4.0
24/mutation_3~mutation_7,24,mutation_3,mutation_7,mut_mut,889.5,1827.5,1.0,1.0,1.0,1.0,1.0,large,False,1.6916697063271091e-06,5.818996331048556e-06,1,Slower,True,-2.0,-2.0,0.0,0.0,0.0,4.0,0.0,0.0,0.0,0.0,0.0,0.0,3.0,0.0
24/mutation_3~mutation_8,24,mutation_3,mutation_8,mut_mut,889.5,1267.0,1.0,1.0,1.0,1.0,1.0,large,False,1.6916697063271091e-06,5.818996331048556e-06,1,Slower,True,1.0,1.0,0.0,0.0,0.0,0.0,1.0,0.0,0.0,0.0,0.0,0.0,0.0,0.0
24/mutation_4~mutation_5,24,mutation_4,mutation_5,mut_mut,881.5,880.5,-0.035555555555555556,0.035555555555555556,0.4822222222222222,-0.4401111111111111,0.37777777777777777,negligible,False,0.5740574126603609,0.8728159410871712,0,Faster or stable,False,3.0,4.0,0.0,0.0,1.0,-1.0,0.0,0.0,0.0,0.0,-2.0,-1.0,-4.0,-4.0
24/mutation_4~mutation_6,24,mutation_4,mutation_6,mut_mut,881.5,889.0,0.3466666666666667,0.3466666666666667,0.6733333333333333,-0.07111111111111111,0.6933333333333334,medium,True,0.05492550700048514,0.11204803428098968,1,Slower,False,4.0,4.0,0.0,0.0,0.0,-1.0,0.0,-1.0,0.0,0.0,0.0,0.0,-4.0,-4.0
24/mutation_4~mutation_7,24,mutation_4,mutation_7,mut_mut,881.5,1827.5,1.0,1.0,1.0,1.0,1.0,large,False,1.6959106954125473e-06,5.818996331048556e-06,1,Slower,True,-2.0,-2.0,0.0,0.0,0.0,4.0,0.0,-1.0,0.0,0.0,0.0,0.0,3.0,0.0
24/mutation_4~mutation_8,24,mutation_4,mutation_8,mut_mut,881.5,1267.0,1.0,1.0,1.0,1.0,1.0,large,False,1.6959106954125473e-06,5.818996331048556e-06,1,Slower,True,1.0,1.0,0.0,0.0,0.0,0.0,1.0,-1.0,0.0,0.0,0.0,0.0,0.0,0.0
24/mutation_5~mutation_6,24,mutation_5,mutation_6,mut_mut,880.5,889.0,0.41333333333333333,0.41333333333333333,0.7066666666666667,0.022222222222222223,0.7688888888888888,medium,True,0.0281687527078361,0.060229957877723686,1,Slower,False,1.0,0.0,0.0,0.0,-1.0,0.0,0.0,-1.0,0.0,0.0,2.0,1.0,0.0,0.0
24/mutation_5~mutation_7,24,mutation_5,mutation_7,mut_mut,880.5,1827.5,1.0,1.0,1.0,1.0,1.0,large,False,1.6959106954125473e-06,5.818996331048556e-06,1,Slower,True,-5.0,-6.0,0.0,0.0,-1.0,5.0,0.0,-1.0,0.0,0.0,2.0,1.0,7.0,4.0
24/mutation_5~mutation_8,24,mutation_5,mutation_8,mut_mut,880.5,1267.0,1.0,1.0,1.0,1.0,1.0,large,False,1.6959106954125473e-06,5.818996331048556e-06,1,Slower,True,-2.0,-3.0,0.0,0.0,-1.0,1.0,1.0,-1.0,0.0,0.0,2.0,1.0,4.0,4.0
24/mutation_6~mutation_7,24,mutation_6,mutation_7,mut_mut,889.0,1827.5,1.0,1.0,1.0,1.0,1.0,large,False,1.6874374779290916e-06,5.818996331048556e-06,1,Slower,True,-6.0,-6.0,0.0,0.0,0.0,5.0,0.0,0.0,0.0,0.0,0.0,0.0,7.0,4.0
24/mutation_6~mutation_8,24,mutation_6,mutation_8,mut_mut,889.0,1267.0,1.0,1.0,1.0,1.0,1.0,large,False,1.6874374779290916e-06,5.818996331048556e-06,1,Slower,True,-3.0,-3.0,0.0,0.0,0.0,1.0,1.0,0.0,0.0,0.0,0.0,0.0,4.0,4.0
24/mutation_7~mutation_8,24,mutation_7,mutation_8,mut_mut,1827.5,1267.0,-1.0,1.0,0.0,-1.0,-1.0,large,False,0.9999986139518094,0.9999986384769016,0,Faster or stable,False,3.0,3.0,0.0,0.0,0.0,-4.0,1.0,0.0,0.0,0.0,0.0,0.0,-3.0,0.0
25/mutation_1,25,base,mutation_1,base_mut,580.0,583.5,0.28,0.28,0.64,-0.13777777777777778,0.6266666666666667,small,True,0.09925292657694385,0.19614268823538902,0,Faster or stable,False,3.0,3.0,0.0,0.0,0.0,0.0,0.0,0.0,0.0,0.0,0.0,0.0,0.0,0.0
25/mutation_2,25,base,mutation_2,base_mut,580.0,562.5,-0.06666666666666667,0.06666666666666667,0.4666666666666667,-0.5156666666666666,0.3556666666666661,negligible,False,0.6300170060846173,0.8434098629842457,0,Faster or stable,False,2.0,2.0,0.0,0.0,0.0,0.0,0.0,0.0,0.0,0.0,0.0,0.0,0.0,0.0
25/mutation_3,25,base,mutation_3,base_mut,580.0,571.5,0.017777777777777778,0.017777777777777778,0.5088888888888888,-0.4267777777777778,0.4578888888888883,negligible,False,0.47519221576880316,0.7138634191639939,0,Faster or stable,False,0.0,0.0,0.0,0.0,0.0,0.0,0.0,0.0,0.0,0.0,0.0,0.0,0.0,0.0
25/mutation_4,25,base,mutation_4,base_mut,580.0,594.0,0.3244444444444444,0.3244444444444444,0.6622222222222223,-0.09788888888888889,0.6888888888888889,small,True,0.06764758695948266,0.1571063977487654,0,Faster or stable,False,1.0,0.0,2.0,0.0,0.0,0.0,0.0,1.0,1.0,1.0,0.0,0.0,0.0,0.0
25/mutation_5,25,base,mutation_5,base_mut,580.0,585.0,0.18666666666666668,0.18666666666666668,0.5933333333333334,-0.23566666666666666,0.5734444444444439,small,False,0.19755276075690587,0.3643750920627375,0,Faster or stable,False,1.0,1.0,0.0,0.0,0.0,0.0,0.0,1.0,0.0,0.0,0.0,0.0,0.0,0.0
25/mutation_6,25,base,mutation_6,base_mut,580.0,577.5,-0.04888888888888889,0.04888888888888889,0.47555555555555556,-0.49333333333333335,0.37777777777777777,negligible,False,0.5982687128426144,0.8140960695322325,0,Faster or stable,False,-1.0,-1.0,0.0,0.0,0.0,0.0,0.0,-1.0,0.0,0.0,0.0,0.0,0.0,0.0
25/mutation_7,25,base,mutation_7,base_mut,580.0,622.5,0.7688888888888888,0.7688888888888888,0.8844444444444444,0.47533333333333333,0.9822222222222222,large,False,0.00018046735978708705,0.0007781190058352324,1,Slower,True,4.0,1.0,0.0,0.0,0.0,0.0,0.0,0.0,0.0,0.0,0.0,0.0,0.0,0.0
25/mutation_8,25,base,mutation_8,base_mut,580.0,1123.5,1.0,1.0,1.0,1.0,1.0,large,False,1.6959106954125473e-06,1.1490660221978891e-05,1,Slower,True,1.0,1.0,0.0,0.0,0.0,0.0,1.0,0.0,0.0,0.0,0.0,0.0,0.0,0.0
25/mutation_1~mutation_2,25,mutation_1,mutation_2,mut_mut,583.5,562.5,-0.4622222222222222,0.4622222222222222,0.2688888888888889,-0.8223333333333332,-0.057777777777777775,medium,False,0.9852910553003963,0.9999986384769016,0,Faster or stable,False,-1.0,-1.0,0.0,0.0,0.0,0.0,0.0,0.0,0.0,0.0,0.0,0.0,0.0,0.0
25/mutation_1~mutation_3,25,mutation_1,mutation_3,mut_mut,583.5,571.5,-0.3333333333333333,0.3333333333333333,0.33333333333333337,-0.7066666666666667,0.08444444444444445,medium,False,0.9425062903992202,0.9999986384769016,0,Faster or stable,False,-3.0,-3.0,0.0,0.0,0.0,0.0,0.0,0.0,0.0,0.0,0.0,0.0,0.0,0.0
25/mutation_1~mutation_4,25,mutation_1,mutation_4,mut_mut,583.5,594.0,0.02666666666666667,0.02666666666666667,0.5133333333333333,-0.38666666666666666,0.4577777777777778,negligible,False,0.45870105240797304,0.731054802275207,0,Faster or stable,False,-2.0,-3.0,2.0,0.0,0.0,0.0,0.0,1.0,1.0,1.0,0.0,0.0,0.0,0.0
25/mutation_1~mutation_5,25,mutation_1,mutation_5,mut_mut,583.5,585.0,-0.10666666666666667,0.10666666666666667,0.44666666666666666,-0.5377777777777778,0.3377777777777778,negligible,False,0.6979569637407254,0.9999986384769016,0,Faster or stable,False,-2.0,-2.0,0.0,0.0,0.0,0.0,0.0,1.0,0.0,0.0,0.0,0.0,0.0,0.0
25/mutation_1~mutation_6,25,mutation_1,mutation_6,mut_mut,583.5,577.5,-0.3688888888888889,0.3688888888888889,0.3155555555555556,-0.7334444444444443,0.01788888888888828,medium,False,0.9592865789195894,0.9999986384769016,0,Faster or stable,False,-4.0,-4.0,0.0,0.0,0.0,0.0,0.0,-1.0,0.0,0.0,0.0,0.0,0.0,0.0
25/mutation_1~mutation_7,25,mutation_1,mutation_7,mut_mut,583.5,622.5,0.6222222222222222,0.6222222222222222,0.8111111111111111,0.28888888888888886,0.8933333333333333,large,False,0.001969246960153652,0.004792830996295873,1,Slower,True,1.0,-2.0,0.0,0.0,0.0,0.0,0.0,0.0,0.0,0.0,0.0,0.0,0.0,0.0
25/mutation_1~mutation_8,25,mutation_1,mutation_8,mut_mut,583.5,1123.5,1.0,1.0,1.0,1.0,1.0,large,False,1.6959106954125473e-06,5.818996331048556e-06,1,Slower,True,-2.0,-2.0,0.0,0.0,0.0,0.0,1.0,0.0,0.0,0.0,0.0,0.0,0.0,0.0
25/mutation_2~mutation_3,25,mutation_2,mutation_3,mut_mut,562.5,571.5,0.18222222222222223,0.18222222222222223,0.5911111111111111,-0.25333333333333335,0.5646666666666654,small,False,0.20339341669923255,0.36396716672494245,0,Faster or stable,False,-2.0,-2.0,0.0,0.0,0.0,0.0,0.0,0.0,0.0,0.0,0.0,0.0,0.0,0.0
25/mutation_2~mutation_4,25,mutation_2,mutation_4,mut_mut,562.5,594.0,0.47555555555555556,0.47555555555555556,0.7377777777777778,0.06666666666666667,0.8579999999999988,large,False,0.013962528676653705,0.030777911935570643,1,Slower,True,-1.0,-2.0,2.0,0.0,0.0,0.0,0.0,1.0,1.0,1.0,0.0,0.0,0.0,0.0
25/mutation_2~mutation_5,25,mutation_2,mutation_5,mut_mut,562.5,585.0,0.25333333333333335,0.25333333333333335,0.6266666666666667,-0.15555555555555556,0.6533333333333333,small,True,0.12268997817836824,0.23263021228877145,0,Faster or stable,False,-1.0,-1.0,0.0,0.0,0.0,0.0,0.0,1.0,0.0,0.0,0.0,0.0,0.0,0.0
25/mutation_2~mutation_6,25,mutation_2,mutation_6,mut_mut,562.5,577.5,0.044444444444444446,0.044444444444444446,0.5222222222222223,-0.39122222222222225,0.4488888888888889,negligible,False,0.42595887778031766,0.6847075370623444,0,Faster or stable,False,-3.0,-3.0,0.0,0.0,0.0,0.0,0.0,-1.0,0.0,0.0,0.0,0.0,0.0,0.0
25/mutation_2~mutation_7,25,mutation_2,mutation_7,mut_mut,562.5,622.5,0.7955555555555556,0.7955555555555556,0.8977777777777778,0.49333333333333335,1.0,large,False,0.0001114466455423376,0.000304983259264641,1,Slower,True,2.0,-1.0,0.0,0.0,0.0,0.0,0.0,0.0,0.0,0.0,0.0,0.0,0.0,0.0
25/mutation_2~mutation_8,25,mutation_2,mutation_8,mut_mut,562.5,1123.5,1.0,1.0,1.0,1.0,1.0,large,False,1.6959106954125473e-06,5.818996331048556e-06,1,Slower,True,-1.0,-1.0,0.0,0.0,0.0,0.0,1.0,0.0,0.0,0.0,0.0,0.0,0.0,0.0
25/mutation_3~mutation_4,25,mutation_3,mutation_4,mut_mut,571.5,594.0,0.4,0.4,0.7,-0.02666666666666667,0.7779999999999988,medium,True,0.03244760083524369,0.06830433046368371,1,Slower,False,1.0,0.0,2.0,0.0,0.0,0.0,0.0,1.0,1.0,1.0,0.0,0.0,0.0,0.0
25/mutation_3~mutation_5,25,mutation_3,mutation_5,mut_mut,571.5,585.0,0.17333333333333334,0.17333333333333334,0.5866666666666667,-0.2578888888888889,0.5867777777777772,small,False,0.21527270847305946,0.37986402878108744,0,Faster or stable,False,1.0,1.0,0.0,0.0,0.0,0.0,0.0,1.0,0.0,0.0,0.0,0.0,0.0,0.0
25/mutation_3~mutation_6,25,mutation_3,mutation_6,mut_mut,571.5,577.5,-0.10222222222222223,0.10222222222222223,0.4488888888888889,-0.49333333333333335,0.3422222222222222,negligible,False,0.6906652214588689,0.9999986384769016,0,Faster or stable,False,-1.0,-1.0,0.0,0.0,0.0,0.0,0.0,-1.0,0.0,0.0,0.0,0.0,0.0,0.0
25/mutation_3~mutation_7,25,mutation_3,mutation_7,mut_mut,571.5,622.5,0.76,0.76,0.88,0.4488888888888889,0.9822222222222222,large,False,0.00021123378834695988,0.0005616215889224858,1,Slower,True,4.0,1.0,0.0,0.0,0.0,0.0,0.0,0.0,0.0,0.0,0.0,0.0,0.0,0.0
25/mutation_3~mutation_8,25,mutation_3,mutation_8,mut_mut,571.5,1123.5,1.0,1.0,1.0,1.0,1.0,large,False,1.6959106954125473e-06,5.818996331048556e-06,1,Slower,True,1.0,1.0,0.0,0.0,0.0,0.0,1.0,0.0,0.0,0.0,0.0,0.0,0.0,0.0
25/mutation_4~mutation_5,25,mutation_4,mutation_5,mut_mut,594.0,585.0,-0.1111111111111111,0.1111111111111111,0.4444444444444444,-0.538,0.3244444444444444,negligible,False,0.7051307033406964,0.9999986384769016,0,Faster or stable,False,0.0,1.0,-2.0,0.0,0.0,0.0,0.0,0.0,-1.0,-1.0,0.0,0.0,0.0,0.0
25/mutation_4~mutation_6,25,mutation_4,mutation_6,mut_mut,594.0,577.5,-0.4622222222222222,0.4622222222222222,0.2688888888888889,-0.8089999999999999,-0.07555555555555556,medium,False,0.9852910553003963,0.9999986384769016,0,Faster or stable,False,-2.0,-1.0,-2.0,0.0,0.0,0.0,0.0,-2.0,-1.0,-1.0,0.0,0.0,0.0,0.0
25/mutation_4~mutation_7,25,mutation_4,mutation_7,mut_mut,594.0,622.5,0.6266666666666667,0.6266666666666667,0.8133333333333334,0.27111111111111114,0.9022222222222223,large,False,0.0018452925993403568,0.004500909340130175,1,Slower,True,3.0,1.0,-2.0,0.0,0.0,0.0,0.0,-1.0,-1.0,-1.0,0.0,0.0,0.0,0.0
25/mutation_4~mutation_8,25,mutation_4,mutation_8,mut_mut,594.0,1123.5,1.0,1.0,1.0,1.0,1.0,large,False,1.6959106954125473e-06,5.818996331048556e-06,1,Slower,True,0.0,1.0,-2.0,0.0,0.0,0.0,1.0,-1.0,-1.0,-1.0,0.0,0.0,0.0,0.0
25/mutation_5~mutation_6,25,mutation_5,mutation_6,mut_mut,585.0,577.5,-0.25333333333333335,0.25333333333333335,0.3733333333333333,-0.6355555555555555,0.16444444444444445,small,False,0.8854855166876527,0.9999986384769016,0,Faster or stable,False,-2.0,-2.0,0.0,0.0,0.0,0.0,0.0,-2.0,0.0,0.0,0.0,0.0,0.0,0.0
25/mutation_5~mutation_7,25,mutation_5,mutation_7,mut_mut,585.0,622.5,0.6355555555555555,0.6355555555555555,0.8177777777777777,0.30666666666666664,0.8934444444444438,large,False,0.001611654106644834,0.003939598927354039,1,Slower,True,3.0,0.0,0.0,0.0,0.0,0.0,0.0,-1.0,0.0,0.0,0.0,0.0,0.0,0.0
25/mutation_5~mutation_8,25,mutation_5,mutation_8,mut_mut,585.0,1123.5,1.0,1.0,1.0,1.0,1.0,large,False,1.6959106954125473e-06,5.818996331048556e-06,1,Slower,True,0.0,0.0,0.0,0.0,0.0,0.0,1.0,-1.0,0.0,0.0,0.0,0.0,0.0,0.0
25/mutation_6~mutation_7,25,mutation_6,mutation_7,mut_mut,577.5,622.5,0.7777777777777778,0.7777777777777778,0.8888888888888888,0.49333333333333335,0.9733333333333334,large,False,0.00015393173058997204,0.0004151716387546842,1,Slower,True,5.0,2.0,0.0,0.0,0.0,0.0,0.0,1.0,0.0,0.0,0.0,0.0,0.0,0.0
25/mutation_6~mutation_8,25,mutation_6,mutation_8,mut_mut,577.5,1123.5,1.0,1.0,1.0,1.0,1.0,large,False,1.6959106954125473e-06,5.818996331048556e-06,1,Slower,True,2.0,2.0,0.0,0.0,0.0,0.0,1.0,1.0,0.0,0.0,0.0,0.0,0.0,0.0
25/mutation_7~mutation_8,25,mutation_7,mutation_8,mut_mut,622.5,1123.5,1.0,1.0,1.0,1.0,1.0,large,False,1.6959106954125473e-06,5.818996331048556e-06,1,Slower,True,-3.0,0.0,0.0,0.0,0.0,0.0,1.0,0.0,0.0,0.0,0.0,0.0,0.0,0.0
26/mutation_1,26,base,mutation_1,base_mut,2447.0,2454.0,0.13777777777777778,0.13777777777777778,0.5688888888888889,-0.28888888888888886,0.5288888888888889,negligible,False,0.26684642768289524,0.46154002088295404,0,Faster or stable,False,3.0,3.0,0.0,0.0,0.0,0.0,0.0,0.0,0.0,0.0,3.0,0.0,0.0,0.0
26/mutation_2,26,base,mutation_2,base_mut,2447.0,2331.5,-0.9111111111111111,0.9111111111111111,0.04444444444444445,-1.0,-0.7333333333333333,large,False,0.9999903240861447,0.999998645417628,0,Faster or stable,False,0.0,0.0,0.0,0.0,0.0,0.0,0.0,0.0,0.0,0.0,0.0,0.0,0.0,0.0
26/mutation_3,26,base,mutation_3,base_mut,2447.0,2422.5,-0.06222222222222222,0.06222222222222222,0.4688888888888889,-0.48444444444444446,0.36,negligible,False,0.622145346067298,0.8396433125786298,0,Faster or stable,False,1.0,1.0,0.0,0.0,0.0,0.0,0.0,1.0,0.0,0.0,-3.0,-1.0,0.0,0.0
26/mutation_4,26,base,mutation_4,base_mut,2447.0,1702.0,-1.0,1.0,0.0,-1.0,-1.0,large,False,0.9999986139518094,0.999998645417628,0,Faster or stable,False,-3.0,-3.0,1.0,0.0,0.0,-2.0,0.0,0.0,1.0,1.0,-4.0,0.0,4.0,4.0
26/mutation_6,26,base,mutation_6,base_mut,2447.0,2404.5,-0.13333333333333333,0.13333333333333333,0.43333333333333335,-0.5688888888888889,0.28444444444444444,negligible,False,0.7398819727776498,0.9340247974302709,0,Faster or stable,False,2.0,0.0,0.0,0.0,0.0,-2.0,0.0,0.0,0.0,0.0,2.0,0.0,0.0,0.0
26/mutation_7,26,base,mutation_7,base_mut,2447.0,3652.0,1.0,1.0,1.0,1.0,1.0,large,False,1.6959106954125473e-06,1.1490660221978891e-05,1,Slower,True,-2.0,-2.0,0.0,0.0,0.0,3.0,0.0,0.0,0.0,0.0,-4.0,0.0,4.0,4.0
26/mutation_8,26,base,mutation_8,base_mut,2447.0,2479.0,0.28,0.28,0.64,-0.1288888888888889,0.6622222222222223,small,True,0.09920299113889874,0.19614268823538902,0,Faster or stable,False,1.0,1.0,0.0,0.0,0.0,0.0,1.0,0.0,0.0,0.0,0.0,0.0,0.0,0.0
26/mutation_1~mutation_2,26,mutation_1,mutation_2,mut_mut,2454.0,2331.5,-0.9288888888888889,0.9288888888888889,0.03555555555555556,-1.0,-0.7777777777777778,large,False,0.9999933673271938,0.9999986384769016,0,Faster or stable,False,-3.0,-3.0,0.0,0.0,0.0,0.0,0.0,0.0,0.0,0.0,-3.0,0.0,0.0,0.0
26/mutation_1~mutation_3,26,mutation_1,mutation_3,mut_mut,2454.0,2422.5,-0.26222222222222225,0.26222222222222225,0.3688888888888889,-0.6533333333333333,0.15555555555555556,small,False,0.8933386087295276,0.9999986384769016,0,Faster or stable,False,-2.0,-2.0,0.0,0.0,0.0,0.0,0.0,1.0,0.0,0.0,-6.0,-1.0,0.0,0.0
26/mutation_1~mutation_4,26,mutation_1,mutation_4,mut_mut,2454.0,1702.0,-1.0,1.0,0.0,-1.0,-1.0,large,False,0.9999986174776383,0.9999986384769016,0,Faster or stable,False,-6.0,-6.0,1.0,0.0,0.0,-2.0,0.0,0.0,1.0,1.0,-7.0,0.0,4.0,4.0
26/mutation_1~mutation_6,26,mutation_1,mutation_6,mut_mut,2454.0,2404.5,-0.24444444444444444,0.24444444444444444,0.37777777777777777,-0.6355555555555555,0.15555555555555556,small,False,0.8772837581982537,0.9999986384769016,0,Faster or stable,False,-1.0,-3.0,0.0,0.0,0.0,-2.0,0.0,0.0,0.0,0.0,-1.0,0.0,0.0,0.0
26/mutation_1~mutation_7,26,mutation_1,mutation_7,mut_mut,2454.0,3652.0,1.0,1.0,1.0,1.0,1.0,large,False,1.6916697063271091e-06,5.818996331048556e-06,1,Slower,True,-5.0,-5.0,0.0,0.0,0.0,3.0,0.0,0.0,0.0,0.0,-7.0,0.0,4.0,4.0
26/mutation_1~mutation_8,26,mutation_1,mutation_8,mut_mut,2454.0,2479.0,0.10222222222222223,0.10222222222222223,0.5511111111111111,-0.32455555555555554,0.5022222222222222,negligible,False,0.32404720076567695,0.5484184716438663,0,Faster or stable,False,-2.0,-2.0,0.0,0.0,0.0,0.0,1.0,0.0,0.0,0.0,-3.0,0.0,0.0,0.0
26/mutation_2~mutation_3,26,mutation_2,mutation_3,mut_mut,2331.5,2422.5,0.9288888888888889,0.9288888888888889,0.9644444444444444,0.7866666666666666,1.0,large,False,8.026546401011834e-06,2.4946773024751464e-05,1,Slower,True,1.0,1.0,0.0,0.0,0.0,0.0,0.0,1.0,0.0,0.0,-3.0,-1.0,0.0,0.0
26/mutation_2~mutation_4,26,mutation_2,mutation_4,mut_mut,2331.5,1702.0,-1.0,1.0,0.0,-1.0,-1.0,large,False,0.9999986139518094,0.9999986384769016,0,Faster or stable,False,-3.0,-3.0,1.0,0.0,0.0,-2.0,0.0,0.0,1.0,1.0,-4.0,0.0,4.0,4.0
26/mutation_2~mutation_6,26,mutation_2,mutation_6,mut_mut,2331.5,2404.5,0.7333333333333333,0.7333333333333333,0.8666666666666667,0.44,0.9555555555555556,large,False,0.0003354517025501856,0.0008793850707039912,1,Slower,True,2.0,0.0,0.0,0.0,0.0,-2.0,0.0,0.0,0.0,0.0,2.0,0.0,0.0,0.0
26/mutation_2~mutation_7,26,mutation_2,mutation_7,mut_mut,2331.5,3652.0,1.0,1.0,1.0,1.0,1.0,large,False,1.6959106954125473e-06,5.818996331048556e-06,1,Slower,True,-2.0,-2.0,0.0,0.0,0.0,3.0,0.0,0.0,0.0,0.0,-4.0,0.0,4.0,4.0
26/mutation_2~mutation_8,26,mutation_2,mutation_8,mut_mut,2331.5,2479.0,0.9733333333333334,0.9733333333333334,0.9866666666666667,0.8933333333333333,1.0,large,False,3.0758193705482895e-06,9.945444765865075e-06,1,Slower,True,1.0,1.0,0.0,0.0,0.0,0.0,1.0,0.0,0.0,0.0,0.0,0.0,0.0,0.0
26/mutation_3~mutation_4,26,mutation_3,mutation_4,mut_mut,2422.5,1702.0,-1.0,1.0,0.0,-1.0,-1.0,large,False,0.9999986139518094,0.9999986384769016,0,Faster or stable,False,-4.0,-4.0,1.0,0.0,0.0,-2.0,0.0,-1.0,1.0,1.0,-1.0,1.0,4.0,4.0
26/mutation_3~mutation_6,26,mutation_3,mutation_6,mut_mut,2422.5,2404.5,-0.05333333333333334,0.05333333333333334,0.47333333333333333,-0.4667777777777778,0.36,negligible,False,0.6062804012871384,0.9082064222218549,0,Faster or stable,False,1.0,-1.0,0.0,0.0,0.0,-2.0,0.0,-1.0,0.0,0.0,5.0,1.0,0.0,0.0
26/mutation_3~mutation_7,26,mutation_3,mutation_7,mut_mut,2422.5,3652.0,1.0,1.0,1.0,1.0,1.0,large,False,1.6959106954125473e-06,5.818996331048556e-06,1,Slower,True,-3.0,-3.0,0.0,0.0,0.0,3.0,0.0,-1.0,0.0,0.0,-1.0,1.0,4.0,4.0
26/mutation_3~mutation_8,26,mutation_3,mutation_8,mut_mut,2422.5,2479.0,0.38666666666666666,0.38666666666666666,0.6933333333333334,-0.022444444444444434,0.76,medium,True,0.0372478459569933,0.07753633240027177,1,Slower,False,0.0,0.0,0.0,0.0,0.0,0.0,1.0,-1.0,0.0,0.0,3.0,1.0,0.0,0.0
26/mutation_4~mutation_6,26,mutation_4,mutation_6,mut_mut,1702.0,2404.5,1.0,1.0,1.0,1.0,1.0,large,False,1.6959106954125473e-06,5.818996331048556e-06,1,Slower,True,5.0,3.0,-1.0,0.0,0.0,0.0,0.0,0.0,-1.0,-1.0,6.0,0.0,-4.0,-4.0
26/mutation_4~mutation_7,26,mutation_4,mutation_7,mut_mut,1702.0,3652.0,1.0,1.0,1.0,1.0,1.0,large,False,1.6959106954125473e-06,5.818996331048556e-06,1,Slower,True,1.0,1.0,-1.0,0.0,0.0,5.0,0.0,0.0,-1.0,-1.0,0.0,0.0,0.0,0.0
26/mutation_4~mutation_8,26,mutation_4,mutation_8,mut_mut,1702.0,2479.0,1.0,1.0,1.0,1.0,1.0,large,False,1.6959106954125473e-06,5.818996331048556e-06,1,Slower,True,4.0,4.0,-1.0,0.0,0.0,2.0,1.0,0.0,-1.0,-1.0,4.0,0.0,-4.0,-4.0
26/mutation_6~mutation_7,26,mutation_6,mutation_7,mut_mut,2404.5,3652.0,1.0,1.0,1.0,1.0,1.0,large,False,1.6959106954125473e-06,5.818996331048556e-06,1,Slower,True,-4.0,-2.0,0.0,0.0,0.0,5.0,0.0,0.0,0.0,0.0,-6.0,0.0,4.0,4.0
26/mutation_6~mutation_8,26,mutation_6,mutation_8,mut_mut,2404.5,2479.0,0.40444444444444444,0.40444444444444444,0.7022222222222222,0.013333333333333334,0.7511111111111111,medium,True,0.030984809957019355,0.06559425805995418,1,Slower,False,-1.0,1.0,0.0,0.0,0.0,2.0,1.0,0.0,0.0,0.0,-2.0,0.0,0.0,0.0
26/mutation_7~mutation_8,26,mutation_7,mutation_8,mut_mut,3652.0,2479.0,-1.0,1.0,0.0,-1.0,-1.0,large,False,0.9999986139518094,0.9999986384769016,0,Faster or stable,False,3.0,3.0,0.0,0.0,0.0,-3.0,1.0,0.0,0.0,0.0,4.0,0.0,-4.0,-4.0
27/mutation_1,27,base,mutation_1,base_mut,2262.0,2376.0,0.8666666666666667,0.8666666666666667,0.9333333333333333,0.6,1.0,large,False,2.868531504244278e-05,0.00013802209556653625,1,Slower,True,5.0,5.0,0.0,0.0,0.0,0.0,0.0,0.0,0.0,0.0,0.0,0.0,0.0,0.0
27/mutation_3,27,base,mutation_3,base_mut,2262.0,2274.5,0.08,0.08,0.54,-0.3422222222222222,0.52,negligible,False,0.3621931190603919,0.5952877006339115,0,Faster or stable,False,0.0,0.0,0.0,0.0,0.0,0.0,0.0,0.0,0.0,0.0,0.0,3.0,0.0,0.0
27/mutation_4,27,base,mutation_4,base_mut,2262.0,2250.0,0.04888888888888889,0.04888888888888889,0.5244444444444445,-0.38666666666666666,0.4666666666666667,negligible,False,0.41785251349763963,0.6543728041566809,0,Faster or stable,False,-5.0,0.0,0.0,0.0,0.0,1.0,0.0,1.0,1.0,1.0,5.0,0.0,5.0,2.0
27/mutation_5,27,base,mutation_5,base_mut,2262.0,2243.5,-0.15555555555555556,0.15555555555555556,0.4222222222222222,-0.6,0.26222222222222225,small,False,0.7724243002498452,0.964078449935897,0,Faster or stable,False,4.0,1.0,0.0,0.0,0.0,0.0,0.0,4.0,0.0,0.0,0.0,0.0,0.0,0.0
27/mutation_6,27,base,mutation_6,base_mut,2262.0,2246.5,-0.035555555555555556,0.035555555555555556,0.4822222222222222,-0.4666666666666667,0.38666666666666666,negligible,False,0.5740737138577968,0.802149100869153,0,Faster or stable,False,-2.0,-1.0,0.0,0.0,0.0,0.0,0.0,-5.0,0.0,0.0,0.0,0.0,0.0,0.0
27/mutation_7,27,base,mutation_7,base_mut,2262.0,4139.5,1.0,1.0,1.0,1.0,1.0,large,False,1.6916697063271091e-06,1.1490660221978891e-05,1,Slower,True,8.0,0.0,0.0,0.0,0.0,0.0,0.0,0.0,0.0,0.0,0.0,0.0,0.0,0.0
27/mutation_8,27,base,mutation_8,base_mut,2262.0,2277.5,0.35555555555555557,0.35555555555555557,0.6777777777777778,-0.044444444444444446,0.7244444444444444,medium,True,0.05065184394702463,0.1209813826648358,1,Slower,False,1.0,1.0,0.0,0.0,0.0,0.0,1.0,0.0,0.0,0.0,0.0,0.0,0.0,0.0
27/mutation_1~mutation_3,27,mutation_1,mutation_3,mut_mut,2376.0,2274.5,-0.7333333333333333,0.7333333333333333,0.13333333333333336,-0.9644444444444444,-0.41333333333333333,large,False,0.9997120093946191,0.9999986384769016,0,Faster or stable,False,-5.0,-5.0,0.0,0.0,0.0,0.0,0.0,0.0,0.0,0.0,0.0,3.0,0.0,0.0
27/mutation_1~mutation_4,27,mutation_1,mutation_4,mut_mut,2376.0,2250.0,-0.7866666666666666,0.7866666666666666,0.10666666666666669,-1.0,-0.4666666666666667,large,False,0.9998885533544577,0.9999986384769016,0,Faster or stable,False,-10.0,-5.0,0.0,0.0,0.0,1.0,0.0,1.0,1.0,1.0,5.0,0.0,5.0,2.0
27/mutation_1~mutation_5,27,mutation_1,mutation_5,mut_mut,2376.0,2243.5,-0.8577777777777778,0.8577777777777778,0.07111111111111112,-1.0,-0.6355555555555555,large,False,0.9999714779259965,0.9999986384769016,0,Faster or stable,False,-1.0,-4.0,0.0,0.0,0.0,0.0,0.0,4.0,0.0,0.0,0.0,0.0,0.0,0.0
27/mutation_1~mutation_6,27,mutation_1,mutation_6,mut_mut,2376.0,2246.5,-0.8577777777777778,0.8577777777777778,0.07111111111111112,-1.0,-0.6088888888888889,large,False,0.999971532180047,0.9999986384769016,0,Faster or stable,False,-7.0,-6.0,0.0,0.0,0.0,0.0,0.0,-5.0,0.0,0.0,0.0,0.0,0.0,0.0
27/mutation_1~mutation_7,27,mutation_1,mutation_7,mut_mut,2376.0,4139.5,1.0,1.0,1.0,1.0,1.0,large,False,1.6916697063271091e-06,5.818996331048556e-06,1,Slower,True,3.0,-5.0,0.0,0.0,0.0,0.0,0.0,0.0,0.0,0.0,0.0,0.0,0.0,0.0
27/mutation_1~mutation_8,27,mutation_1,mutation_8,mut_mut,2376.0,2277.5,-0.8444444444444444,0.8444444444444444,0.07777777777777778,-0.9822222222222222,-0.6177777777777778,large,False,0.9999627748075135,0.9999986384769016,0,Faster or stable,False,-4.0,-4.0,0.0,0.0,0.0,0.0,1.0,0.0,0.0,0.0,0.0,0.0,0.0,0.0
27/mutation_3~mutation_4,27,mutation_3,mutation_4,mut_mut,2274.5,2250.0,0.022222222222222223,0.022222222222222223,0.5111111111111111,-0.43133333333333335,0.4488888888888889,negligible,False,0.4669432090387923,0.7410329286301626,0,Faster or stable,False,-5.0,0.0,0.0,0.0,0.0,1.0,0.0,1.0,1.0,1.0,5.0,-3.0,5.0,2.0
27/mutation_3~mutation_5,27,mutation_3,mutation_5,mut_mut,2274.5,2243.5,-0.07555555555555556,0.07555555555555556,0.4622222222222222,-0.5022222222222222,0.36,negligible,False,0.645584757499545,0.9543426849993274,0,Faster or stable,False,4.0,1.0,0.0,0.0,0.0,0.0,0.0,4.0,0.0,0.0,0.0,-3.0,0.0,0.0
27/mutation_3~mutation_6,27,mutation_3,mutation_6,mut_mut,2274.5,2246.5,-0.04888888888888889,0.04888888888888889,0.47555555555555556,-0.5022222222222222,0.36,negligible,False,0.5983115691742913,0.8987493643449862,0,Faster or stable,False,-2.0,-1.0,0.0,0.0,0.0,0.0,0.0,-5.0,0.0,0.0,0.0,-3.0,0.0,0.0
27/mutation_3~mutation_7,27,mutation_3,mutation_7,mut_mut,2274.5,4139.5,1.0,1.0,1.0,1.0,1.0,large,False,1.6916697063271091e-06,5.818996331048556e-06,1,Slower,True,8.0,0.0,0.0,0.0,0.0,0.0,0.0,0.0,0.0,0.0,0.0,-3.0,0.0,0.0
27/mutation_3~mutation_8,27,mutation_3,mutation_8,mut_mut,2274.5,2277.5,0.14222222222222222,0.14222222222222222,0.5711111111111111,-0.31566666666666665,0.5644444444444444,negligible,False,0.26011802722235017,0.4517839420177661,0,Faster or stable,False,1.0,1.0,0.0,0.0,0.0,0.0,1.0,0.0,0.0,0.0,0.0,-3.0,0.0,0.0
27/mutation_4~mutation_5,27,mutation_4,mutation_5,mut_mut,2250.0,2243.5,-0.3422222222222222,0.3422222222222222,0.3288888888888889,-0.7112222222222222,0.06677777777777717,medium,False,0.9472468155377071,0.9999986384769016,0,Faster or stable,False,9.0,1.0,0.0,0.0,0.0,-1.0,0.0,3.0,-1.0,-1.0,-5.0,0.0,-5.0,-2.0
27/mutation_4~mutation_6,27,mutation_4,mutation_6,mut_mut,2250.0,2246.5,-0.17777777777777778,0.17777777777777778,0.4111111111111111,-0.5822222222222222,0.27111111111111114,small,False,0.8025524628180775,0.9999986384769016,0,Faster or stable,False,3.0,-1.0,0.0,0.0,0.0,-1.0,0.0,-6.0,-1.0,-1.0,-5.0,0.0,-5.0,-2.0
27/mutation_4~mutation_7,27,mutation_4,mutation_7,mut_mut,2250.0,4139.5,1.0,1.0,1.0,1.0,1.0,large,False,1.6916697063271091e-06,5.818996331048556e-06,1,Slower,True,13.0,0.0,0.0,0.0,0.0,-1.0,0.0,-1.0,-1.0,-1.0,-5.0,0.0,-5.0,-2.0
27/mutation_4~mutation_8,27,mutation_4,mutation_8,mut_mut,2250.0,2277.5,0.28,0.28,0.64,-0.13777777777777778,0.68,small,True,0.09925292657694385,0.19134327082359276,0,Faster or stable,False,6.0,1.0,0.0,0.0,0.0,-1.0,1.0,-1.0,-1.0,-1.0,-5.0,0.0,-5.0,-2.0
27/mutation_5~mutation_6,27,mutation_5,mutation_6,mut_mut,2243.5,2246.5,0.05333333333333334,0.05333333333333334,0.5266666666666666,-0.369,0.48,negligible,False,0.40964433361194175,0.6651533173843684,0,Faster or stable,False,-6.0,-2.0,0.0,0.0,0.0,0.0,0.0,-9.0,0.0,0.0,0.0,0.0,0.0,0.0
27/mutation_5~mutation_7,27,mutation_5,mutation_7,mut_mut,2243.5,4139.5,1.0,1.0,1.0,1.0,1.0,large,False,1.6789992476286239e-06,5.818996331048556e-06,1,Slower,True,4.0,-1.0,0.0,0.0,0.0,0.0,0.0,-4.0,0.0,0.0,0.0,0.0,0.0,0.0
27/mutation_5~mutation_8,27,mutation_5,mutation_8,mut_mut,2243.5,2277.5,0.48444444444444446,0.48444444444444446,0.7422222222222222,0.07544444444444445,0.8577777777777778,large,False,0.012511015783040686,0.027941910386440102,1,Slower,True,-3.0,0.0,0.0,0.0,0.0,0.0,1.0,-4.0,0.0,0.0,0.0,0.0,0.0,0.0
27/mutation_6~mutation_7,27,mutation_6,mutation_7,mut_mut,2246.5,4139.5,1.0,1.0,1.0,1.0,1.0,large,False,1.6747932179783085e-06,5.818996331048556e-06,1,Slower,True,10.0,1.0,0.0,0.0,0.0,0.0,0.0,5.0,0.0,0.0,0.0,0.0,0.0,0.0
27/mutation_6~mutation_8,27,mutation_6,mutation_8,mut_mut,2246.5,2277.5,0.43555555555555553,0.43555555555555553,0.7177777777777777,0.03111111111111111,0.7777777777777778,medium,False,0.02200856127549908,0.04776326064044482,1,Slower,True,3.0,2.0,0.0,0.0,0.0,0.0,1.0,5.0,0.0,0.0,0.0,0.0,0.0,0.0
27/mutation_7~mutation_8,27,mutation_7,mutation_8,mut_mut,4139.5,2277.5,-1.0,1.0,0.0,-1.0,-1.0,large,False,0.9999986174776383,0.9999986384769016,0,Faster or stable,False,-7.0,1.0,0.0,0.0,0.0,0.0,1.0,0.0,0.0,0.0,0.0,0.0,0.0,0.0
28/mutation_1,28,base,mutation_1,base_mut,3724.0,3759.0,0.29777777777777775,0.29777777777777775,0.6488888888888888,-0.15555555555555556,0.6711111111111111,small,True,0.08551081019985651,0.1832096280990607,0,Faster or stable,False,7.0,2.0,0.0,0.0,0.0,0.0,0.0,0.0,0.0,0.0,0.0,0.0,0.0,0.0
28/mutation_2,28,base,mutation_2,base_mut,3724.0,3245.0,-0.03111111111111111,0.03111111111111111,0.48444444444444446,-0.47555555555555556,0.41333333333333333,negligible,False,0.5658870048237823,0.802149100869153,0,Faster or stable,False,0.0,0.0,0.0,0.0,0.0,0.0,0.0,0.0,0.0,0.0,0.0,0.0,0.0,0.0
28/mutation_3,28,base,mutation_3,base_mut,3724.0,3512.0,0.15555555555555556,0.15555555555555556,0.5777777777777777,-0.3602222222222222,0.5735555555555544,small,False,0.24036555522781128,0.42903959320232976,0,Faster or stable,False,3.0,0.0,0.0,0.0,-2.0,0.0,0.0,2.0,0.0,0.0,0.0,4.0,1.0,0.0
28/mutation_4,28,base,mutation_4,base_mut,3724.0,3727.5,0.06666666666666667,0.06666666666666667,0.5333333333333333,-0.39555555555555555,0.5111111111111111,negligible,False,0.38576323922443645,0.6217155117597714,0,Faster or stable,False,0.0,0.0,0.0,0.0,0.0,0.0,0.0,0.0,1.0,1.0,0.0,0.0,1.0,0.0
28/mutation_5,28,base,mutation_5,base_mut,3724.0,3758.0,0.27111111111111114,0.27111111111111114,0.6355555555555555,-0.14666666666666667,0.6802222222222211,small,True,0.10658497976985776,0.20938587741770873,0,Faster or stable,False,9.0,0.0,0.0,0.0,0.0,2.0,0.0,4.0,0.0,0.0,0.0,0.0,-5.0,-2.0
28/mutation_6,28,base,mutation_6,base_mut,3724.0,3721.0,0.04888888888888889,0.04888888888888889,0.5244444444444445,-0.38666666666666666,0.47555555555555556,negligible,False,0.41785251349763963,0.6543728041566809,0,Faster or stable,False,6.0,1.0,0.0,0.0,0.0,3.0,0.0,0.0,0.0,0.0,0.0,0.0,-5.0,-2.0
28/mutation_7,28,base,mutation_7,base_mut,3724.0,2427.0,0.04,0.04,0.52,-0.4673333333333333,0.5111111111111111,negligible,False,0.4341129951762177,0.670351229760485,0,Faster or stable,False,0.0,0.0,0.0,0.0,4.0,0.0,0.0,0.0,0.0,0.0,0.0,0.0,0.0,0.0
28/mutation_8,28,base,mutation_8,base_mut,3724.0,3809.0,0.7333333333333333,0.7333333333333333,0.8666666666666667,0.39555555555555555,1.0,large,False,0.0003354517025501856,0.001409746395527362,1,Slower,True,1.0,1.0,0.0,0.0,0.0,0.0,1.0,0.0,0.0,0.0,0.0,0.0,0.0,0.0
28/mutation_1~mutation_2,28,mutation_1,mutation_2,mut_mut,3759.0,3245.0,-0.4311111111111111,0.4311111111111111,0.28444444444444444,-0.7777777777777778,-0.0308888888888901,medium,False,0.9789561244960756,0.9999986384769016,0,Faster or stable,False,-7.0,-2.0,0.0,0.0,0.0,0.0,0.0,0.0,0.0,0.0,0.0,0.0,0.0,0.0
28/mutation_1~mutation_3,28,mutation_1,mutation_3,mut_mut,3759.0,3512.0,0.06222222222222222,0.06222222222222222,0.5311111111111111,-0.3778888888888889,0.4889999999999994,negligible,False,0.39370805593411623,0.6411327122758758,0,Faster or stable,False,-4.0,-2.0,0.0,0.0,-2.0,0.0,0.0,2.0,0.0,0.0,0.0,4.0,1.0,0.0
28/mutation_1~mutation_4,28,mutation_1,mutation_4,mut_mut,3759.0,3727.5,-0.31555555555555553,0.31555555555555553,0.3422222222222222,-0.68,0.09333333333333334,small,False,0.9323524130405173,0.9999986384769016,0,Faster or stable,False,-7.0,-2.0,0.0,0.0,0.0,0.0,0.0,0.0,1.0,1.0,0.0,0.0,1.0,0.0
28/mutation_1~mutation_5,28,mutation_1,mutation_5,mut_mut,3759.0,3758.0,-0.2,0.2,0.4,-0.5822222222222222,0.25333333333333335,small,False,0.8300914216255388,0.9999986384769016,0,Faster or stable,False,2.0,-2.0,0.0,0.0,0.0,2.0,0.0,4.0,0.0,0.0,0.0,0.0,-5.0,-2.0
28/mutation_1~mutation_6,28,mutation_1,mutation_6,mut_mut,3759.0,3721.0,-0.22666666666666666,0.22666666666666666,0.38666666666666666,-0.6091111111111112,0.26222222222222225,small,False,0.8596057518513371,0.9999986384769016,0,Faster or stable,False,-1.0,-1.0,0.0,0.0,0.0,3.0,0.0,0.0,0.0,0.0,0.0,0.0,-5.0,-2.0
28/mutation_1~mutation_7,28,mutation_1,mutation_7,mut_mut,3759.0,2427.0,-0.1111111111111111,0.1111111111111111,0.4444444444444444,-0.5824444444444444,0.3511111111111111,negligible,False,0.7051513972025429,0.9999986384769016,0,Faster or stable,False,-7.0,-2.0,0.0,0.0,4.0,0.0,0.0,0.0,0.0,0.0,0.0,0.0,0.0,0.0
28/mutation_1~mutation_8,28,mutation_1,mutation_8,mut_mut,3759.0,3809.0,0.18222222222222223,0.18222222222222223,0.5911111111111111,-0.25333333333333335,0.6091111111111099,small,False,0.20336731792737128,0.36396716672494245,0,Faster or stable,False,-6.0,-1.0,0.0,0.0,0.0,0.0,1.0,0.0,0.0,0.0,0.0,0.0,0.0,0.0
28/mutation_2~mutation_3,28,mutation_2,mutation_3,mut_mut,3245.0,3512.0,0.38666666666666666,0.38666666666666666,0.6933333333333334,-0.04,0.7511111111111111,medium,True,0.0372478459569933,0.07753633240027177,1,Slower,False,3.0,0.0,0.0,0.0,-2.0,0.0,0.0,2.0,0.0,0.0,0.0,4.0,1.0,0.0
28/mutation_2~mutation_4,28,mutation_2,mutation_4,mut_mut,3245.0,3727.5,-0.04,0.04,0.48,-0.48444444444444446,0.4222222222222222,negligible,False,0.5821564953794217,0.8803368351200891,0,Faster or stable,False,0.0,0.0,0.0,0.0,0.0,0.0,0.0,0.0,1.0,1.0,0.0,0.0,1.0,0.0
28/mutation_2~mutation_5,28,mutation_2,mutation_5,mut_mut,3245.0,3758.0,0.2,0.2,0.6,-0.2088888888888889,0.600222222222221,small,False,0.18064131567593883,0.3265691809432752,0,Faster or stable,False,9.0,0.0,0.0,0.0,0.0,2.0,0.0,4.0,0.0,0.0,0.0,0.0,-5.0,-2.0
28/mutation_2~mutation_6,28,mutation_2,mutation_6,mut_mut,3245.0,3721.0,0.08,0.08,0.54,-0.34244444444444444,0.52,negligible,False,0.3621931190603919,0.5967410860290158,0,Faster or stable,False,6.0,1.0,0.0,0.0,0.0,3.0,0.0,0.0,0.0,0.0,0.0,0.0,-5.0,-2.0
28/mutation_2~mutation_7,28,mutation_2,mutation_7,mut_mut,3245.0,2427.0,0.25333333333333335,0.25333333333333335,0.6266666666666667,-0.2,0.6266666666666667,small,True,0.12274250060156211,0.23263021228877145,0,Faster or stable,False,0.0,0.0,0.0,0.0,4.0,0.0,0.0,0.0,0.0,0.0,0.0,0.0,0.0,0.0
28/mutation_2~mutation_8,28,mutation_2,mutation_8,mut_mut,3245.0,3809.0,0.6533333333333333,0.6533333333333333,0.8266666666666667,0.29777777777777775,0.9024444444444433,large,False,0.0012313021003772264,0.003063239371670173,1,Slower,True,1.0,1.0,0.0,0.0,0.0,0.0,1.0,0.0,0.0,0.0,0.0,0.0,0.0,0.0
28/mutation_3~mutation_4,28,mutation_3,mutation_4,mut_mut,3512.0,3727.5,-0.36,0.36,0.32,-0.7333333333333333,0.06688888888888768,medium,False,0.9555087839521296,0.9999986384769016,0,Faster or stable,False,-3.0,0.0,0.0,0.0,2.0,0.0,0.0,-2.0,1.0,1.0,0.0,-4.0,0.0,0.0
28/mutation_3~mutation_5,28,mutation_3,mutation_5,mut_mut,3512.0,3758.0,-0.15555555555555556,0.15555555555555556,0.4222222222222222,-0.5913333333333334,0.3333333333333333,small,False,0.7724493967083128,0.9999986384769016,0,Faster or stable,False,6.0,0.0,0.0,0.0,2.0,2.0,0.0,2.0,0.0,0.0,0.0,-4.0,-6.0,-2.0
28/mutation_3~mutation_6,28,mutation_3,mutation_6,mut_mut,3512.0,3721.0,-0.15555555555555556,0.15555555555555556,0.4222222222222222,-0.5911111111111111,0.3333333333333333,small,False,0.7723490517900724,0.9999986384769016,0,Faster or stable,False,3.0,1.0,0.0,0.0,2.0,3.0,0.0,-2.0,0.0,0.0,0.0,-4.0,-6.0,-2.0
28/mutation_3~mutation_7,28,mutation_3,mutation_7,mut_mut,3512.0,2427.0,-0.28,0.28,0.36,-0.6533333333333333,0.12,small,False,0.9077949653891817,0.9999986384769016,0,Faster or stable,False,-3.0,0.0,0.0,0.0,6.0,0.0,0.0,-2.0,0.0,0.0,0.0,-4.0,-1.0,0.0
28/mutation_3~mutation_8,28,mutation_3,mutation_8,mut_mut,3512.0,3809.0,0.06666666666666667,0.06666666666666667,0.5333333333333333,-0.4666666666666667,0.6,negligible,False,0.3857755939077861,0.6300439830633712,0,Faster or stable,False,-2.0,1.0,0.0,0.0,2.0,0.0,1.0,-2.0,0.0,0.0,0.0,-4.0,-1.0,0.0
28/mutation_4~mutation_5,28,mutation_4,mutation_5,mut_mut,3727.5,3758.0,0.13333333333333333,0.13333333333333333,0.5666666666666667,-0.3201111111111111,0.5334444444444438,negligible,False,0.27364239155996006,0.4723488666619618,0,Faster or stable,False,9.0,0.0,0.0,0.0,0.0,2.0,0.0,4.0,-1.0,-1.0,0.0,0.0,-6.0,-2.0
28/mutation_4~mutation_6,28,mutation_4,mutation_6,mut_mut,3727.5,3721.0,-0.022222222222222223,0.022222222222222223,0.4888888888888889,-0.4666666666666667,0.4222222222222222,negligible,False,0.5495197335366246,0.8457797597049822,0,Faster or stable,False,6.0,1.0,0.0,0.0,0.0,3.0,0.0,0.0,-1.0,-1.0,0.0,0.0,-6.0,-2.0
28/mutation_4~mutation_7,28,mutation_4,mutation_7,mut_mut,3727.5,2427.0,0.28,0.28,0.64,-0.17333333333333334,0.68,small,True,0.09922796072785955,0.19134327082359276,0,Faster or stable,False,0.0,0.0,0.0,0.0,4.0,0.0,0.0,0.0,-1.0,-1.0,0.0,0.0,-1.0,0.0
28/mutation_4~mutation_8,28,mutation_4,mutation_8,mut_mut,3727.5,3809.0,0.49333333333333335,0.49333333333333335,0.7466666666666667,0.08422222222222224,0.8133333333333334,large,False,0.011258033769001526,0.025313655087815055,1,Slower,True,1.0,1.0,0.0,0.0,0.0,0.0,1.0,0.0,-1.0,-1.0,0.0,0.0,-1.0,0.0
28/mutation_5~mutation_6,28,mutation_5,mutation_6,mut_mut,3758.0,3721.0,-0.2088888888888889,0.2088888888888889,0.39555555555555555,-0.6266666666666667,0.23555555555555555,small,False,0.8403547256537767,0.9999986384769016,0,Faster or stable,False,-3.0,1.0,0.0,0.0,0.0,1.0,0.0,-4.0,0.0,0.0,0.0,0.0,0.0,0.0
28/mutation_5~mutation_7,28,mutation_5,mutation_7,mut_mut,3758.0,2427.0,0.04,0.04,0.52,-0.49333333333333335,0.5022222222222222,negligible,False,0.4340839282709218,0.6948285029781972,0,Faster or stable,False,-9.0,0.0,0.0,0.0,4.0,-2.0,0.0,-4.0,0.0,0.0,0.0,0.0,5.0,2.0
28/mutation_5~mutation_8,28,mutation_5,mutation_8,mut_mut,3758.0,3809.0,0.5022222222222222,0.5022222222222222,0.7511111111111111,0.12,0.8222222222222222,large,False,0.010067947607151361,0.022837467334120128,1,Slower,True,-8.0,1.0,0.0,0.0,0.0,-2.0,1.0,-4.0,0.0,0.0,0.0,0.0,5.0,2.0
28/mutation_6~mutation_7,28,mutation_6,mutation_7,mut_mut,3721.0,2427.0,0.04,0.04,0.52,-0.38666666666666666,0.4666666666666667,negligible,False,0.4341129951762177,0.6948285029781972,0,Faster or stable,False,-6.0,-1.0,0.0,0.0,4.0,-3.0,0.0,0.0,0.0,0.0,0.0,0.0,5.0,2.0
28/mutation_6~mutation_8,28,mutation_6,mutation_8,mut_mut,3721.0,3809.0,0.64,0.64,0.8200000000000001,0.28888888888888886,0.9111111111111111,large,False,0.0015084446258594173,0.003695359978633769,1,Slower,True,-5.0,0.0,0.0,0.0,0.0,-3.0,1.0,0.0,0.0,0.0,0.0,0.0,5.0,2.0
28/mutation_7~mutation_8,28,mutation_7,mutation_8,mut_mut,2427.0,3809.0,0.22666666666666666,0.22666666666666666,0.6133333333333333,-0.28,0.7333333333333333,small,False,0.14987918504435754,0.27795776135499034,0,Faster or stable,False,1.0,1.0,0.0,0.0,-4.0,0.0,1.0,0.0,0.0,0.0,0.0,0.0,0.0,0.0
29/mutation_1,29,base,mutation_1,base_mut,2105.0,2153.0,0.7422222222222222,0.7422222222222222,0.8711111111111112,0.44866666666666666,0.9644444444444444,large,False,0.0002875830424191131,0.0012240714113223787,1,Slower,True,4.0,4.0,0.0,0.0,0.0,0.0,0.0,0.0,0.0,0.0,0.0,0.0,0.0,0.0
29/mutation_2,29,base,mutation_2,base_mut,2105.0,2142.5,0.7111111111111111,0.7111111111111111,0.8555555555555556,0.38666666666666666,0.9466666666666667,large,False,0.00048582862961796,0.002016188812914534,1,Slower,True,2.0,2.0,0.0,0.0,0.0,0.0,0.0,0.0,0.0,0.0,0.0,0.0,1.0,1.0
29/mutation_3,29,base,mutation_3,base_mut,2105.0,2131.5,0.49777777777777776,0.49777777777777776,0.7488888888888889,0.1288888888888889,0.8311111111111111,large,False,0.010652226538829674,0.030487406990443548,1,Slower,True,0.0,0.0,0.0,0.0,0.0,0.0,0.0,0.0,0.0,0.0,0.0,10.0,0.0,0.0
29/mutation_4,29,base,mutation_4,base_mut,2105.0,2143.0,0.6488888888888888,0.6488888888888888,0.8244444444444444,0.30666666666666664,0.9111111111111111,large,False,0.0013098170680004336,0.004858468009859984,1,Slower,True,-2.0,-2.0,2.0,0.0,0.0,-2.0,0.0,2.0,1.0,1.0,0.0,0.0,-3.0,-3.0
29/mutation_5,29,base,mutation_5,base_mut,2105.0,2124.0,0.5111111111111111,0.5111111111111111,0.7555555555555555,0.1288888888888889,0.8223333333333327,large,False,0.009014080839077796,0.0269610345817462,1,Slower,True,7.0,2.0,0.0,0.0,0.0,-2.0,0.0,3.0,0.0,0.0,0.0,0.0,-3.0,-3.0
29/mutation_6,29,base,mutation_6,base_mut,2105.0,2085.0,-0.5688888888888889,0.5688888888888889,0.21555555555555556,-0.8755555555555555,-0.17333333333333334,large,False,0.9962738979481321,0.999998645417628,0,Faster or stable,False,4.0,1.0,0.0,0.0,2.0,-2.0,0.0,0.0,0.0,0.0,0.0,0.0,-3.0,-3.0
29/mutation_7,29,base,mutation_7,base_mut,2105.0,6566.5,1.0,1.0,1.0,1.0,1.0,large,False,1.6916697063271091e-06,1.1490660221978891e-05,1,Slower,True,-4.0,-4.0,0.0,0.0,0.0,3.0,0.0,0.0,0.0,0.0,0.0,0.0,4.0,1.0
29/mutation_8,29,base,mutation_8,base_mut,2105.0,2182.5,0.9288888888888889,0.9288888888888889,0.9644444444444444,0.7866666666666666,1.0,large,False,7.974393413340176e-06,4.564652781429204e-05,1,Slower,True,1.0,1.0,0.0,0.0,0.0,0.0,1.0,0.0,0.0,0.0,0.0,0.0,0.0,0.0
29/mutation_1~mutation_2,29,mutation_1,mutation_2,mut_mut,2153.0,2142.5,-0.13333333333333333,0.13333333333333333,0.43333333333333335,-0.5377777777777778,0.28444444444444444,negligible,False,0.7399051859161483,0.9999986384769016,0,Faster or stable,False,-2.0,-2.0,0.0,0.0,0.0,0.0,0.0,0.0,0.0,0.0,0.0,0.0,1.0,1.0
29/mutation_1~mutation_3,29,mutation_1,mutation_3,mut_mut,2153.0,2131.5,-0.27111111111111114,0.27111111111111114,0.36444444444444446,-0.6622222222222223,0.19133333333333213,small,False,0.9007470734230562,0.9999986384769016,0,Faster or stable,False,-4.0,-4.0,0.0,0.0,0.0,0.0,0.0,0.0,0.0,0.0,0.0,10.0,0.0,0.0
29/mutation_1~mutation_4,29,mutation_1,mutation_4,mut_mut,2153.0,2143.0,-0.022222222222222223,0.022222222222222223,0.4888888888888889,-0.45344444444444443,0.40455555555555495,negligible,False,0.5495306994874617,0.8457797597049822,0,Faster or stable,False,-6.0,-6.0,2.0,0.0,0.0,-2.0,0.0,2.0,1.0,1.0,0.0,0.0,-3.0,-3.0
29/mutation_1~mutation_5,29,mutation_1,mutation_5,mut_mut,2153.0,2124.0,-0.3244444444444444,0.3244444444444444,0.3377777777777778,-0.6980000000000001,0.09333333333333334,small,False,0.9375698200089266,0.9999986384769016,0,Faster or stable,False,3.0,-2.0,0.0,0.0,0.0,-2.0,0.0,3.0,0.0,0.0,0.0,0.0,-3.0,-3.0
29/mutation_1~mutation_6,29,mutation_1,mutation_6,mut_mut,2153.0,2085.0,-0.9644444444444444,0.9644444444444444,0.01777777777777778,-1.0,-0.8666666666666667,large,False,0.9999969241806295,0.9999986384769016,0,Faster or stable,False,0.0,-3.0,0.0,0.0,2.0,-2.0,0.0,0.0,0.0,0.0,0.0,0.0,-3.0,-3.0
29/mutation_1~mutation_7,29,mutation_1,mutation_7,mut_mut,2153.0,6566.5,1.0,1.0,1.0,1.0,1.0,large,False,1.6959106954125473e-06,5.818996331048556e-06,1,Slower,True,-8.0,-8.0,0.0,0.0,0.0,3.0,0.0,0.0,0.0,0.0,0.0,0.0,4.0,1.0
29/mutation_1~mutation_8,29,mutation_1,mutation_8,mut_mut,2153.0,2182.5,0.5466666666666666,0.5466666666666666,0.7733333333333333,0.18200000000000002,0.8579999999999988,large,False,0.005691349304555361,0.013193582478741974,1,Slower,True,-3.0,-3.0,0.0,0.0,0.0,0.0,1.0,0.0,0.0,0.0,0.0,0.0,0.0,0.0
29/mutation_2~mutation_3,29,mutation_2,mutation_3,mut_mut,2142.5,2131.5,-0.2,0.2,0.4,-0.6088888888888889,0.21344444444444385,small,False,0.8300376561698345,0.9999986384769016,0,Faster or stable,False,-2.0,-2.0,0.0,0.0,0.0,0.0,0.0,0.0,0.0,0.0,0.0,10.0,-1.0,-1.0
29/mutation_2~mutation_4,29,mutation_2,mutation_4,mut_mut,2142.5,2143.0,0.013333333333333334,0.013333333333333334,0.5066666666666667,-0.40455555555555556,0.44,negligible,False,0.48344818562520003,0.7618440963878459,0,Faster or stable,False,-4.0,-4.0,2.0,0.0,0.0,-2.0,0.0,2.0,1.0,1.0,0.0,0.0,-4.0,-4.0
29/mutation_2~mutation_5,29,mutation_2,mutation_5,mut_mut,2142.5,2124.0,-0.3111111111111111,0.3111111111111111,0.34444444444444444,-0.6934444444444444,0.10222222222222223,small,False,0.9295973918705818,0.9999986384769016,0,Faster or stable,False,5.0,0.0,0.0,0.0,0.0,-2.0,0.0,3.0,0.0,0.0,0.0,0.0,-4.0,-4.0
29/mutation_2~mutation_6,29,mutation_2,mutation_6,mut_mut,2142.5,2085.0,-0.9377777777777778,0.9377777777777778,0.03111111111111109,-1.0,-0.8042222222222234,large,False,0.9999945162844945,0.9999986384769016,0,Faster or stable,False,2.0,-1.0,0.0,0.0,2.0,-2.0,0.0,0.0,0.0,0.0,0.0,0.0,-4.0,-4.0
29/mutation_2~mutation_7,29,mutation_2,mutation_7,mut_mut,2142.5,6566.5,1.0,1.0,1.0,1.0,1.0,large,False,1.6916697063271091e-06,5.818996331048556e-06,1,Slower,True,-6.0,-6.0,0.0,0.0,0.0,3.0,0.0,0.0,0.0,0.0,0.0,0.0,3.0,0.0
29/mutation_2~mutation_8,29,mutation_2,mutation_8,mut_mut,2142.5,2182.5,0.5644444444444444,0.5644444444444444,0.7822222222222222,0.2,0.8577777777777778,large,False,0.004474573415397992,0.010600733609915947,1,Slower,True,-1.0,-1.0,0.0,0.0,0.0,0.0,1.0,0.0,0.0,0.0,0.0,0.0,-1.0,-1.0
29/mutation_3~mutation_4,29,mutation_3,mutation_4,mut_mut,2131.5,2143.0,0.19111111111111112,0.19111111111111112,0.5955555555555556,-0.24444444444444444,0.5822222222222222,small,False,0.19183985987607527,0.34499039121580805,0,Faster or stable,False,-2.0,-2.0,2.0,0.0,0.0,-2.0,0.0,2.0,1.0,1.0,0.0,-10.0,-3.0,-3.0
29/mutation_3~mutation_5,29,mutation_3,mutation_5,mut_mut,2131.5,2124.0,-0.07555555555555556,0.07555555555555556,0.4622222222222222,-0.49333333333333335,0.3688888888888889,negligible,False,0.6455692944032345,0.9543426849993274,0,Faster or stable,False,7.0,2.0,0.0,0.0,0.0,-2.0,0.0,3.0,0.0,0.0,0.0,-10.0,-3.0,-3.0
29/mutation_3~mutation_6,29,mutation_3,mutation_6,mut_mut,2131.5,2085.0,-0.8577777777777778,0.8577777777777778,0.07111111111111112,-0.9822222222222222,-0.6533333333333333,large,False,0.9999713146849576,0.9999986384769016,0,Faster or stable,False,4.0,1.0,0.0,0.0,2.0,-2.0,0.0,0.0,0.0,0.0,0.0,-10.0,-3.0,-3.0
29/mutation_3~mutation_7,29,mutation_3,mutation_7,mut_mut,2131.5,6566.5,1.0,1.0,1.0,1.0,1.0,large,False,1.6959106954125473e-06,5.818996331048556e-06,1,Slower,True,-4.0,-4.0,0.0,0.0,0.0,3.0,0.0,0.0,0.0,0.0,0.0,-10.0,4.0,1.0
29/mutation_3~mutation_8,29,mutation_3,mutation_8,mut_mut,2131.5,2182.5,0.6488888888888888,0.6488888888888888,0.8244444444444444,0.32,0.9023333333333328,large,False,0.001314156651052717,0.003258518662608752,1,Slower,True,1.0,1.0,0.0,0.0,0.0,0.0,1.0,0.0,0.0,0.0,0.0,-10.0,0.0,0.0
29/mutation_4~mutation_5,29,mutation_4,mutation_5,mut_mut,2143.0,2124.0,-0.29333333333333333,0.29333333333333333,0.35333333333333333,-0.6711111111111111,0.14233333333333273,small,False,0.9177089115807773,0.9999986384769016,0,Faster or stable,False,9.0,4.0,-2.0,0.0,0.0,0.0,0.0,1.0,-1.0,-1.0,0.0,0.0,0.0,0.0
29/mutation_4~mutation_6,29,mutation_4,mutation_6,mut_mut,2143.0,2085.0,-0.9111111111111111,0.9111111111111111,0.04444444444444445,-1.0,-0.7422222222222222,large,False,0.999990344695145,0.9999986384769016,0,Faster or stable,False,6.0,3.0,-2.0,0.0,2.0,0.0,0.0,-2.0,-1.0,-1.0,0.0,0.0,0.0,0.0
29/mutation_4~mutation_7,29,mutation_4,mutation_7,mut_mut,2143.0,6566.5,1.0,1.0,1.0,1.0,1.0,large,False,1.6916697063271091e-06,5.818996331048556e-06,1,Slower,True,-2.0,-2.0,-2.0,0.0,0.0,5.0,0.0,-2.0,-1.0,-1.0,0.0,0.0,7.0,4.0
29/mutation_4~mutation_8,29,mutation_4,mutation_8,mut_mut,2143.0,2182.5,0.52,0.52,0.76,0.12433333333333334,0.8266666666666667,large,False,0.008034707742992128,0.01847324198286305,1,Slower,True,3.0,3.0,-2.0,0.0,0.0,2.0,1.0,-2.0,-1.0,-1.0,0.0,0.0,3.0,3.0
29/mutation_5~mutation_6,29,mutation_5,mutation_6,mut_mut,2124.0,2085.0,-0.8133333333333334,0.8133333333333334,0.09333333333333332,-0.9733333333333334,-0.5733333333333334,large,False,0.9999324117799682,0.9999986384769016,0,Faster or stable,False,-3.0,-1.0,0.0,0.0,2.0,0.0,0.0,-3.0,0.0,0.0,0.0,0.0,0.0,0.0
29/mutation_5~mutation_7,29,mutation_5,mutation_7,mut_mut,2124.0,6566.5,1.0,1.0,1.0,1.0,1.0,large,False,1.6959106954125473e-06,5.818996331048556e-06,1,Slower,True,-11.0,-6.0,0.0,0.0,0.0,5.0,0.0,-3.0,0.0,0.0,0.0,0.0,7.0,4.0
29/mutation_5~mutation_8,29,mutation_5,mutation_8,mut_mut,2124.0,2182.5,0.7511111111111111,0.7511111111111111,0.8755555555555555,0.4666666666666667,0.9466666666666667,large,False,0.0002461300766046061,0.0006528556641852674,1,Slower,True,-6.0,-1.0,0.0,0.0,0.0,2.0,1.0,-3.0,0.0,0.0,0.0,0.0,3.0,3.0
29/mutation_6~mutation_7,29,mutation_6,mutation_7,mut_mut,2085.0,6566.5,1.0,1.0,1.0,1.0,1.0,large,False,1.6959106954125473e-06,5.818996331048556e-06,1,Slower,True,-8.0,-5.0,0.0,0.0,-2.0,5.0,0.0,0.0,0.0,0.0,0.0,0.0,7.0,4.0
29/mutation_6~mutation_8,29,mutation_6,mutation_8,mut_mut,2085.0,2182.5,1.0,1.0,1.0,1.0,1.0,large,False,1.6874374779290916e-06,5.818996331048556e-06,1,Slower,True,-3.0,0.0,0.0,0.0,-2.0,2.0,1.0,0.0,0.0,0.0,0.0,0.0,3.0,3.0
29/mutation_7~mutation_8,29,mutation_7,mutation_8,mut_mut,6566.5,2182.5,-1.0,1.0,0.0,-1.0,-1.0,large,False,0.9999986209960322,0.9999986384769016,0,Faster or stable,False,5.0,5.0,0.0,0.0,0.0,-3.0,1.0,0.0,0.0,0.0,0.0,0.0,-4.0,-1.0
30/mutation_1,30,base,mutation_1,base_mut,359.0,368.0,0.4088888888888889,0.4088888888888889,0.7044444444444444,-0.013333333333333334,0.7689999999999994,medium,True,0.02947856292034171,0.0735855856357402,1,Slower,False,7.0,4.0,0.0,0.0,0.0,0.0,0.0,0.0,0.0,0.0,0.0,0.0,0.0,0.0
30/mutation_2,30,base,mutation_2,base_mut,359.0,299.0,-1.0,1.0,0.0,-1.0,-1.0,large,False,0.9999986174776383,0.999998645417628,0,Faster or stable,False,-1.0,0.0,0.0,0.0,1.0,0.0,0.0,0.0,0.0,0.0,0.0,0.0,0.0,0.0
30/mutation_3,30,base,mutation_3,base_mut,359.0,353.5,0.05333333333333334,0.05333333333333334,0.5266666666666666,-0.369,0.4623333333333327,negligible,False,0.40971359370995497,0.6478001382244192,0,Faster or stable,False,3.0,2.0,0.0,0.0,0.0,0.0,0.0,0.0,0.0,0.0,0.0,0.0,0.0,0.0
30/mutation_4,30,base,mutation_4,base_mut,359.0,357.0,0.28,0.28,0.64,-0.17777777777777778,0.6489999999999994,small,True,0.09915304073986897,0.19614268823538902,0,Faster or stable,False,2.0,1.0,0.0,0.0,0.0,0.0,0.0,0.0,0.0,0.0,0.0,0.0,0.0,0.0
30/mutation_5,30,base,mutation_5,base_mut,359.0,350.0,-0.1288888888888889,0.1288888888888889,0.4355555555555556,-0.5511111111111111,0.28899999999999937,negligible,False,0.7332447092929358,0.9327097451542326,0,Faster or stable,False,2.0,1.0,0.0,0.0,0.0,0.0,0.0,2.0,0.0,0.0,0.0,0.0,0.0,0.0
30/mutation_6,30,base,mutation_6,base_mut,359.0,352.0,-0.23555555555555555,0.23555555555555555,0.38222222222222224,-0.6357777777777778,0.16,small,False,0.8687562704972172,0.999998645417628,0,Faster or stable,False,1.0,1.0,0.0,0.0,0.0,11.0,0.0,0.0,0.0,0.0,0.0,0.0,0.0,0.0
30/mutation_7,30,base,mutation_7,base_mut,359.0,360.0,0.16,0.16,0.58,-0.28455555555555556,0.5511111111111111,small,False,0.23381177387318935,0.42205660166586473,0,Faster or stable,False,5.0,1.0,0.0,0.0,0.0,6.0,0.0,6.0,0.0,0.0,0.0,0.0,0.0,0.0
30/mutation_8,30,base,mutation_8,base_mut,359.0,707.5,1.0,1.0,1.0,1.0,1.0,large,False,1.6664072604143877e-06,1.1490660221978891e-05,1,Slower,True,1.0,1.0,0.0,0.0,0.0,11.0,1.0,0.0,0.0,0.0,0.0,0.0,0.0,0.0
30/mutation_1~mutation_2,30,mutation_1,mutation_2,mut_mut,368.0,299.0,-1.0,1.0,0.0,-1.0,-1.0,large,False,0.9999986209960322,0.9999986384769016,0,Faster or stable,False,-8.0,-4.0,0.0,0.0,1.0,0.0,0.0,0.0,0.0,0.0,0.0,0.0,0.0,0.0
30/mutation_1~mutation_3,30,mutation_1,mutation_3,mut_mut,368.0,353.5,-0.4266666666666667,0.4266666666666667,0.2866666666666666,-0.7777777777777778,-0.02666666666666667,medium,False,0.9779206869643111,0.9999986384769016,0,Faster or stable,False,-4.0,-2.0,0.0,0.0,0.0,0.0,0.0,0.0,0.0,0.0,0.0,0.0,0.0,0.0
30/mutation_1~mutation_4,30,mutation_1,mutation_4,mut_mut,368.0,357.0,-0.08444444444444445,0.08444444444444445,0.4577777777777778,-0.5555555555555556,0.3512222222222216,negligible,False,0.6609163667119492,0.9731603194892481,0,Faster or stable,False,-5.0,-3.0,0.0,0.0,0.0,0.0,0.0,0.0,0.0,0.0,0.0,0.0,0.0,0.0
30/mutation_1~mutation_5,30,mutation_1,mutation_5,mut_mut,368.0,350.0,-0.5111111111111111,0.5111111111111111,0.24444444444444446,-0.8577777777777778,-0.09777777777777778,large,False,0.991959391477948,0.9999986384769016,0,Faster or stable,False,-5.0,-3.0,0.0,0.0,0.0,0.0,0.0,2.0,0.0,0.0,0.0,0.0,0.0,0.0
30/mutation_1~mutation_6,30,mutation_1,mutation_6,mut_mut,368.0,352.0,-0.6933333333333334,0.6933333333333334,0.15333333333333332,-0.92,-0.38666666666666666,large,False,0.9994408330443385,0.9999986384769016,0,Faster or stable,False,-6.0,-3.0,0.0,0.0,0.0,11.0,0.0,0.0,0.0,0.0,0.0,0.0,0.0,0.0
30/mutation_1~mutation_7,30,mutation_1,mutation_7,mut_mut,368.0,360.0,-0.26222222222222225,0.26222222222222225,0.3688888888888889,-0.6533333333333333,0.15122222222222162,small,False,0.8934150202301423,0.9999986384769016,0,Faster or stable,False,-2.0,-3.0,0.0,0.0,0.0,6.0,0.0,6.0,0.0,0.0,0.0,0.0,0.0,0.0
30/mutation_1~mutation_8,30,mutation_1,mutation_8,mut_mut,368.0,707.5,1.0,1.0,1.0,1.0,1.0,large,False,1.6622273048380918e-06,5.818996331048556e-06,1,Slower,True,-6.0,-3.0,0.0,0.0,0.0,11.0,1.0,0.0,0.0,0.0,0.0,0.0,0.0,0.0
30/mutation_2~mutation_3,30,mutation_2,mutation_3,mut_mut,299.0,353.5,1.0,1.0,1.0,1.0,1.0,large,False,1.6916697063271091e-06,5.818996331048556e-06,1,Slower,True,4.0,2.0,0.0,0.0,-1.0,0.0,0.0,0.0,0.0,0.0,0.0,0.0,0.0,0.0
30/mutation_2~mutation_4,30,mutation_2,mutation_4,mut_mut,299.0,357.0,1.0,1.0,1.0,1.0,1.0,large,False,1.6959106954125473e-06,5.818996331048556e-06,1,Slower,True,3.0,1.0,0.0,0.0,-1.0,0.0,0.0,0.0,0.0,0.0,0.0,0.0,0.0,0.0
30/mutation_2~mutation_5,30,mutation_2,mutation_5,mut_mut,299.0,350.0,1.0,1.0,1.0,1.0,1.0,large,False,1.6916697063271091e-06,5.818996331048556e-06,1,Slower,True,3.0,1.0,0.0,0.0,-1.0,0.0,0.0,2.0,0.0,0.0,0.0,0.0,0.0,0.0
30/mutation_2~mutation_6,30,mutation_2,mutation_6,mut_mut,299.0,352.0,1.0,1.0,1.0,1.0,1.0,large,False,1.6874374779290916e-06,5.818996331048556e-06,1,Slower,True,2.0,1.0,0.0,0.0,-1.0,11.0,0.0,0.0,0.0,0.0,0.0,0.0,0.0,0.0
30/mutation_2~mutation_7,30,mutation_2,mutation_7,mut_mut,299.0,360.0,1.0,1.0,1.0,1.0,1.0,large,False,1.6959106954125473e-06,5.818996331048556e-06,1,Slower,True,6.0,1.0,0.0,0.0,-1.0,6.0,0.0,6.0,0.0,0.0,0.0,0.0,0.0,0.0
30/mutation_2~mutation_8,30,mutation_2,mutation_8,mut_mut,299.0,707.5,1.0,1.0,1.0,1.0,1.0,large,False,1.6705958935197095e-06,5.818996331048556e-06,1,Slower,True,2.0,1.0,0.0,0.0,-1.0,11.0,1.0,0.0,0.0,0.0,0.0,0.0,0.0,0.0
30/mutation_3~mutation_4,30,mutation_3,mutation_4,mut_mut,353.5,357.0,0.25333333333333335,0.25333333333333335,0.6266666666666667,-0.18233333333333335,0.6355555555555555,small,True,0.12266370973034568,0.23263021228877145,0,Faster or stable,False,-1.0,-1.0,0.0,0.0,0.0,0.0,0.0,0.0,0.0,0.0,0.0,0.0,0.0,0.0
30/mutation_3~mutation_5,30,mutation_3,mutation_5,mut_mut,353.5,350.0,-0.18666666666666668,0.18666666666666668,0.4066666666666667,-0.6133333333333333,0.26233333333333275,small,False,0.8139570828640197,0.9999986384769016,0,Faster or stable,False,-1.0,-1.0,0.0,0.0,0.0,0.0,0.0,2.0,0.0,0.0,0.0,0.0,0.0,0.0
30/mutation_3~mutation_6,30,mutation_3,mutation_6,mut_mut,353.5,352.0,-0.2311111111111111,0.2311111111111111,0.3844444444444445,-0.6177777777777778,0.2088888888888889,small,False,0.8642594601146377,0.9999986384769016,0,Faster or stable,False,-2.0,-1.0,0.0,0.0,0.0,11.0,0.0,0.0,0.0,0.0,0.0,0.0,0.0,0.0
30/mutation_3~mutation_7,30,mutation_3,mutation_7,mut_mut,353.5,360.0,0.13777777777777778,0.13777777777777778,0.5688888888888889,-0.29788888888888887,0.5646666666666654,negligible,False,0.26684642768289524,0.4613277224348359,0,Faster or stable,False,2.0,-1.0,0.0,0.0,0.0,6.0,0.0,6.0,0.0,0.0,0.0,0.0,0.0,0.0
30/mutation_3~mutation_8,30,mutation_3,mutation_8,mut_mut,353.5,707.5,1.0,1.0,1.0,1.0,1.0,large,False,1.6664072604143877e-06,5.818996331048556e-06,1,Slower,True,-2.0,-1.0,0.0,0.0,0.0,11.0,1.0,0.0,0.0,0.0,0.0,0.0,0.0,0.0
30/mutation_4~mutation_5,30,mutation_4,mutation_5,mut_mut,357.0,350.0,-0.38666666666666666,0.38666666666666666,0.30666666666666664,-0.7334444444444443,0.022222222222222223,medium,False,0.9660786999060527,0.9999986384769016,0,Faster or stable,False,0.0,0.0,0.0,0.0,0.0,0.0,0.0,2.0,0.0,0.0,0.0,0.0,0.0,0.0
30/mutation_4~mutation_6,30,mutation_4,mutation_6,mut_mut,357.0,352.0,-0.4622222222222222,0.4622222222222222,0.2688888888888889,-0.7912222222222222,-0.07111111111111111,medium,False,0.9853631823565763,0.9999986384769016,0,Faster or stable,False,-1.0,0.0,0.0,0.0,0.0,11.0,0.0,0.0,0.0,0.0,0.0,0.0,0.0,0.0
30/mutation_4~mutation_7,30,mutation_4,mutation_7,mut_mut,357.0,360.0,-0.07111111111111111,0.07111111111111111,0.46444444444444444,-0.5022222222222222,0.3556666666666661,negligible,False,0.6378363051007663,0.9455324301691164,0,Faster or stable,False,3.0,0.0,0.0,0.0,0.0,6.0,0.0,6.0,0.0,0.0,0.0,0.0,0.0,0.0
30/mutation_4~mutation_8,30,mutation_4,mutation_8,mut_mut,357.0,707.5,1.0,1.0,1.0,1.0,1.0,large,False,1.6705958935197095e-06,5.818996331048556e-06,1,Slower,True,-1.0,0.0,0.0,0.0,0.0,11.0,1.0,0.0,0.0,0.0,0.0,0.0,0.0,0.0
30/mutation_5~mutation_6,30,mutation_5,mutation_6,mut_mut,350.0,352.0,-0.04888888888888889,0.04888888888888889,0.47555555555555556,-0.47555555555555556,0.36444444444444446,negligible,False,0.5983652185077581,0.8987493643449862,0,Faster or stable,False,-1.0,0.0,0.0,0.0,0.0,11.0,0.0,-2.0,0.0,0.0,0.0,0.0,0.0,0.0
30/mutation_5~mutation_7,30,mutation_5,mutation_7,mut_mut,350.0,360.0,0.29333333333333333,0.29333333333333333,0.6466666666666667,-0.12,0.6711111111111111,small,True,0.08877497621103453,0.17352878625223125,0,Faster or stable,False,3.0,0.0,0.0,0.0,0.0,6.0,0.0,4.0,0.0,0.0,0.0,0.0,0.0,0.0
30/mutation_5~mutation_8,30,mutation_5,mutation_8,mut_mut,350.0,707.5,1.0,1.0,1.0,1.0,1.0,large,False,1.6664072604143877e-06,5.818996331048556e-06,1,Slower,True,-1.0,0.0,0.0,0.0,0.0,11.0,1.0,-2.0,0.0,0.0,0.0,0.0,0.0,0.0
30/mutation_6~mutation_7,30,mutation_6,mutation_7,mut_mut,352.0,360.0,0.40444444444444444,0.40444444444444444,0.7022222222222222,-0.004555555555555549,0.7422222222222222,medium,True,0.030926776082745418,0.06559425805995418,1,Slower,False,4.0,0.0,0.0,0.0,0.0,-5.0,0.0,6.0,0.0,0.0,0.0,0.0,0.0,0.0
30/mutation_6~mutation_8,30,mutation_6,mutation_8,mut_mut,352.0,707.5,1.0,1.0,1.0,1.0,1.0,large,False,1.6622273048380918e-06,5.818996331048556e-06,1,Slower,True,0.0,0.0,0.0,0.0,0.0,0.0,1.0,0.0,0.0,0.0,0.0,0.0,0.0,0.0
30/mutation_7~mutation_8,30,mutation_7,mutation_8,mut_mut,360.0,707.5,1.0,1.0,1.0,1.0,1.0,large,False,1.6705958935197095e-06,5.818996331048556e-06,1,Slower,True,-4.0,0.0,0.0,0.0,0.0,5.0,1.0,-6.0,0.0,0.0,0.0,0.0,0.0,0.0
32/mutation_1,32,base,mutation_1,base_mut,3102.0,3147.5,0.6355555555555555,0.6355555555555555,0.8177777777777777,0.28888888888888886,0.9111111111111111,large,False,0.001613362412775068,0.005765632654488025,1,Slower,True,6.0,3.0,0.0,0.0,0.0,0.0,0.0,0.0,0.0,0.0,0.0,0.0,0.0,0.0
32/mutation_2,32,base,mutation_2,base_mut,3102.0,3102.0,-0.19555555555555557,0.19555555555555557,0.4022222222222222,-0.5822222222222222,0.24444444444444444,small,False,0.8247098308944756,0.9985157680423148,0,Faster or stable,False,-2.0,0.0,0.0,0.0,2.0,0.0,0.0,0.0,0.0,0.0,0.0,-4.0,0.0,0.0
32/mutation_3,32,base,mutation_3,base_mut,3102.0,3070.5,-0.21777777777777776,0.21777777777777776,0.39111111111111113,-0.6177777777777778,0.2088888888888889,small,False,0.8501476970892821,0.999998645417628,0,Faster or stable,False,0.0,0.0,0.0,0.0,0.0,0.0,0.0,0.0,0.0,0.0,0.0,0.0,0.0,0.0
32/mutation_4,32,base,mutation_4,base_mut,3102.0,3097.0,-0.04,0.04,0.48,-0.4666666666666667,0.38666666666666666,negligible,False,0.5821564953794217,0.802149100869153,0,Faster or stable,False,0.0,0.0,0.0,0.0,0.0,0.0,0.0,0.0,1.0,1.0,1.0,0.0,0.0,0.0
32/mutation_5,32,base,mutation_5,base_mut,3102.0,3086.0,-0.04,0.04,0.48,-0.49333333333333335,0.40466666666666545,negligible,False,0.5821655072208188,0.802149100869153,0,Faster or stable,False,2.0,3.0,0.0,0.0,0.0,0.0,0.0,2.0,0.0,0.0,0.0,-2.0,0.0,0.0
32/mutation_6,32,base,mutation_6,base_mut,3102.0,3060.0,-0.40444444444444444,0.40444444444444444,0.2977777777777778,-0.7511111111111111,0.0044444444444444444,medium,False,0.9718175330786052,0.999998645417628,0,Faster or stable,False,0.0,2.0,0.0,0.0,0.0,0.0,0.0,0.0,0.0,0.0,0.0,0.0,0.0,0.0
32/mutation_7,32,base,mutation_7,base_mut,3102.0,3629.5,0.8755555555555555,0.8755555555555555,0.9377777777777778,0.6,1.0,large,False,2.398506284865684e-05,0.00011885135620528463,1,Slower,True,4.0,0.0,0.0,0.0,0.0,0.0,0.0,0.0,0.0,0.0,0.0,8.0,0.0,0.0
32/mutation_8,32,base,mutation_8,base_mut,3102.0,3125.5,0.39555555555555555,0.39555555555555555,0.6977777777777778,-0.03133333333333332,0.7422222222222222,medium,True,0.03398255906032384,0.08419559408975757,1,Slower,False,1.0,1.0,0.0,0.0,0.0,0.0,1.0,0.0,0.0,0.0,0.0,0.0,0.0,0.0
32/mutation_1~mutation_2,32,mutation_1,mutation_2,mut_mut,3147.5,3102.0,-0.68,0.68,0.15999999999999998,-0.92,-0.359777777777779,large,False,0.9992979604897504,0.9999986384769016,0,Faster or stable,False,-8.0,-3.0,0.0,0.0,2.0,0.0,0.0,0.0,0.0,0.0,0.0,-4.0,0.0,0.0
32/mutation_1~mutation_3,32,mutation_1,mutation_3,mut_mut,3147.5,3070.5,-0.7555555555555555,0.7555555555555555,0.12222222222222223,-0.9555555555555556,-0.4666666666666667,large,False,0.9998050070639454,0.9999986384769016,0,Faster or stable,False,-6.0,-3.0,0.0,0.0,0.0,0.0,0.0,0.0,0.0,0.0,0.0,0.0,0.0,0.0
32/mutation_1~mutation_4,32,mutation_1,mutation_4,mut_mut,3147.5,3097.0,-0.6444444444444445,0.6444444444444445,0.17777777777777776,-0.92,-0.3244444444444444,large,False,0.9987686978996227,0.9999986384769016,0,Faster or stable,False,-6.0,-3.0,0.0,0.0,0.0,0.0,0.0,0.0,1.0,1.0,1.0,0.0,0.0,0.0
32/mutation_1~mutation_5,32,mutation_1,mutation_5,mut_mut,3147.5,3086.0,-0.6622222222222223,0.6622222222222223,0.16888888888888887,-0.9291111111111111,-0.30666666666666664,large,False,0.9990683602420379,0.9999986384769016,0,Faster or stable,False,-4.0,0.0,0.0,0.0,0.0,0.0,0.0,2.0,0.0,0.0,0.0,-2.0,0.0,0.0
32/mutation_1~mutation_6,32,mutation_1,mutation_6,mut_mut,3147.5,3060.0,-0.8222222222222222,0.8222222222222222,0.0888888888888889,-0.9911111111111112,-0.5644444444444444,large,False,0.9999427143606686,0.9999986384769016,0,Faster or stable,False,-6.0,-1.0,0.0,0.0,0.0,0.0,0.0,0.0,0.0,0.0,0.0,0.0,0.0,0.0
32/mutation_1~mutation_7,32,mutation_1,mutation_7,mut_mut,3147.5,3629.5,0.8666666666666667,0.8666666666666667,0.9333333333333333,0.6,1.0,large,False,2.868531504244278e-05,8.148081893068558e-05,1,Slower,True,-2.0,-3.0,0.0,0.0,0.0,0.0,0.0,0.0,0.0,0.0,0.0,8.0,0.0,0.0
32/mutation_1~mutation_8,32,mutation_1,mutation_8,mut_mut,3147.5,3125.5,-0.17333333333333334,0.17333333333333334,0.41333333333333333,-0.6,0.25333333333333335,small,False,0.7966065833007674,0.9999986384769016,0,Faster or stable,False,-5.0,-2.0,0.0,0.0,0.0,0.0,1.0,0.0,0.0,0.0,0.0,0.0,0.0,0.0
32/mutation_2~mutation_3,32,mutation_2,mutation_3,mut_mut,3102.0,3070.5,-0.1288888888888889,0.1288888888888889,0.4355555555555556,-0.5466666666666666,0.2891111111111099,negligible,False,0.7330852891279303,0.9999986384769016,0,Faster or stable,False,2.0,0.0,0.0,0.0,-2.0,0.0,0.0,0.0,0.0,0.0,0.0,4.0,0.0,0.0
32/mutation_2~mutation_4,32,mutation_2,mutation_4,mut_mut,3102.0,3097.0,0.09333333333333334,0.09333333333333334,0.5466666666666666,-0.3422222222222222,0.5111111111111111,negligible,False,0.3391512327986162,0.5671053400894893,0,Faster or stable,False,2.0,0.0,0.0,0.0,-2.0,0.0,0.0,0.0,1.0,1.0,1.0,4.0,0.0,0.0
32/mutation_2~mutation_5,32,mutation_2,mutation_5,mut_mut,3102.0,3086.0,0.08888888888888889,0.08888888888888889,0.5444444444444444,-0.39555555555555555,0.5468888888888876,negligible,False,0.34674277685011623,0.5763635490753043,0,Faster or stable,False,4.0,3.0,0.0,0.0,-2.0,0.0,0.0,2.0,0.0,0.0,0.0,2.0,0.0,0.0
32/mutation_2~mutation_6,32,mutation_2,mutation_6,mut_mut,3102.0,3060.0,-0.16444444444444445,0.16444444444444445,0.4177777777777778,-0.5733333333333334,0.27111111111111114,small,False,0.7846760050759611,0.9999986384769016,0,Faster or stable,False,2.0,2.0,0.0,0.0,-2.0,0.0,0.0,0.0,0.0,0.0,0.0,4.0,0.0,0.0
32/mutation_2~mutation_7,32,mutation_2,mutation_7,mut_mut,3102.0,3629.5,0.92,0.92,0.96,0.7333333333333333,1.0,large,False,9.675913855221239e-06,2.974349409741981e-05,1,Slower,True,6.0,0.0,0.0,0.0,-2.0,0.0,0.0,0.0,0.0,0.0,0.0,12.0,0.0,0.0
32/mutation_2~mutation_8,32,mutation_2,mutation_8,mut_mut,3102.0,3125.5,0.48444444444444446,0.48444444444444446,0.7422222222222222,0.09333333333333334,0.7957777777777766,large,False,0.012551446376796624,0.027941910386440102,1,Slower,True,3.0,1.0,0.0,0.0,-2.0,0.0,1.0,0.0,0.0,0.0,0.0,4.0,0.0,0.0
32/mutation_3~mutation_4,32,mutation_3,mutation_4,mut_mut,3070.5,3097.0,0.17777777777777778,0.17777777777777778,0.5888888888888889,-0.23566666666666666,0.5645555555555549,small,False,0.20928279496250046,0.37272269198083413,0,Faster or stable,False,0.0,0.0,0.0,0.0,0.0,0.0,0.0,0.0,1.0,1.0,1.0,0.0,0.0,0.0
32/mutation_3~mutation_5,32,mutation_3,mutation_5,mut_mut,3070.5,3086.0,0.2,0.2,0.6,-0.23555555555555555,0.6,small,False,0.18072147585835646,0.3265691809432752,0,Faster or stable,False,2.0,3.0,0.0,0.0,0.0,0.0,0.0,2.0,0.0,0.0,0.0,-2.0,0.0,0.0
32/mutation_3~mutation_6,32,mutation_3,mutation_6,mut_mut,3070.5,3060.0,-0.1111111111111111,0.1111111111111111,0.4444444444444444,-0.5466666666666666,0.3333333333333333,negligible,False,0.7051307033406964,0.9999986384769016,0,Faster or stable,False,0.0,2.0,0.0,0.0,0.0,0.0,0.0,0.0,0.0,0.0,0.0,0.0,0.0,0.0
32/mutation_3~mutation_7,32,mutation_3,mutation_7,mut_mut,3070.5,3629.5,0.9111111111111111,0.9111111111111111,0.9555555555555555,0.7066666666666667,1.0,large,False,1.1645002391033617e-05,3.560134245978125e-05,1,Slower,True,4.0,0.0,0.0,0.0,0.0,0.0,0.0,0.0,0.0,0.0,0.0,8.0,0.0,0.0
32/mutation_3~mutation_8,32,mutation_3,mutation_8,mut_mut,3070.5,3125.5,0.5511111111111111,0.5511111111111111,0.7755555555555556,0.19111111111111112,0.8711111111111111,large,False,0.005367866651559789,0.012495324446162,1,Slower,True,1.0,1.0,0.0,0.0,0.0,0.0,1.0,0.0,0.0,0.0,0.0,0.0,0.0,0.0
32/mutation_4~mutation_5,32,mutation_4,mutation_5,mut_mut,3097.0,3086.0,-0.0044444444444444444,0.0044444444444444444,0.49777777777777776,-0.4577777777777778,0.4222222222222222,negligible,False,0.5165444507776191,0.8038463286294184,0,Faster or stable,False,2.0,3.0,0.0,0.0,0.0,0.0,0.0,2.0,-1.0,-1.0,-1.0,-2.0,0.0,0.0
32/mutation_4~mutation_6,32,mutation_4,mutation_6,mut_mut,3097.0,3060.0,-0.3511111111111111,0.3511111111111111,0.3244444444444444,-0.7244444444444444,0.035555555555555556,medium,False,0.9514916481520387,0.9999986384769016,0,Faster or stable,False,0.0,2.0,0.0,0.0,0.0,0.0,0.0,0.0,-1.0,-1.0,-1.0,0.0,0.0,0.0
32/mutation_4~mutation_7,32,mutation_4,mutation_7,mut_mut,3097.0,3629.5,0.8844444444444445,0.8844444444444445,0.9422222222222223,0.6266666666666667,1.0,large,False,2.0099865463735852e-05,5.8729294401853197e-05,1,Slower,True,4.0,0.0,0.0,0.0,0.0,0.0,0.0,0.0,-1.0,-1.0,-1.0,8.0,0.0,0.0
32/mutation_4~mutation_8,32,mutation_4,mutation_8,mut_mut,3097.0,3125.5,0.48444444444444446,0.48444444444444446,0.7422222222222222,0.09333333333333334,0.8222222222222222,large,False,0.012551446376796624,0.027941910386440102,1,Slower,True,1.0,1.0,0.0,0.0,0.0,0.0,1.0,0.0,-1.0,-1.0,-1.0,0.0,0.0,0.0
32/mutation_5~mutation_6,32,mutation_5,mutation_6,mut_mut,3086.0,3060.0,-0.36,0.36,0.32,-0.7244444444444444,0.06666666666666667,medium,False,0.9555087839521296,0.9999986384769016,0,Faster or stable,False,-2.0,-1.0,0.0,0.0,0.0,0.0,0.0,-2.0,0.0,0.0,0.0,2.0,0.0,0.0
32/mutation_5~mutation_7,32,mutation_5,mutation_7,mut_mut,3086.0,3629.5,0.8755555555555555,0.8755555555555555,0.9377777777777778,0.6,1.0,large,False,2.398506284865684e-05,6.896028724818295e-05,1,Slower,True,2.0,-3.0,0.0,0.0,0.0,0.0,0.0,-2.0,0.0,0.0,0.0,10.0,0.0,0.0
32/mutation_5~mutation_8,32,mutation_5,mutation_8,mut_mut,3086.0,3125.5,0.5244444444444445,0.5244444444444445,0.7622222222222222,0.13766666666666666,0.88,large,False,0.007611981884124168,0.017550313875077994,1,Slower,True,-1.0,-2.0,0.0,0.0,0.0,0.0,1.0,-2.0,0.0,0.0,0.0,2.0,0.0,0.0
32/mutation_6~mutation_7,32,mutation_6,mutation_7,mut_mut,3060.0,3629.5,0.9022222222222223,0.9022222222222223,0.9511111111111111,0.68,1.0,large,False,1.3991747926596489e-05,4.2429030199030434e-05,1,Slower,True,4.0,-2.0,0.0,0.0,0.0,0.0,0.0,0.0,0.0,0.0,0.0,8.0,0.0,0.0
32/mutation_6~mutation_8,32,mutation_6,mutation_8,mut_mut,3060.0,3125.5,0.6622222222222223,0.6622222222222223,0.8311111111111111,0.29777777777777775,0.9555555555555556,large,False,0.0010725285122967752,0.0026801269282783558,1,Slower,True,1.0,-1.0,0.0,0.0,0.0,0.0,1.0,0.0,0.0,0.0,0.0,0.0,0.0,0.0
32/mutation_7~mutation_8,32,mutation_7,mutation_8,mut_mut,3629.5,3125.5,-0.8844444444444445,0.8844444444444445,0.05777777777777776,-1.0,-0.6266666666666667,large,False,0.9999832162245792,0.9999986384769016,0,Faster or stable,False,-3.0,1.0,0.0,0.0,0.0,0.0,1.0,0.0,0.0,0.0,0.0,-8.0,0.0,0.0
33/mutation_1,33,base,mutation_1,base_mut,732.5,757.5,0.6266666666666667,0.6266666666666667,0.8133333333333334,0.25333333333333335,0.9022222222222223,large,False,0.0018452925993403568,0.006517416414691473,1,Slower,True,6.0,3.0,0.0,0.0,0.0,0.0,0.0,0.0,0.0,0.0,0.0,0.0,0.0,0.0
33/mutation_2,33,base,mutation_2,base_mut,732.5,734.5,0.0,0.0,0.5,-0.43133333333333335,0.43566666666666604,negligible,False,0.5082749252769334,0.7466693592563801,0,Faster or stable,False,0.0,0.0,0.0,0.0,0.0,0.0,0.0,0.0,0.0,0.0,0.0,-1.0,0.0,0.0
33/mutation_3,33,base,mutation_3,base_mut,732.5,739.0,-0.03111111111111111,0.03111111111111111,0.48444444444444446,-0.43133333333333335,0.3779999999999988,negligible,False,0.5658870048237823,0.802149100869153,0,Faster or stable,False,0.0,0.0,0.0,0.0,0.0,0.0,0.0,0.0,0.0,0.0,0.0,0.0,0.0,0.0
33/mutation_4,33,base,mutation_4,base_mut,732.5,759.0,0.56,0.56,0.78,0.22666666666666666,0.8577777777777778,large,False,0.004757745040294368,0.014901616541299342,1,Slower,True,0.0,0.0,0.0,0.0,0.0,0.0,0.0,0.0,1.0,0.0,0.0,0.0,0.0,0.0
33/mutation_5,33,base,mutation_5,base_mut,732.5,756.0,0.32,0.32,0.66,-0.09355555555555554,0.7155555555555555,small,True,0.07040260812941818,0.1623171242983808,0,Faster or stable,False,4.0,3.0,0.0,0.0,0.0,-1.0,0.0,3.0,0.0,0.0,1.0,0.0,-1.0,-1.0
33/mutation_7,33,base,mutation_7,base_mut,732.5,781.5,0.6088888888888889,0.6088888888888889,0.8044444444444445,0.21777777777777776,0.920222222222221,large,False,0.002397379341080997,0.0081217340942744,1,Slower,True,0.0,0.0,0.0,0.0,0.0,4.0,0.0,0.0,0.0,0.0,0.0,0.0,0.0,0.0
33/mutation_8,33,base,mutation_8,base_mut,732.5,1347.0,1.0,1.0,1.0,1.0,1.0,large,False,1.6916697063271091e-06,1.1490660221978891e-05,1,Slower,True,1.0,1.0,0.0,0.0,0.0,0.0,1.0,0.0,0.0,0.0,0.0,0.0,0.0,0.0
33/mutation_1~mutation_2,33,mutation_1,mutation_2,mut_mut,757.5,734.5,-0.7111111111111111,0.7111111111111111,0.14444444444444443,-0.9377777777777778,-0.4266666666666667,large,False,0.9995823778955608,0.9999986384769016,0,Faster or stable,False,-6.0,-3.0,0.0,0.0,0.0,0.0,0.0,0.0,0.0,0.0,0.0,-1.0,0.0,0.0
33/mutation_1~mutation_3,33,mutation_1,mutation_3,mut_mut,757.5,739.0,-0.5422222222222223,0.5422222222222223,0.22888888888888886,-0.8311111111111111,-0.18222222222222223,large,False,0.9946321333484403,0.9999986384769016,0,Faster or stable,False,-6.0,-3.0,0.0,0.0,0.0,0.0,0.0,0.0,0.0,0.0,0.0,0.0,0.0,0.0
33/mutation_1~mutation_4,33,mutation_1,mutation_4,mut_mut,757.5,759.0,-0.08,0.08,0.46,-0.4978888888888889,0.3466666666666667,negligible,False,0.6533058167133359,0.9632183000688079,0,Faster or stable,False,-6.0,-3.0,0.0,0.0,0.0,0.0,0.0,0.0,1.0,0.0,0.0,0.0,0.0,0.0
33/mutation_1~mutation_5,33,mutation_1,mutation_5,mut_mut,757.5,756.0,-0.28444444444444444,0.28444444444444444,0.35777777777777775,-0.6622222222222223,0.15555555555555556,small,False,0.9112250237889654,0.9999986384769016,0,Faster or stable,False,-2.0,0.0,0.0,0.0,0.0,-1.0,0.0,3.0,0.0,0.0,1.0,0.0,-1.0,-1.0
33/mutation_1~mutation_7,33,mutation_1,mutation_7,mut_mut,757.5,781.5,0.48,0.48,0.74,0.04,0.8666666666666667,large,False,0.013232361769662682,0.029399425555567387,1,Slower,True,-6.0,-3.0,0.0,0.0,0.0,4.0,0.0,0.0,0.0,0.0,0.0,0.0,0.0,0.0
33/mutation_1~mutation_8,33,mutation_1,mutation_8,mut_mut,757.5,1347.0,1.0,1.0,1.0,1.0,1.0,large,False,1.6916697063271091e-06,5.818996331048556e-06,1,Slower,True,-5.0,-2.0,0.0,0.0,0.0,0.0,1.0,0.0,0.0,0.0,0.0,0.0,0.0,0.0
33/mutation_2~mutation_3,33,mutation_2,mutation_3,mut_mut,734.5,739.0,-0.02666666666666667,0.02666666666666667,0.4866666666666667,-0.4577777777777778,0.4313333333333321,negligible,False,0.5577257058313501,0.8537572407505111,0,Faster or stable,False,0.0,0.0,0.0,0.0,0.0,0.0,0.0,0.0,0.0,0.0,0.0,1.0,0.0,0.0
33/mutation_2~mutation_4,33,mutation_2,mutation_4,mut_mut,734.5,759.0,0.5955555555555555,0.5955555555555555,0.7977777777777777,0.21777777777777776,0.9111111111111111,large,False,0.0028970429244608246,0.00699028421773128,1,Slower,True,0.0,0.0,0.0,0.0,0.0,0.0,0.0,0.0,1.0,0.0,0.0,1.0,0.0,0.0
33/mutation_2~mutation_5,33,mutation_2,mutation_5,mut_mut,734.5,756.0,0.28888888888888886,0.28888888888888886,0.6444444444444444,-0.11555555555555555,0.7066666666666667,small,True,0.0921073680804238,0.17960772366898972,0,Faster or stable,False,4.0,3.0,0.0,0.0,0.0,-1.0,0.0,3.0,0.0,0.0,1.0,1.0,-1.0,-1.0
33/mutation_2~mutation_7,33,mutation_2,mutation_7,mut_mut,734.5,781.5,0.6444444444444445,0.6444444444444445,0.8222222222222222,0.23555555555555555,0.9822222222222222,large,False,0.0014097865389809511,0.0034612264698832104,1,Slower,True,0.0,0.0,0.0,0.0,0.0,4.0,0.0,0.0,0.0,0.0,0.0,1.0,0.0,0.0
33/mutation_2~mutation_8,33,mutation_2,mutation_8,mut_mut,734.5,1347.0,1.0,1.0,1.0,1.0,1.0,large,False,1.6874374779290916e-06,5.818996331048556e-06,1,Slower,True,1.0,1.0,0.0,0.0,0.0,0.0,1.0,0.0,0.0,0.0,0.0,1.0,0.0,0.0
33/mutation_3~mutation_4,33,mutation_3,mutation_4,mut_mut,739.0,759.0,0.4311111111111111,0.4311111111111111,0.7155555555555555,0.017666666666666674,0.7823333333333328,medium,False,0.02320682428678952,0.05024861477409531,1,Slower,False,0.0,0.0,0.0,0.0,0.0,0.0,0.0,0.0,1.0,0.0,0.0,0.0,0.0,0.0
33/mutation_3~mutation_5,33,mutation_3,mutation_5,mut_mut,739.0,756.0,0.22666666666666666,0.22666666666666666,0.6133333333333333,-0.2088888888888889,0.6177777777777778,small,False,0.14985230291071794,0.27795776135499034,0,Faster or stable,False,4.0,3.0,0.0,0.0,0.0,-1.0,0.0,3.0,0.0,0.0,1.0,0.0,-1.0,-1.0
33/mutation_3~mutation_7,33,mutation_3,mutation_7,mut_mut,739.0,781.5,0.7244444444444444,0.7244444444444444,0.8622222222222222,0.40444444444444444,0.9644444444444444,large,False,0.0003901025881455522,0.0010178955904635105,1,Slower,True,0.0,0.0,0.0,0.0,0.0,4.0,0.0,0.0,0.0,0.0,0.0,0.0,0.0,0.0
33/mutation_3~mutation_8,33,mutation_3,mutation_8,mut_mut,739.0,1347.0,1.0,1.0,1.0,1.0,1.0,large,False,1.6916697063271091e-06,5.818996331048556e-06,1,Slower,True,1.0,1.0,0.0,0.0,0.0,0.0,1.0,0.0,0.0,0.0,0.0,0.0,0.0,0.0
33/mutation_4~mutation_5,33,mutation_4,mutation_5,mut_mut,759.0,756.0,-0.12,0.12,0.44,-0.5466666666666666,0.30666666666666664,negligible,False,0.7193852272170238,0.9999986384769016,0,Faster or stable,False,4.0,3.0,0.0,0.0,0.0,-1.0,0.0,3.0,-1.0,0.0,1.0,0.0,-1.0,-1.0
33/mutation_4~mutation_7,33,mutation_4,mutation_7,mut_mut,759.0,781.5,0.47555555555555556,0.47555555555555556,0.7377777777777778,0.04888888888888889,0.8666666666666667,large,False,0.013953823139380813,0.030777911935570643,1,Slower,True,0.0,0.0,0.0,0.0,0.0,4.0,0.0,0.0,-1.0,0.0,0.0,0.0,0.0,0.0
33/mutation_4~mutation_8,33,mutation_4,mutation_8,mut_mut,759.0,1347.0,1.0,1.0,1.0,1.0,1.0,large,False,1.6874374779290916e-06,5.818996331048556e-06,1,Slower,True,1.0,1.0,0.0,0.0,0.0,0.0,1.0,0.0,-1.0,0.0,0.0,0.0,0.0,0.0
33/mutation_5~mutation_7,33,mutation_5,mutation_7,mut_mut,756.0,781.5,0.5866666666666667,0.5866666666666667,0.7933333333333333,0.2,0.9155555555555556,large,False,0.003289672320131901,0.007886778511085454,1,Slower,True,-4.0,-3.0,0.0,0.0,0.0,5.0,0.0,-3.0,0.0,0.0,-1.0,0.0,1.0,1.0
33/mutation_5~mutation_8,33,mutation_5,mutation_8,mut_mut,756.0,1347.0,1.0,1.0,1.0,1.0,1.0,large,False,1.6874374779290916e-06,5.818996331048556e-06,1,Slower,True,-3.0,-2.0,0.0,0.0,0.0,1.0,1.0,-3.0,0.0,0.0,-1.0,0.0,1.0,1.0
33/mutation_7~mutation_8,33,mutation_7,mutation_8,mut_mut,781.5,1347.0,1.0,1.0,1.0,1.0,1.0,large,False,1.6916697063271091e-06,5.818996331048556e-06,1,Slower,True,1.0,1.0,0.0,0.0,0.0,-4.0,1.0,0.0,0.0,0.0,0.0,0.0,0.0,0.0
34/mutation_1,34,base,mutation_1,base_mut,1049.0,1075.5,0.48444444444444446,0.48444444444444446,0.7422222222222222,0.12,0.8222222222222222,large,False,0.012543356623998917,0.0352914779590478,1,Slower,True,5.0,5.0,0.0,0.0,0.0,0.0,0.0,0.0,0.0,0.0,0.0,0.0,0.0,0.0
34/mutation_2,34,base,mutation_2,base_mut,1049.0,387.5,-1.0,1.0,0.0,-1.0,-1.0,large,False,0.9999986174776383,0.999998645417628,0,Faster or stable,False,-9.0,-4.0,0.0,1.0,1.0,-2.0,0.0,-11.0,0.0,0.0,0.0,-5.0,-4.0,-3.0
34/mutation_3,34,base,mutation_3,base_mut,1049.0,1064.0,0.11555555555555555,0.11555555555555555,0.5577777777777778,-0.28888888888888886,0.5467777777777771,negligible,False,0.3020027831039622,0.5141790973872588,0,Faster or stable,False,0.0,0.0,0.0,0.0,0.0,0.0,0.0,0.0,0.0,0.0,0.0,0.0,0.0,0.0
34/mutation_4,34,base,mutation_4,base_mut,1049.0,1108.0,0.8933333333333333,0.8933333333333333,0.9466666666666667,0.7155555555555555,1.0,large,False,1.6648944402443113e-05,8.706583499524605e-05,1,Slower,True,-2.0,0.0,2.0,0.0,0.0,2.0,0.0,-1.0,1.0,1.0,0.0,0.0,2.0,0.0
34/mutation_5,34,base,mutation_5,base_mut,1049.0,1067.0,0.29777777777777775,0.29777777777777775,0.6488888888888888,-0.12,0.68,small,True,0.0854631905955866,0.1832096280990607,0,Faster or stable,False,2.0,1.0,0.0,0.0,0.0,0.0,0.0,1.0,0.0,0.0,0.0,0.0,0.0,0.0
34/mutation_6,34,base,mutation_6,base_mut,1049.0,1071.0,0.29333333333333333,0.29333333333333333,0.6466666666666667,-0.1111111111111111,0.6622222222222223,small,True,0.08879909397569807,0.1865905012653909,0,Faster or stable,False,8.0,2.0,0.0,0.0,0.0,-2.0,0.0,2.0,0.0,0.0,0.0,0.0,-4.0,-3.0
34/mutation_7,34,base,mutation_7,base_mut,1049.0,1714.0,1.0,1.0,1.0,1.0,1.0,large,False,1.6959106954125473e-06,1.1490660221978891e-05,1,Slower,True,5.0,0.0,0.0,0.0,0.0,0.0,0.0,0.0,0.0,0.0,0.0,0.0,0.0,0.0
34/mutation_8,34,base,mutation_8,base_mut,1049.0,1715.5,1.0,1.0,1.0,1.0,1.0,large,False,1.6959106954125473e-06,1.1490660221978891e-05,1,Slower,True,1.0,1.0,0.0,0.0,0.0,0.0,1.0,0.0,0.0,0.0,0.0,0.0,0.0,0.0
34/mutation_1~mutation_2,34,mutation_1,mutation_2,mut_mut,1075.5,387.5,-1.0,1.0,0.0,-1.0,-1.0,large,False,0.9999986209960322,0.9999986384769016,0,Faster or stable,False,-14.0,-9.0,0.0,1.0,1.0,-2.0,0.0,-11.0,0.0,0.0,0.0,-5.0,-4.0,-3.0
34/mutation_1~mutation_3,34,mutation_1,mutation_3,mut_mut,1075.5,1064.0,-0.4711111111111111,0.4711111111111111,0.2644444444444445,-0.8133333333333334,-0.06666666666666667,medium,False,0.9867760306029045,0.9999986384769016,0,Faster or stable,False,-5.0,-5.0,0.0,0.0,0.0,0.0,0.0,0.0,0.0,0.0,0.0,0.0,0.0,0.0
34/mutation_1~mutation_4,34,mutation_1,mutation_4,mut_mut,1075.5,1108.0,0.39555555555555555,0.39555555555555555,0.6977777777777778,0.004222222222222235,0.7511111111111111,medium,True,0.03392130009394735,0.07100266529922411,1,Slower,False,-7.0,-5.0,2.0,0.0,0.0,2.0,0.0,-1.0,1.0,1.0,0.0,0.0,2.0,0.0
34/mutation_1~mutation_5,34,mutation_1,mutation_5,mut_mut,1075.5,1067.0,-0.36,0.36,0.32,-0.7244444444444444,0.08444444444444445,medium,False,0.9555265569780929,0.9999986384769016,0,Faster or stable,False,-3.0,-4.0,0.0,0.0,0.0,0.0,0.0,1.0,0.0,0.0,0.0,0.0,0.0,0.0
34/mutation_1~mutation_6,34,mutation_1,mutation_6,mut_mut,1075.5,1071.0,-0.31555555555555553,0.31555555555555553,0.3422222222222222,-0.7066666666666667,0.10222222222222223,small,False,0.932330678078092,0.9999986384769016,0,Faster or stable,False,3.0,-3.0,0.0,0.0,0.0,-2.0,0.0,2.0,0.0,0.0,0.0,0.0,-4.0,-3.0
34/mutation_1~mutation_7,34,mutation_1,mutation_7,mut_mut,1075.5,1714.0,1.0,1.0,1.0,1.0,1.0,large,False,1.6916697063271091e-06,5.818996331048556e-06,1,Slower,True,0.0,-5.0,0.0,0.0,0.0,0.0,0.0,0.0,0.0,0.0,0.0,0.0,0.0,0.0
34/mutation_1~mutation_8,34,mutation_1,mutation_8,mut_mut,1075.5,1715.5,1.0,1.0,1.0,1.0,1.0,large,False,1.6916697063271091e-06,5.818996331048556e-06,1,Slower,True,-4.0,-4.0,0.0,0.0,0.0,0.0,1.0,0.0,0.0,0.0,0.0,0.0,0.0,0.0
34/mutation_2~mutation_3,34,mutation_2,mutation_3,mut_mut,387.5,1064.0,1.0,1.0,1.0,1.0,1.0,large,False,1.6916697063271091e-06,5.818996331048556e-06,1,Slower,True,9.0,4.0,0.0,-1.0,-1.0,2.0,0.0,11.0,0.0,0.0,0.0,5.0,4.0,3.0
34/mutation_2~mutation_4,34,mutation_2,mutation_4,mut_mut,387.5,1108.0,1.0,1.0,1.0,1.0,1.0,large,False,1.6747932179783085e-06,5.818996331048556e-06,1,Slower,True,7.0,4.0,2.0,-1.0,-1.0,4.0,0.0,10.0,1.0,1.0,0.0,5.0,6.0,3.0
34/mutation_2~mutation_5,34,mutation_2,mutation_5,mut_mut,387.5,1067.0,1.0,1.0,1.0,1.0,1.0,large,False,1.6874374779290916e-06,5.818996331048556e-06,1,Slower,True,11.0,5.0,0.0,-1.0,-1.0,2.0,0.0,12.0,0.0,0.0,0.0,5.0,4.0,3.0
34/mutation_2~mutation_6,34,mutation_2,mutation_6,mut_mut,387.5,1071.0,1.0,1.0,1.0,1.0,1.0,large,False,1.6916697063271091e-06,5.818996331048556e-06,1,Slower,True,17.0,6.0,0.0,-1.0,-1.0,0.0,0.0,13.0,0.0,0.0,0.0,5.0,0.0,0.0
34/mutation_2~mutation_7,34,mutation_2,mutation_7,mut_mut,387.5,1714.0,1.0,1.0,1.0,1.0,1.0,large,False,1.6916697063271091e-06,5.818996331048556e-06,1,Slower,True,14.0,4.0,0.0,-1.0,-1.0,2.0,0.0,11.0,0.0,0.0,0.0,5.0,4.0,3.0
34/mutation_2~mutation_8,34,mutation_2,mutation_8,mut_mut,387.5,1715.5,1.0,1.0,1.0,1.0,1.0,large,False,1.6916697063271091e-06,5.818996331048556e-06,1,Slower,True,10.0,5.0,0.0,-1.0,-1.0,2.0,1.0,11.0,0.0,0.0,0.0,5.0,4.0,3.0
34/mutation_3~mutation_4,34,mutation_3,mutation_4,mut_mut,1064.0,1108.0,0.8933333333333333,0.8933333333333333,0.9466666666666667,0.6888888888888889,1.0,large,False,1.6648944402443113e-05,5.008073892638384e-05,1,Slower,True,-2.0,0.0,2.0,0.0,0.0,2.0,0.0,-1.0,1.0,1.0,0.0,0.0,2.0,0.0
34/mutation_3~mutation_5,34,mutation_3,mutation_5,mut_mut,1064.0,1067.0,0.25333333333333335,0.25333333333333335,0.6266666666666667,-0.17344444444444446,0.6177777777777778,small,True,0.12266370973034568,0.23263021228877145,0,Faster or stable,False,2.0,1.0,0.0,0.0,0.0,0.0,0.0,1.0,0.0,0.0,0.0,0.0,0.0,0.0
34/mutation_3~mutation_6,34,mutation_3,mutation_6,mut_mut,1064.0,1071.0,0.26222222222222225,0.26222222222222225,0.6311111111111112,-0.17777777777777778,0.6578888888888883,small,True,0.11446268858597736,0.21878558193094821,0,Faster or stable,False,8.0,2.0,0.0,0.0,0.0,-2.0,0.0,2.0,0.0,0.0,0.0,0.0,-4.0,-3.0
34/mutation_3~mutation_7,34,mutation_3,mutation_7,mut_mut,1064.0,1714.0,1.0,1.0,1.0,1.0,1.0,large,False,1.6959106954125473e-06,5.818996331048556e-06,1,Slower,True,5.0,0.0,0.0,0.0,0.0,0.0,0.0,0.0,0.0,0.0,0.0,0.0,0.0,0.0
34/mutation_3~mutation_8,34,mutation_3,mutation_8,mut_mut,1064.0,1715.5,1.0,1.0,1.0,1.0,1.0,large,False,1.6959106954125473e-06,5.818996331048556e-06,1,Slower,True,1.0,1.0,0.0,0.0,0.0,0.0,1.0,0.0,0.0,0.0,0.0,0.0,0.0,0.0
34/mutation_4~mutation_5,34,mutation_4,mutation_5,mut_mut,1108.0,1067.0,-0.8088888888888889,0.8088888888888889,0.09555555555555556,-0.9822222222222222,-0.5421111111111118,large,False,0.9999270007154718,0.9999986384769016,0,Faster or stable,False,4.0,1.0,-2.0,0.0,0.0,-2.0,0.0,2.0,-1.0,-1.0,0.0,0.0,-2.0,0.0
34/mutation_4~mutation_6,34,mutation_4,mutation_6,mut_mut,1108.0,1071.0,-0.7866666666666666,0.7866666666666666,0.10666666666666669,-0.9822222222222222,-0.5022222222222222,large,False,0.9998896292978651,0.9999986384769016,0,Faster or stable,False,10.0,2.0,-2.0,0.0,0.0,-4.0,0.0,3.0,-1.0,-1.0,0.0,0.0,-6.0,-3.0
34/mutation_4~mutation_7,34,mutation_4,mutation_7,mut_mut,1108.0,1714.0,1.0,1.0,1.0,1.0,1.0,large,False,1.6789992476286239e-06,5.818996331048556e-06,1,Slower,True,7.0,0.0,-2.0,0.0,0.0,-2.0,0.0,1.0,-1.0,-1.0,0.0,0.0,-2.0,0.0
34/mutation_4~mutation_8,34,mutation_4,mutation_8,mut_mut,1108.0,1715.5,1.0,1.0,1.0,1.0,1.0,large,False,1.6789992476286239e-06,5.818996331048556e-06,1,Slower,True,3.0,1.0,-2.0,0.0,0.0,-2.0,1.0,1.0,-1.0,-1.0,0.0,0.0,-2.0,0.0
34/mutation_5~mutation_6,34,mutation_5,mutation_6,mut_mut,1067.0,1071.0,0.04888888888888889,0.04888888888888889,0.5244444444444445,-0.37333333333333335,0.4667777777777772,negligible,False,0.4177984157376994,0.6755482999198151,0,Faster or stable,False,6.0,1.0,0.0,0.0,0.0,-2.0,0.0,1.0,0.0,0.0,0.0,0.0,-4.0,-3.0
34/mutation_5~mutation_7,34,mutation_5,mutation_7,mut_mut,1067.0,1714.0,1.0,1.0,1.0,1.0,1.0,large,False,1.6916697063271091e-06,5.818996331048556e-06,1,Slower,True,3.0,-1.0,0.0,0.0,0.0,0.0,0.0,-1.0,0.0,0.0,0.0,0.0,0.0,0.0
34/mutation_5~mutation_8,34,mutation_5,mutation_8,mut_mut,1067.0,1715.5,1.0,1.0,1.0,1.0,1.0,large,False,1.6916697063271091e-06,5.818996331048556e-06,1,Slower,True,-1.0,0.0,0.0,0.0,0.0,0.0,1.0,-1.0,0.0,0.0,0.0,0.0,0.0,0.0
34/mutation_6~mutation_7,34,mutation_6,mutation_7,mut_mut,1071.0,1714.0,1.0,1.0,1.0,1.0,1.0,large,False,1.6959106954125473e-06,5.818996331048556e-06,1,Slower,True,-3.0,-2.0,0.0,0.0,0.0,2.0,0.0,-2.0,0.0,0.0,0.0,0.0,4.0,3.0
34/mutation_6~mutation_8,34,mutation_6,mutation_8,mut_mut,1071.0,1715.5,1.0,1.0,1.0,1.0,1.0,large,False,1.6959106954125473e-06,5.818996331048556e-06,1,Slower,True,-7.0,-1.0,0.0,0.0,0.0,2.0,1.0,-2.0,0.0,0.0,0.0,0.0,4.0,3.0
34/mutation_7~mutation_8,34,mutation_7,mutation_8,mut_mut,1714.0,1715.5,0.07111111111111111,0.07111111111111111,0.5355555555555556,-0.35555555555555557,0.4712222222222216,negligible,False,0.377854653932702,0.6180071745080054,0,Faster or stable,False,-4.0,1.0,0.0,0.0,0.0,0.0,1.0,0.0,0.0,0.0,0.0,0.0,0.0,0.0
35/mutation_1,35,base,mutation_1,base_mut,1102.5,1091.5,-0.24444444444444444,0.24444444444444444,0.37777777777777777,-0.6266666666666667,0.19111111111111112,small,False,0.8773100218216318,0.999998645417628,0,Faster or stable,False,4.0,2.0,0.0,0.0,0.0,0.0,0.0,0.0,0.0,0.0,0.0,0.0,0.0,0.0
35/mutation_2,35,base,mutation_2,base_mut,1102.5,394.0,-1.0,1.0,0.0,-1.0,-1.0,large,False,0.9999986139518094,0.999998645417628,0,Faster or stable,False,-11.0,-4.0,0.0,1.0,1.0,-2.0,0.0,-11.0,0.0,0.0,0.0,-6.0,-4.0,-3.0
35/mutation_3,35,base,mutation_3,base_mut,1102.5,1108.5,-0.04,0.04,0.48,-0.4577777777777778,0.38666666666666666,negligible,False,0.5821474865023604,0.802149100869153,0,Faster or stable,False,0.0,0.0,0.0,0.0,0.0,0.0,0.0,0.0,0.0,0.0,0.0,0.0,0.0,0.0
35/mutation_4,35,base,mutation_4,base_mut,1102.5,1102.5,-0.04888888888888889,0.04888888888888889,0.47555555555555556,-0.4666666666666667,0.3601111111111105,negligible,False,0.5983115691742913,0.8140960695322325,0,Faster or stable,False,1.0,0.0,2.0,0.0,0.0,0.0,0.0,0.0,1.0,1.0,0.0,0.0,0.0,0.0
35/mutation_5,35,base,mutation_5,base_mut,1102.5,1081.0,-0.36,0.36,0.32,-0.7155555555555555,0.04022222222222101,medium,False,0.9554910111383684,0.999998645417628,0,Faster or stable,False,4.0,1.0,0.0,0.0,1.0,0.0,0.0,2.0,0.0,0.0,0.0,-1.0,-3.0,-2.0
35/mutation_6,35,base,mutation_6,base_mut,1102.5,1092.0,-0.24444444444444444,0.24444444444444444,0.37777777777777777,-0.6357777777777778,0.17333333333333334,small,False,0.8772574993984379,0.999998645417628,0,Faster or stable,False,8.0,2.0,0.0,0.0,0.0,-2.0,0.0,2.0,0.0,0.0,0.0,0.0,-4.0,-3.0
35/mutation_7,35,base,mutation_7,base_mut,1102.5,1110.0,0.03111111111111111,0.03111111111111111,0.5155555555555555,-0.38666666666666666,0.4488888888888889,negligible,False,0.4504857467082206,0.6860608619593084,0,Faster or stable,False,1.0,0.0,0.0,0.0,4.0,0.0,0.0,0.0,0.0,0.0,0.0,0.0,0.0,0.0
35/mutation_8,35,base,mutation_8,base_mut,1102.5,1778.0,1.0,1.0,1.0,1.0,1.0,large,False,1.6959106954125473e-06,1.1490660221978891e-05,1,Slower,True,1.0,1.0,0.0,0.0,0.0,0.0,1.0,0.0,0.0,0.0,0.0,0.0,0.0,0.0
35/mutation_1~mutation_2,35,mutation_1,mutation_2,mut_mut,1091.5,394.0,-1.0,1.0,0.0,-1.0,-1.0,large,False,0.9999986139518094,0.9999986384769016,0,Faster or stable,False,-15.0,-6.0,0.0,1.0,1.0,-2.0,0.0,-11.0,0.0,0.0,0.0,-6.0,-4.0,-3.0
35/mutation_1~mutation_3,35,mutation_1,mutation_3,mut_mut,1091.5,1108.5,0.2088888888888889,0.2088888888888889,0.6044444444444445,-0.21777777777777776,0.5911111111111111,small,False,0.17004294514213586,0.3102246901617503,0,Faster or stable,False,-4.0,-2.0,0.0,0.0,0.0,0.0,0.0,0.0,0.0,0.0,0.0,0.0,0.0,0.0
35/mutation_1~mutation_4,35,mutation_1,mutation_4,mut_mut,1091.5,1102.5,0.17777777777777778,0.17777777777777778,0.5888888888888889,-0.24,0.5645555555555549,small,False,0.20925690584868,0.37272269198083413,0,Faster or stable,False,-3.0,-2.0,2.0,0.0,0.0,0.0,0.0,0.0,1.0,1.0,0.0,0.0,0.0,0.0
35/mutation_1~mutation_5,35,mutation_1,mutation_5,mut_mut,1091.5,1081.0,-0.017777777777777778,0.017777777777777778,0.4911111111111111,-0.48444444444444446,0.39566666666666606,negligible,False,0.5412989475920269,0.8365670752845978,0,Faster or stable,False,0.0,-1.0,0.0,0.0,1.0,0.0,0.0,2.0,0.0,0.0,0.0,-1.0,-3.0,-2.0
35/mutation_1~mutation_6,35,mutation_1,mutation_6,mut_mut,1091.5,1092.0,0.035555555555555556,0.035555555555555556,0.5177777777777778,-0.37344444444444447,0.4489999999999994,negligible,False,0.4422679141731697,0.7068726491485703,0,Faster or stable,False,4.0,0.0,0.0,0.0,0.0,-2.0,0.0,2.0,0.0,0.0,0.0,0.0,-4.0,-3.0
35/mutation_1~mutation_7,35,mutation_1,mutation_7,mut_mut,1091.5,1110.0,0.27111111111111114,0.27111111111111114,0.6355555555555555,-0.13777777777777778,0.6533333333333333,small,True,0.10668685354655916,0.20427073324102282,0,Faster or stable,False,-3.0,-2.0,0.0,0.0,4.0,0.0,0.0,0.0,0.0,0.0,0.0,0.0,0.0,0.0
35/mutation_1~mutation_8,35,mutation_1,mutation_8,mut_mut,1091.5,1778.0,1.0,1.0,1.0,1.0,1.0,large,False,1.6959106954125473e-06,5.818996331048556e-06,1,Slower,True,-3.0,-1.0,0.0,0.0,0.0,0.0,1.0,0.0,0.0,0.0,0.0,0.0,0.0,0.0
35/mutation_2~mutation_3,35,mutation_2,mutation_3,mut_mut,394.0,1108.5,1.0,1.0,1.0,1.0,1.0,large,False,1.6959106954125473e-06,5.818996331048556e-06,1,Slower,True,11.0,4.0,0.0,-1.0,-1.0,2.0,0.0,11.0,0.0,0.0,0.0,6.0,4.0,3.0
35/mutation_2~mutation_4,35,mutation_2,mutation_4,mut_mut,394.0,1102.5,1.0,1.0,1.0,1.0,1.0,large,False,1.6916697063271091e-06,5.818996331048556e-06,1,Slower,True,12.0,4.0,2.0,-1.0,-1.0,2.0,0.0,11.0,1.0,1.0,0.0,6.0,4.0,3.0
35/mutation_2~mutation_5,35,mutation_2,mutation_5,mut_mut,394.0,1081.0,1.0,1.0,1.0,1.0,1.0,large,False,1.6959106954125473e-06,5.818996331048556e-06,1,Slower,True,15.0,5.0,0.0,-1.0,0.0,2.0,0.0,13.0,0.0,0.0,0.0,5.0,1.0,1.0
35/mutation_2~mutation_6,35,mutation_2,mutation_6,mut_mut,394.0,1092.0,1.0,1.0,1.0,1.0,1.0,large,False,1.6959106954125473e-06,5.818996331048556e-06,1,Slower,True,19.0,6.0,0.0,-1.0,-1.0,0.0,0.0,13.0,0.0,0.0,0.0,6.0,0.0,0.0
35/mutation_2~mutation_7,35,mutation_2,mutation_7,mut_mut,394.0,1110.0,1.0,1.0,1.0,1.0,1.0,large,False,1.6959106954125473e-06,5.818996331048556e-06,1,Slower,True,12.0,4.0,0.0,-1.0,3.0,2.0,0.0,11.0,0.0,0.0,0.0,6.0,4.0,3.0
35/mutation_2~mutation_8,35,mutation_2,mutation_8,mut_mut,394.0,1778.0,1.0,1.0,1.0,1.0,1.0,large,False,1.6959106954125473e-06,5.818996331048556e-06,1,Slower,True,12.0,5.0,0.0,-1.0,-1.0,2.0,1.0,11.0,0.0,0.0,0.0,6.0,4.0,3.0
35/mutation_3~mutation_4,35,mutation_3,mutation_4,mut_mut,1108.5,1102.5,-0.02666666666666667,0.02666666666666667,0.4866666666666667,-0.449,0.38233333333333275,negligible,False,0.5577257058313501,0.8537572407505111,0,Faster or stable,False,1.0,0.0,2.0,0.0,0.0,0.0,0.0,0.0,1.0,1.0,0.0,0.0,0.0,0.0
35/mutation_3~mutation_5,35,mutation_3,mutation_5,mut_mut,1108.5,1081.0,-0.24444444444444444,0.24444444444444444,0.37777777777777777,-0.6577777777777778,0.17333333333333334,small,False,0.8773100218216318,0.9999986384769016,0,Faster or stable,False,4.0,1.0,0.0,0.0,1.0,0.0,0.0,2.0,0.0,0.0,0.0,-1.0,-3.0,-2.0
35/mutation_3~mutation_6,35,mutation_3,mutation_6,mut_mut,1108.5,1092.0,-0.2088888888888889,0.2088888888888889,0.39555555555555555,-0.6355555555555555,0.21777777777777776,small,False,0.8402470175540127,0.9999986384769016,0,Faster or stable,False,8.0,2.0,0.0,0.0,0.0,-2.0,0.0,2.0,0.0,0.0,0.0,0.0,-4.0,-3.0
35/mutation_3~mutation_7,35,mutation_3,mutation_7,mut_mut,1108.5,1110.0,0.017777777777777778,0.017777777777777778,0.5088888888888888,-0.3868888888888889,0.4488888888888889,negligible,False,0.47519221576880316,0.7509375578768973,0,Faster or stable,False,1.0,0.0,0.0,0.0,4.0,0.0,0.0,0.0,0.0,0.0,0.0,0.0,0.0,0.0
35/mutation_3~mutation_8,35,mutation_3,mutation_8,mut_mut,1108.5,1778.0,1.0,1.0,1.0,1.0,1.0,large,False,1.6959106954125473e-06,5.818996331048556e-06,1,Slower,True,1.0,1.0,0.0,0.0,0.0,0.0,1.0,0.0,0.0,0.0,0.0,0.0,0.0,0.0
35/mutation_4~mutation_5,35,mutation_4,mutation_5,mut_mut,1102.5,1081.0,-0.22666666666666666,0.22666666666666666,0.38666666666666666,-0.6266666666666667,0.2088888888888889,small,False,0.8596592828273949,0.9999986384769016,0,Faster or stable,False,3.0,1.0,-2.0,0.0,1.0,0.0,0.0,2.0,-1.0,-1.0,0.0,-1.0,-3.0,-2.0
35/mutation_4~mutation_6,35,mutation_4,mutation_6,mut_mut,1102.5,1092.0,-0.14666666666666667,0.14666666666666667,0.42666666666666664,-0.5466666666666666,0.28888888888888886,negligible,False,0.7596588516219966,0.9999986384769016,0,Faster or stable,False,7.0,2.0,-2.0,0.0,0.0,-2.0,0.0,2.0,-1.0,-1.0,0.0,0.0,-4.0,-3.0
35/mutation_4~mutation_7,35,mutation_4,mutation_7,mut_mut,1102.5,1110.0,0.09333333333333334,0.09333333333333334,0.5466666666666666,-0.3244444444444444,0.5422222222222223,negligible,False,0.33910054114463356,0.5671053400894893,0,Faster or stable,False,0.0,0.0,-2.0,0.0,4.0,0.0,0.0,0.0,-1.0,-1.0,0.0,0.0,0.0,0.0
35/mutation_4~mutation_8,35,mutation_4,mutation_8,mut_mut,1102.5,1778.0,1.0,1.0,1.0,1.0,1.0,large,False,1.6916697063271091e-06,5.818996331048556e-06,1,Slower,True,0.0,1.0,-2.0,0.0,0.0,0.0,1.0,0.0,-1.0,-1.0,0.0,0.0,0.0,0.0
35/mutation_5~mutation_6,35,mutation_5,mutation_6,mut_mut,1081.0,1092.0,0.044444444444444446,0.044444444444444446,0.5222222222222223,-0.37777777777777777,0.4534444444444438,negligible,False,0.42595887778031766,0.6847075370623444,0,Faster or stable,False,4.0,1.0,0.0,0.0,-1.0,-2.0,0.0,0.0,0.0,0.0,0.0,1.0,-1.0,-1.0
35/mutation_5~mutation_7,35,mutation_5,mutation_7,mut_mut,1081.0,1110.0,0.3111111111111111,0.3111111111111111,0.6555555555555556,-0.13777777777777778,0.7022222222222222,small,True,0.07614762106948031,0.151217045734437,0,Faster or stable,False,-3.0,-1.0,0.0,0.0,3.0,0.0,0.0,-2.0,0.0,0.0,0.0,1.0,3.0,2.0
35/mutation_5~mutation_8,35,mutation_5,mutation_8,mut_mut,1081.0,1778.0,1.0,1.0,1.0,1.0,1.0,large,False,1.6959106954125473e-06,5.818996331048556e-06,1,Slower,True,-3.0,0.0,0.0,0.0,-1.0,0.0,1.0,-2.0,0.0,0.0,0.0,1.0,3.0,2.0
35/mutation_6~mutation_7,35,mutation_6,mutation_7,mut_mut,1092.0,1110.0,0.27111111111111114,0.27111111111111114,0.6355555555555555,-0.14666666666666667,0.6444444444444445,small,True,0.10668685354655916,0.20427073324102282,0,Faster or stable,False,-7.0,-2.0,0.0,0.0,4.0,2.0,0.0,-2.0,0.0,0.0,0.0,0.0,4.0,3.0
35/mutation_6~mutation_8,35,mutation_6,mutation_8,mut_mut,1092.0,1778.0,1.0,1.0,1.0,1.0,1.0,large,False,1.6959106954125473e-06,5.818996331048556e-06,1,Slower,True,-7.0,-1.0,0.0,0.0,0.0,2.0,1.0,-2.0,0.0,0.0,0.0,0.0,4.0,3.0
35/mutation_7~mutation_8,35,mutation_7,mutation_8,mut_mut,1110.0,1778.0,1.0,1.0,1.0,1.0,1.0,large,False,1.6959106954125473e-06,5.818996331048556e-06,1,Slower,True,0.0,1.0,0.0,0.0,-4.0,0.0,1.0,0.0,0.0,0.0,0.0,0.0,0.0,0.0
36/mutation_1,36,base,mutation_1,base_mut,4101.5,4097.0,0.044444444444444446,0.044444444444444446,0.5222222222222223,-0.3778888888888889,0.4666666666666667,negligible,False,0.42595887778031766,0.6639359033946735,0,Faster or stable,False,4.0,4.0,0.0,0.0,0.0,0.0,0.0,0.0,0.0,0.0,0.0,0.0,0.0,0.0
36/mutation_2,36,base,mutation_2,base_mut,4101.5,4102.0,0.13777777777777778,0.13777777777777778,0.5688888888888889,-0.30666666666666664,0.5822222222222222,negligible,False,0.2669147108720698,0.46154002088295404,0,Faster or stable,False,0.0,0.0,0.0,0.0,-2.0,0.0,0.0,0.0,0.0,0.0,0.0,0.0,0.0,0.0
36/mutation_3,36,base,mutation_3,base_mut,4101.5,4329.5,0.9911111111111112,0.9911111111111112,0.9955555555555555,0.9466666666666667,1.0,large,False,2.071610048768768e-06,1.3485775219435901e-05,1,Slower,True,6.0,0.0,0.0,0.0,-3.0,0.0,0.0,2.0,0.0,0.0,0.0,1.0,0.0,0.0
36/mutation_4,36,base,mutation_4,base_mut,4101.5,4115.5,-0.0044444444444444444,0.0044444444444444444,0.49777777777777776,-0.44,0.40444444444444444,negligible,False,0.5165426114134031,0.7488953626717204,0,Faster or stable,False,0.0,-1.0,0.0,0.0,0.0,-1.0,0.0,1.0,0.0,0.0,0.0,0.0,0.0,0.0
36/mutation_5,36,base,mutation_5,base_mut,4101.5,4148.0,0.4533333333333333,0.4533333333333333,0.7266666666666667,0.04888888888888889,0.8267777777777772,medium,False,0.018091032466094163,0.048831079501977744,1,Slower,True,4.0,1.0,0.0,0.0,-1.0,0.0,0.0,2.0,0.0,0.0,0.0,0.0,0.0,0.0
36/mutation_6,36,base,mutation_6,base_mut,4101.5,4088.0,0.0044444444444444444,0.0044444444444444444,0.5022222222222222,-0.40444444444444444,0.4311111111111111,negligible,False,0.5,0.7377777777777778,0,Faster or stable,False,5.0,0.0,0.0,0.0,0.0,0.0,0.0,0.0,0.0,0.0,0.0,0.0,-5.0,-2.0
36/mutation_7,36,base,mutation_7,base_mut,4101.5,8275.5,1.0,1.0,1.0,1.0,1.0,large,False,1.6959106954125473e-06,1.1490660221978891e-05,1,Slower,True,0.0,0.0,0.0,0.0,0.0,5.0,0.0,0.0,0.0,0.0,0.0,0.0,0.0,0.0
36/mutation_8,36,base,mutation_8,base_mut,4101.5,4159.0,0.5022222222222222,0.5022222222222222,0.7511111111111111,0.10222222222222223,0.8488888888888889,large,False,0.010095707484602123,0.02914586856424265,1,Slower,True,1.0,1.0,0.0,0.0,0.0,0.0,1.0,0.0,0.0,0.0,0.0,0.0,0.0,0.0
36/mutation_1~mutation_2,36,mutation_1,mutation_2,mut_mut,4097.0,4102.0,0.07555555555555556,0.07555555555555556,0.5377777777777778,-0.3422222222222222,0.5111111111111111,negligible,False,0.37001087559690926,0.6060616093718718,0,Faster or stable,False,-4.0,-4.0,0.0,0.0,-2.0,0.0,0.0,0.0,0.0,0.0,0.0,0.0,0.0,0.0
36/mutation_1~mutation_3,36,mutation_1,mutation_3,mut_mut,4097.0,4329.5,1.0,1.0,1.0,1.0,1.0,large,False,1.6959106954125473e-06,5.818996331048556e-06,1,Slower,True,2.0,-4.0,0.0,0.0,-3.0,0.0,0.0,2.0,0.0,0.0,0.0,1.0,0.0,0.0
36/mutation_1~mutation_4,36,mutation_1,mutation_4,mut_mut,4097.0,4115.5,-0.12,0.12,0.44,-0.5288888888888889,0.33355555555555433,negligible,False,0.719319847113983,0.9999986384769016,0,Faster or stable,False,-4.0,-5.0,0.0,0.0,0.0,-1.0,0.0,1.0,0.0,0.0,0.0,0.0,0.0,0.0
36/mutation_1~mutation_5,36,mutation_1,mutation_5,mut_mut,4097.0,4148.0,0.4577777777777778,0.4577777777777778,0.7288888888888889,0.04888888888888889,0.8133333333333334,medium,False,0.017198724446251125,0.03761592364267789,1,Slower,True,0.0,-3.0,0.0,0.0,-1.0,0.0,0.0,2.0,0.0,0.0,0.0,0.0,0.0,0.0
36/mutation_1~mutation_6,36,mutation_1,mutation_6,mut_mut,4097.0,4088.0,-0.04888888888888889,0.04888888888888889,0.47555555555555556,-0.4668888888888889,0.40444444444444444,negligible,False,0.5982687128426144,0.8987493643449862,0,Faster or stable,False,1.0,-4.0,0.0,0.0,0.0,0.0,0.0,0.0,0.0,0.0,0.0,0.0,-5.0,-2.0
36/mutation_1~mutation_7,36,mutation_1,mutation_7,mut_mut,4097.0,8275.5,1.0,1.0,1.0,1.0,1.0,large,False,1.6959106954125473e-06,5.818996331048556e-06,1,Slower,True,-4.0,-4.0,0.0,0.0,0.0,5.0,0.0,0.0,0.0,0.0,0.0,0.0,0.0,0.0
36/mutation_1~mutation_8,36,mutation_1,mutation_8,mut_mut,4097.0,4159.0,0.47555555555555556,0.47555555555555556,0.7377777777777778,0.08444444444444445,0.8046666666666654,large,False,0.013962528676653705,0.030777911935570643,1,Slower,True,-3.0,-3.0,0.0,0.0,0.0,0.0,1.0,0.0,0.0,0.0,0.0,0.0,0.0,0.0
36/mutation_2~mutation_3,36,mutation_2,mutation_3,mut_mut,4102.0,4329.5,1.0,1.0,1.0,1.0,1.0,large,False,1.6959106954125473e-06,5.818996331048556e-06,1,Slower,True,6.0,0.0,0.0,0.0,-1.0,0.0,0.0,2.0,0.0,0.0,0.0,1.0,0.0,0.0
36/mutation_2~mutation_4,36,mutation_2,mutation_4,mut_mut,4102.0,4115.5,-0.14666666666666667,0.14666666666666667,0.42666666666666664,-0.5555555555555556,0.29777777777777775,negligible,False,0.7596344447721888,0.9999986384769016,0,Faster or stable,False,0.0,-1.0,0.0,0.0,2.0,-1.0,0.0,1.0,0.0,0.0,0.0,0.0,0.0,0.0
36/mutation_2~mutation_5,36,mutation_2,mutation_5,mut_mut,4102.0,4148.0,0.36,0.36,0.6799999999999999,-0.08444444444444445,0.7244444444444444,medium,True,0.048545533798238547,0.09975840461835833,1,Slower,False,4.0,1.0,0.0,0.0,1.0,0.0,0.0,2.0,0.0,0.0,0.0,0.0,0.0,0.0
36/mutation_2~mutation_6,36,mutation_2,mutation_6,mut_mut,4102.0,4088.0,-0.10222222222222223,0.10222222222222223,0.4488888888888889,-0.5377777777777778,0.30666666666666664,negligible,False,0.6906652214588689,0.9999986384769016,0,Faster or stable,False,5.0,0.0,0.0,0.0,2.0,0.0,0.0,0.0,0.0,0.0,0.0,0.0,-5.0,-2.0
36/mutation_2~mutation_7,36,mutation_2,mutation_7,mut_mut,4102.0,8275.5,1.0,1.0,1.0,1.0,1.0,large,False,1.6959106954125473e-06,5.818996331048556e-06,1,Slower,True,0.0,0.0,0.0,0.0,2.0,5.0,0.0,0.0,0.0,0.0,0.0,0.0,0.0,0.0
36/mutation_2~mutation_8,36,mutation_2,mutation_8,mut_mut,4102.0,4159.0,0.4088888888888889,0.4088888888888889,0.7044444444444444,-0.0044444444444444444,0.76,medium,True,0.029549103209518354,0.06303059657999924,1,Slower,False,1.0,1.0,0.0,0.0,2.0,0.0,1.0,0.0,0.0,0.0,0.0,0.0,0.0,0.0
36/mutation_3~mutation_4,36,mutation_3,mutation_4,mut_mut,4329.5,4115.5,-1.0,1.0,0.0,-1.0,-1.0,large,False,0.9999986139518094,0.9999986384769016,0,Faster or stable,False,-6.0,-1.0,0.0,0.0,3.0,-1.0,0.0,-1.0,0.0,0.0,0.0,-1.0,0.0,0.0
36/mutation_3~mutation_5,36,mutation_3,mutation_5,mut_mut,4329.5,4148.0,-0.9911111111111112,0.9911111111111112,0.0044444444444444176,-1.0,-0.9466666666666667,large,False,0.9999983040893046,0.9999986384769016,0,Faster or stable,False,-2.0,1.0,0.0,0.0,2.0,0.0,0.0,0.0,0.0,0.0,0.0,-1.0,0.0,0.0
36/mutation_3~mutation_6,36,mutation_3,mutation_6,mut_mut,4329.5,4088.0,-1.0,1.0,0.0,-1.0,-1.0,large,False,0.9999986139518094,0.9999986384769016,0,Faster or stable,False,-1.0,0.0,0.0,0.0,3.0,0.0,0.0,-2.0,0.0,0.0,0.0,-1.0,-5.0,-2.0
36/mutation_3~mutation_7,36,mutation_3,mutation_7,mut_mut,4329.5,8275.5,1.0,1.0,1.0,1.0,1.0,large,False,1.6959106954125473e-06,5.818996331048556e-06,1,Slower,True,-6.0,0.0,0.0,0.0,3.0,5.0,0.0,-2.0,0.0,0.0,0.0,-1.0,0.0,0.0
36/mutation_3~mutation_8,36,mutation_3,mutation_8,mut_mut,4329.5,4159.0,-1.0,1.0,0.0,-1.0,-1.0,large,False,0.9999986139518094,0.9999986384769016,0,Faster or stable,False,-5.0,1.0,0.0,0.0,3.0,0.0,1.0,-2.0,0.0,0.0,0.0,-1.0,0.0,0.0
36/mutation_4~mutation_5,36,mutation_4,mutation_5,mut_mut,4115.5,4148.0,0.5555555555555556,0.5555555555555556,0.7777777777777778,0.2,0.8488888888888889,large,False,0.005060901123886361,0.011854553363257823,1,Slower,True,4.0,2.0,0.0,0.0,-1.0,1.0,0.0,1.0,0.0,0.0,0.0,0.0,0.0,0.0
36/mutation_4~mutation_6,36,mutation_4,mutation_6,mut_mut,4115.5,4088.0,0.022222222222222223,0.022222222222222223,0.5111111111111111,-0.41333333333333333,0.4668888888888877,negligible,False,0.4669432090387923,0.7410329286301626,0,Faster or stable,False,5.0,1.0,0.0,0.0,0.0,1.0,0.0,-1.0,0.0,0.0,0.0,0.0,-5.0,-2.0
36/mutation_4~mutation_7,36,mutation_4,mutation_7,mut_mut,4115.5,8275.5,1.0,1.0,1.0,1.0,1.0,large,False,1.6959106954125473e-06,5.818996331048556e-06,1,Slower,True,0.0,1.0,0.0,0.0,0.0,6.0,0.0,-1.0,0.0,0.0,0.0,0.0,0.0,0.0
36/mutation_4~mutation_8,36,mutation_4,mutation_8,mut_mut,4115.5,4159.0,0.5511111111111111,0.5511111111111111,0.7755555555555556,0.17333333333333334,0.8311111111111111,large,False,0.005367866651559789,0.012495324446162,1,Slower,True,1.0,2.0,0.0,0.0,0.0,1.0,1.0,-1.0,0.0,0.0,0.0,0.0,0.0,0.0
36/mutation_5~mutation_6,36,mutation_5,mutation_6,mut_mut,4148.0,4088.0,-0.40444444444444444,0.40444444444444444,0.2977777777777778,-0.76,0.0044444444444444444,medium,False,0.9718038178865842,0.9999986384769016,0,Faster or stable,False,1.0,-1.0,0.0,0.0,1.0,0.0,0.0,-2.0,0.0,0.0,0.0,0.0,-5.0,-2.0
36/mutation_5~mutation_7,36,mutation_5,mutation_7,mut_mut,4148.0,8275.5,1.0,1.0,1.0,1.0,1.0,large,False,1.6959106954125473e-06,5.818996331048556e-06,1,Slower,True,-4.0,-1.0,0.0,0.0,1.0,5.0,0.0,-2.0,0.0,0.0,0.0,0.0,0.0,0.0
36/mutation_5~mutation_8,36,mutation_5,mutation_8,mut_mut,4148.0,4159.0,0.02666666666666667,0.02666666666666667,0.5133333333333333,-0.4,0.4577777777777778,negligible,False,0.45870105240797304,0.731054802275207,0,Faster or stable,False,-3.0,0.0,0.0,0.0,1.0,0.0,1.0,-2.0,0.0,0.0,0.0,0.0,0.0,0.0
36/mutation_6~mutation_7,36,mutation_6,mutation_7,mut_mut,4088.0,8275.5,1.0,1.0,1.0,1.0,1.0,large,False,1.6959106954125473e-06,5.818996331048556e-06,1,Slower,True,-5.0,0.0,0.0,0.0,0.0,5.0,0.0,0.0,0.0,0.0,0.0,0.0,5.0,2.0
36/mutation_6~mutation_8,36,mutation_6,mutation_8,mut_mut,4088.0,4159.0,0.4311111111111111,0.4311111111111111,0.7155555555555555,0.013333333333333334,0.7955555555555556,medium,False,0.023243343197643016,0.05024861477409531,1,Slower,False,-4.0,1.0,0.0,0.0,0.0,0.0,1.0,0.0,0.0,0.0,0.0,0.0,5.0,2.0
36/mutation_7~mutation_8,36,mutation_7,mutation_8,mut_mut,8275.5,4159.0,-1.0,1.0,0.0,-1.0,-1.0,large,False,0.9999986139518094,0.9999986384769016,0,Faster or stable,False,1.0,1.0,0.0,0.0,0.0,-5.0,1.0,0.0,0.0,0.0,0.0,0.0,0.0,0.0
37/mutation_1,37,base,mutation_1,base_mut,3387.0,3442.5,0.4488888888888889,0.4488888888888889,0.7244444444444444,0.04,0.7955555555555556,medium,False,0.019044142103146065,0.0493957435800351,1,Slower,True,0.0,-1.0,0.0,0.0,1.0,1.0,0.0,1.0,0.0,0.0,0.0,0.0,3.0,4.0
37/mutation_2,37,base,mutation_2,base_mut,3387.0,3364.0,-0.09777777777777778,0.09777777777777778,0.45111111111111113,-0.52,0.3244444444444444,negligible,False,0.6833559426998878,0.8932054054187509,0,Faster or stable,False,-3.0,-3.0,0.0,0.0,0.0,1.0,0.0,0.0,0.0,0.0,0.0,0.0,3.0,4.0
37/mutation_3,37,base,mutation_3,base_mut,3387.0,3475.5,0.5555555555555556,0.5555555555555556,0.7777777777777778,0.1997777777777778,0.8577777777777778,large,False,0.005060901123886361,0.01570298292645114,1,Slower,True,2.0,0.0,0.0,0.0,-2.0,0.0,0.0,0.0,0.0,0.0,1.0,1.0,0.0,0.0
37/mutation_4,37,base,mutation_4,base_mut,3387.0,3411.5,0.28,0.28,0.64,-0.15577777777777777,0.6533333333333333,small,True,0.09925292657694385,0.19614268823538902,0,Faster or stable,False,0.0,-1.0,0.0,0.0,0.0,0.0,0.0,1.0,0.0,0.0,0.0,0.0,0.0,0.0
37/mutation_5,37,base,mutation_5,base_mut,3387.0,3433.0,0.29333333333333333,0.29333333333333333,0.6466666666666667,-0.1288888888888889,0.6711111111111111,small,True,0.08879909397569807,0.1865905012653909,0,Faster or stable,False,1.0,1.0,0.0,0.0,0.0,0.0,0.0,1.0,0.0,0.0,0.0,0.0,0.0,0.0
37/mutation_6,37,base,mutation_6,base_mut,3387.0,3449.0,0.4488888888888889,0.4488888888888889,0.7244444444444444,0.07555555555555556,0.7866666666666666,medium,False,0.019044142103146065,0.0493957435800351,1,Slower,True,0.0,0.0,0.0,0.0,0.0,0.0,0.0,2.0,0.0,0.0,0.0,2.0,0.0,0.0
37/mutation_7,37,base,mutation_7,base_mut,3387.0,4584.0,1.0,1.0,1.0,1.0,1.0,large,False,1.6959106954125473e-06,1.1490660221978891e-05,1,Slower,True,-1.0,-2.0,2.0,0.0,0.0,1.0,0.0,-1.0,0.0,0.0,-1.0,0.0,2.0,2.0
37/mutation_8,37,base,mutation_8,base_mut,3387.0,3463.5,0.4533333333333333,0.4533333333333333,0.7266666666666667,0.06666666666666667,0.7822222222222223,medium,False,0.018091032466094163,0.048831079501977744,1,Slower,True,1.0,1.0,0.0,0.0,0.0,0.0,0.0,0.0,0.0,0.0,0.0,0.0,0.0,0.0
37/mutation_1~mutation_2,37,mutation_1,mutation_2,mut_mut,3442.5,3364.0,-0.6844444444444444,0.6844444444444444,0.1577777777777778,-0.9288888888888889,-0.34655555555555617,large,False,0.999348380672356,0.9999986384769016,0,Faster or stable,False,-3.0,-2.0,0.0,0.0,-1.0,0.0,0.0,-1.0,0.0,0.0,0.0,0.0,0.0,0.0
37/mutation_1~mutation_3,37,mutation_1,mutation_3,mut_mut,3442.5,3475.5,0.29777777777777775,0.29777777777777775,0.6488888888888888,-0.1111111111111111,0.68,small,True,0.08553461552817593,0.16777943815142202,0,Faster or stable,False,2.0,1.0,0.0,0.0,-3.0,-1.0,0.0,-1.0,0.0,0.0,1.0,1.0,-3.0,-4.0
37/mutation_1~mutation_4,37,mutation_1,mutation_4,mut_mut,3442.5,3411.5,-0.39555555555555555,0.39555555555555555,0.3022222222222222,-0.7511111111111111,0.013333333333333334,medium,False,0.9690151900429806,0.9999986384769016,0,Faster or stable,False,0.0,0.0,0.0,0.0,-1.0,-1.0,0.0,0.0,0.0,0.0,0.0,0.0,-3.0,-4.0
37/mutation_1~mutation_5,37,mutation_1,mutation_5,mut_mut,3442.5,3433.0,-0.17777777777777778,0.17777777777777778,0.4111111111111111,-0.5733333333333334,0.2489999999999994,small,False,0.8024472392430941,0.9999986384769016,0,Faster or stable,False,1.0,2.0,0.0,0.0,-1.0,-1.0,0.0,0.0,0.0,0.0,0.0,0.0,-3.0,-4.0
37/mutation_1~mutation_6,37,mutation_1,mutation_6,mut_mut,3442.5,3449.0,0.017777777777777778,0.017777777777777778,0.5088888888888888,-0.3957777777777778,0.4311111111111111,negligible,False,0.47519221576880316,0.7509375578768973,0,Faster or stable,False,0.0,1.0,0.0,0.0,-1.0,-1.0,0.0,1.0,0.0,0.0,0.0,2.0,-3.0,-4.0
37/mutation_1~mutation_7,37,mutation_1,mutation_7,mut_mut,3442.5,4584.0,1.0,1.0,1.0,1.0,1.0,large,False,1.6959106954125473e-06,5.818996331048556e-06,1,Slower,True,-1.0,-1.0,2.0,0.0,-1.0,0.0,0.0,-2.0,0.0,0.0,-1.0,0.0,-1.0,-2.0
37/mutation_1~mutation_8,37,mutation_1,mutation_8,mut_mut,3442.5,3463.5,0.08444444444444445,0.08444444444444445,0.5422222222222223,-0.3511111111111111,0.5111111111111111,negligible,False,0.35446161702688217,0.586586923752451,0,Faster or stable,False,1.0,2.0,0.0,0.0,-1.0,-1.0,0.0,-1.0,0.0,0.0,0.0,0.0,-3.0,-4.0
37/mutation_2~mutation_3,37,mutation_2,mutation_3,mut_mut,3364.0,3475.5,0.6622222222222223,0.6622222222222223,0.8311111111111111,0.28888888888888886,0.9555555555555556,large,False,0.0010713030922134825,0.0026801269282783558,1,Slower,True,5.0,3.0,0.0,0.0,-2.0,-1.0,0.0,0.0,0.0,0.0,1.0,1.0,-3.0,-4.0
37/mutation_2~mutation_4,37,mutation_2,mutation_4,mut_mut,3364.0,3411.5,0.4488888888888889,0.4488888888888889,0.7244444444444444,0.057777777777777775,0.7868888888888876,medium,False,0.019033428369837707,0.041490344543164824,1,Slower,True,3.0,2.0,0.0,0.0,0.0,-1.0,0.0,1.0,0.0,0.0,0.0,0.0,-3.0,-4.0
37/mutation_2~mutation_5,37,mutation_2,mutation_5,mut_mut,3364.0,3433.0,0.4222222222222222,0.4222222222222222,0.7111111111111111,0.013333333333333334,0.7777777777777778,medium,True,0.025606773760554057,0.055039847048547225,1,Slower,False,4.0,4.0,0.0,0.0,0.0,-1.0,0.0,1.0,0.0,0.0,0.0,0.0,-3.0,-4.0
37/mutation_2~mutation_6,37,mutation_2,mutation_6,mut_mut,3364.0,3449.0,0.6622222222222223,0.6622222222222223,0.8311111111111111,0.35088888888888886,0.920222222222221,large,False,0.0010713030922134825,0.0026801269282783558,1,Slower,True,3.0,3.0,0.0,0.0,0.0,-1.0,0.0,2.0,0.0,0.0,0.0,2.0,-3.0,-4.0
37/mutation_2~mutation_7,37,mutation_2,mutation_7,mut_mut,3364.0,4584.0,1.0,1.0,1.0,1.0,1.0,large,False,1.6916697063271091e-06,5.818996331048556e-06,1,Slower,True,2.0,1.0,2.0,0.0,0.0,0.0,0.0,-1.0,0.0,0.0,-1.0,0.0,-1.0,-2.0
37/mutation_2~mutation_8,37,mutation_2,mutation_8,mut_mut,3364.0,3463.5,0.5911111111111111,0.5911111111111111,0.7955555555555556,0.23533333333333334,0.8933333333333333,large,False,0.003092047634271792,0.007428859626665847,1,Slower,True,4.0,4.0,0.0,0.0,0.0,-1.0,0.0,0.0,0.0,0.0,0.0,0.0,-3.0,-4.0
37/mutation_3~mutation_4,37,mutation_3,mutation_4,mut_mut,3475.5,3411.5,-0.5111111111111111,0.5111111111111111,0.24444444444444446,-0.8666666666666667,-0.12,large,False,0.9919298600531982,0.9999986384769016,0,Faster or stable,False,-2.0,-1.0,0.0,0.0,2.0,0.0,0.0,1.0,0.0,0.0,-1.0,-1.0,0.0,0.0
37/mutation_3~mutation_5,37,mutation_3,mutation_5,mut_mut,3475.5,3433.0,-0.4577777777777778,0.4577777777777778,0.2711111111111111,-0.8133333333333334,-0.057777777777777775,medium,False,0.9844916942809916,0.9999986384769016,0,Faster or stable,False,-1.0,1.0,0.0,0.0,2.0,0.0,0.0,1.0,0.0,0.0,-1.0,-1.0,0.0,0.0
37/mutation_3~mutation_6,37,mutation_3,mutation_6,mut_mut,3475.5,3449.0,-0.27111111111111114,0.27111111111111114,0.36444444444444446,-0.6533333333333333,0.15555555555555556,small,False,0.9007470734230562,0.9999986384769016,0,Faster or stable,False,-2.0,0.0,0.0,0.0,2.0,0.0,0.0,2.0,0.0,0.0,-1.0,1.0,0.0,0.0
37/mutation_3~mutation_7,37,mutation_3,mutation_7,mut_mut,3475.5,4584.0,1.0,1.0,1.0,1.0,1.0,large,False,1.6959106954125473e-06,5.818996331048556e-06,1,Slower,True,-3.0,-2.0,2.0,0.0,2.0,1.0,0.0,-1.0,0.0,0.0,-2.0,-1.0,2.0,2.0
37/mutation_3~mutation_8,37,mutation_3,mutation_8,mut_mut,3475.5,3463.5,-0.16,0.16,0.42,-0.5823333333333333,0.25344444444444386,small,False,0.7785869394306343,0.9999986384769016,0,Faster or stable,False,-1.0,1.0,0.0,0.0,2.0,0.0,0.0,0.0,0.0,0.0,-1.0,-1.0,0.0,0.0
37/mutation_4~mutation_5,37,mutation_4,mutation_5,mut_mut,3411.5,3433.0,0.17333333333333334,0.17333333333333334,0.5866666666666667,-0.27111111111111114,0.5911111111111111,small,False,0.21532399492403886,0.37986402878108744,0,Faster or stable,False,1.0,2.0,0.0,0.0,0.0,0.0,0.0,0.0,0.0,0.0,0.0,0.0,0.0,0.0
37/mutation_4~mutation_6,37,mutation_4,mutation_6,mut_mut,3411.5,3449.0,0.31555555555555553,0.31555555555555553,0.6577777777777778,-0.10222222222222223,0.7066666666666667,small,True,0.07328801715450034,0.14579637455203792,0,Faster or stable,False,0.0,1.0,0.0,0.0,0.0,0.0,0.0,1.0,0.0,0.0,0.0,2.0,0.0,0.0
37/mutation_4~mutation_7,37,mutation_4,mutation_7,mut_mut,3411.5,4584.0,1.0,1.0,1.0,1.0,1.0,large,False,1.6959106954125473e-06,5.818996331048556e-06,1,Slower,True,-1.0,-1.0,2.0,0.0,0.0,1.0,0.0,-2.0,0.0,0.0,-1.0,0.0,2.0,2.0
37/mutation_4~mutation_8,37,mutation_4,mutation_8,mut_mut,3411.5,3463.5,0.3244444444444444,0.3244444444444444,0.6622222222222223,-0.12,0.7244444444444444,small,True,0.06769105502280337,0.13538211004560674,0,Faster or stable,False,1.0,2.0,0.0,0.0,0.0,0.0,0.0,-1.0,0.0,0.0,0.0,0.0,0.0,0.0
37/mutation_5~mutation_6,37,mutation_5,mutation_6,mut_mut,3433.0,3449.0,0.18222222222222223,0.18222222222222223,0.5911111111111111,-0.23555555555555555,0.5824444444444432,small,False,0.20339341669923255,0.36396716672494245,0,Faster or stable,False,-1.0,-1.0,0.0,0.0,0.0,0.0,0.0,1.0,0.0,0.0,0.0,2.0,0.0,0.0
37/mutation_5~mutation_7,37,mutation_5,mutation_7,mut_mut,3433.0,4584.0,1.0,1.0,1.0,1.0,1.0,large,False,1.6959106954125473e-06,5.818996331048556e-06,1,Slower,True,-2.0,-3.0,2.0,0.0,0.0,1.0,0.0,-2.0,0.0,0.0,-1.0,0.0,2.0,2.0
37/mutation_5~mutation_8,37,mutation_5,mutation_8,mut_mut,3433.0,3463.5,0.2577777777777778,0.2577777777777778,0.6288888888888888,-0.14666666666666667,0.6355555555555555,small,True,0.1185519805536932,0.22621653432184313,0,Faster or stable,False,0.0,0.0,0.0,0.0,0.0,0.0,0.0,-1.0,0.0,0.0,0.0,0.0,0.0,0.0
37/mutation_6~mutation_7,37,mutation_6,mutation_7,mut_mut,3449.0,4584.0,1.0,1.0,1.0,1.0,1.0,large,False,1.6959106954125473e-06,5.818996331048556e-06,1,Slower,True,-1.0,-2.0,2.0,0.0,0.0,1.0,0.0,-3.0,0.0,0.0,-1.0,-2.0,2.0,2.0
37/mutation_6~mutation_8,37,mutation_6,mutation_8,mut_mut,3449.0,3463.5,0.07555555555555556,0.07555555555555556,0.5377777777777778,-0.3422222222222222,0.4666666666666667,negligible,False,0.37001087559690926,0.6060616093718718,0,Faster or stable,False,1.0,1.0,0.0,0.0,0.0,0.0,0.0,-2.0,0.0,0.0,0.0,-2.0,0.0,0.0
37/mutation_7~mutation_8,37,mutation_7,mutation_8,mut_mut,4584.0,3463.5,-1.0,1.0,0.0,-1.0,-1.0,large,False,0.9999986139518094,0.9999986384769016,0,Faster or stable,False,2.0,3.0,-2.0,0.0,0.0,-1.0,0.0,1.0,0.0,0.0,1.0,0.0,-2.0,-2.0
38/mutation_1,38,base,mutation_1,base_mut,3361.0,3354.5,-0.2577777777777778,0.2577777777777778,0.3711111111111111,-0.6266666666666667,0.18677777777777718,small,False,0.889474673285094,0.999998645417628,0,Faster or stable,False,3.0,3.0,0.0,0.0,0.0,0.0,0.0,0.0,0.0,0.0,0.0,0.0,0.0,0.0
38/mutation_2,38,base,mutation_2,base_mut,3361.0,3198.5,-0.8844444444444445,0.8844444444444445,0.05777777777777776,-1.0,-0.6266666666666667,large,False,0.9999832500123293,0.999998645417628,0,Faster or stable,False,-1.0,-1.0,0.0,0.0,2.0,0.0,0.0,-1.0,0.0,0.0,-1.0,0.0,0.0,0.0
38/mutation_3,38,base,mutation_3,base_mut,3361.0,3601.5,0.8666666666666667,0.8666666666666667,0.9333333333333333,0.6,1.0,large,False,2.868531504244278e-05,0.00013802209556653625,1,Slower,True,3.0,0.0,0.0,0.0,-2.0,0.0,0.0,2.0,0.0,0.0,0.0,5.0,1.0,0.0
38/mutation_4,38,base,mutation_4,base_mut,3361.0,3368.0,0.08444444444444445,0.08444444444444445,0.5422222222222223,-0.3511111111111111,0.4888888888888889,negligible,False,0.354415242500455,0.5854022910952789,0,Faster or stable,False,-3.0,-2.0,0.0,0.0,0.0,5.0,0.0,0.0,-1.0,-1.0,-3.0,-1.0,3.0,1.0
38/mutation_5,38,base,mutation_5,base_mut,3361.0,3295.0,-0.6266666666666667,0.6266666666666667,0.18666666666666665,-0.9111111111111111,-0.26222222222222225,large,False,0.9983849282022067,0.999998645417628,0,Faster or stable,False,8.0,2.0,0.0,0.0,0.0,2.0,0.0,3.0,0.0,0.0,0.0,0.0,-5.0,-2.0
38/mutation_6,38,base,mutation_6,base_mut,3361.0,3325.5,-0.28,0.28,0.36,-0.6535555555555556,0.14666666666666667,small,False,0.9077949653891817,0.999998645417628,0,Faster or stable,False,5.0,0.0,0.0,0.0,0.0,0.0,0.0,0.0,0.0,0.0,0.0,0.0,-5.0,-2.0
38/mutation_7,38,base,mutation_7,base_mut,3361.0,4559.5,1.0,1.0,1.0,1.0,1.0,large,False,1.6959106954125473e-06,1.1490660221978891e-05,1,Slower,True,8.0,0.0,0.0,0.0,0.0,0.0,0.0,0.0,0.0,0.0,0.0,0.0,0.0,0.0
38/mutation_8,38,base,mutation_8,base_mut,3361.0,4251.5,1.0,1.0,1.0,1.0,1.0,large,False,1.6959106954125473e-06,1.1490660221978891e-05,1,Slower,True,1.0,1.0,0.0,0.0,0.0,0.0,1.0,0.0,0.0,0.0,0.0,0.0,0.0,0.0
38/mutation_1~mutation_2,38,mutation_1,mutation_2,mut_mut,3354.5,3198.5,-0.6622222222222223,0.6622222222222223,0.16888888888888887,-0.9822222222222222,-0.25333333333333335,large,False,0.9990683602420379,0.9999986384769016,0,Faster or stable,False,-4.0,-4.0,0.0,0.0,2.0,0.0,0.0,-1.0,0.0,0.0,-1.0,0.0,0.0,0.0
38/mutation_1~mutation_3,38,mutation_1,mutation_3,mut_mut,3354.5,3601.5,0.8844444444444445,0.8844444444444445,0.9422222222222223,0.6266666666666667,1.0,large,False,2.0099865463735852e-05,5.8729294401853197e-05,1,Slower,True,0.0,-3.0,0.0,0.0,-2.0,0.0,0.0,2.0,0.0,0.0,0.0,5.0,1.0,0.0
38/mutation_1~mutation_4,38,mutation_1,mutation_4,mut_mut,3354.5,3368.0,0.39555555555555555,0.39555555555555555,0.6977777777777778,-0.022222222222222223,0.7333333333333333,medium,True,0.03398255906032384,0.07100266529922411,1,Slower,False,-6.0,-5.0,0.0,0.0,0.0,5.0,0.0,0.0,-1.0,-1.0,-3.0,-1.0,3.0,1.0
38/mutation_1~mutation_5,38,mutation_1,mutation_5,mut_mut,3354.5,3295.0,-0.3511111111111111,0.3511111111111111,0.3244444444444444,-0.7422222222222222,0.07555555555555556,medium,False,0.9514544662017614,0.9999986384769016,0,Faster or stable,False,5.0,-1.0,0.0,0.0,0.0,2.0,0.0,3.0,0.0,0.0,0.0,0.0,-5.0,-2.0
38/mutation_1~mutation_6,38,mutation_1,mutation_6,mut_mut,3354.5,3325.5,-0.07111111111111111,0.07111111111111111,0.46444444444444444,-0.48444444444444446,0.3422222222222222,negligible,False,0.637806880939608,0.9455324301691164,0,Faster or stable,False,2.0,-3.0,0.0,0.0,0.0,0.0,0.0,0.0,0.0,0.0,0.0,0.0,-5.0,-2.0
38/mutation_1~mutation_7,38,mutation_1,mutation_7,mut_mut,3354.5,4559.5,1.0,1.0,1.0,1.0,1.0,large,False,1.6959106954125473e-06,5.818996331048556e-06,1,Slower,True,5.0,-3.0,0.0,0.0,0.0,0.0,0.0,0.0,0.0,0.0,0.0,0.0,0.0,0.0
38/mutation_1~mutation_8,38,mutation_1,mutation_8,mut_mut,3354.5,4251.5,1.0,1.0,1.0,1.0,1.0,large,False,1.6959106954125473e-06,5.818996331048556e-06,1,Slower,True,-2.0,-2.0,0.0,0.0,0.0,0.0,1.0,0.0,0.0,0.0,0.0,0.0,0.0,0.0
38/mutation_2~mutation_3,38,mutation_2,mutation_3,mut_mut,3198.5,3601.5,0.8844444444444445,0.8844444444444445,0.9422222222222223,0.6266666666666667,1.0,large,False,2.0060169488057697e-05,5.8729294401853197e-05,1,Slower,True,4.0,1.0,0.0,0.0,-4.0,0.0,0.0,3.0,0.0,0.0,1.0,5.0,1.0,0.0
38/mutation_2~mutation_4,38,mutation_2,mutation_4,mut_mut,3198.5,3368.0,1.0,1.0,1.0,1.0,1.0,large,False,1.6874374779290916e-06,5.818996331048556e-06,1,Slower,True,-2.0,-1.0,0.0,0.0,-2.0,5.0,0.0,1.0,-1.0,-1.0,-2.0,-1.0,3.0,1.0
38/mutation_2~mutation_5,38,mutation_2,mutation_5,mut_mut,3198.5,3295.0,0.6755555555555556,0.6755555555555556,0.8377777777777777,0.30666666666666664,0.9644444444444444,large,False,0.0008672392399820366,0.002196484034446603,1,Slower,True,9.0,3.0,0.0,0.0,-2.0,2.0,0.0,4.0,0.0,0.0,1.0,0.0,-5.0,-2.0
38/mutation_2~mutation_6,38,mutation_2,mutation_6,mut_mut,3198.5,3325.5,0.48444444444444446,0.48444444444444446,0.7422222222222222,0.039777777777777794,0.8668888888888877,large,False,0.012543356623998917,0.027941910386440102,1,Slower,True,6.0,1.0,0.0,0.0,-2.0,0.0,0.0,1.0,0.0,0.0,1.0,0.0,-5.0,-2.0
38/mutation_2~mutation_7,38,mutation_2,mutation_7,mut_mut,3198.5,4559.5,1.0,1.0,1.0,1.0,1.0,large,False,1.6916697063271091e-06,5.818996331048556e-06,1,Slower,True,9.0,1.0,0.0,0.0,-2.0,0.0,0.0,1.0,0.0,0.0,1.0,0.0,0.0,0.0
38/mutation_2~mutation_8,38,mutation_2,mutation_8,mut_mut,3198.5,4251.5,1.0,1.0,1.0,1.0,1.0,large,False,1.6916697063271091e-06,5.818996331048556e-06,1,Slower,True,2.0,2.0,0.0,0.0,-2.0,0.0,1.0,1.0,0.0,0.0,1.0,0.0,0.0,0.0
38/mutation_3~mutation_4,38,mutation_3,mutation_4,mut_mut,3601.5,3368.0,-0.8666666666666667,0.8666666666666667,0.06666666666666665,-1.0,-0.6,large,False,0.9999760149371514,0.9999986384769016,0,Faster or stable,False,-6.0,-2.0,0.0,0.0,2.0,5.0,0.0,-2.0,-1.0,-1.0,-3.0,-6.0,2.0,1.0
38/mutation_3~mutation_5,38,mutation_3,mutation_5,mut_mut,3601.5,3295.0,-0.8755555555555555,0.8755555555555555,0.062222222222222234,-1.0,-0.6,large,False,0.9999799001345363,0.9999986384769016,0,Faster or stable,False,5.0,2.0,0.0,0.0,2.0,2.0,0.0,1.0,0.0,0.0,0.0,-5.0,-6.0,-2.0
38/mutation_3~mutation_6,38,mutation_3,mutation_6,mut_mut,3601.5,3325.5,-0.8933333333333333,0.8933333333333333,0.053333333333333344,-1.0,-0.6533333333333333,large,False,0.9999860082520734,0.9999986384769016,0,Faster or stable,False,2.0,0.0,0.0,0.0,2.0,0.0,0.0,-2.0,0.0,0.0,0.0,-5.0,-6.0,-2.0
38/mutation_3~mutation_7,38,mutation_3,mutation_7,mut_mut,3601.5,4559.5,1.0,1.0,1.0,1.0,1.0,large,False,1.6959106954125473e-06,5.818996331048556e-06,1,Slower,True,5.0,0.0,0.0,0.0,2.0,0.0,0.0,-2.0,0.0,0.0,0.0,-5.0,-1.0,0.0
38/mutation_3~mutation_8,38,mutation_3,mutation_8,mut_mut,3601.5,4251.5,1.0,1.0,1.0,1.0,1.0,large,False,1.6959106954125473e-06,5.818996331048556e-06,1,Slower,True,-2.0,1.0,0.0,0.0,2.0,0.0,1.0,-2.0,0.0,0.0,0.0,-5.0,-1.0,0.0
38/mutation_4~mutation_5,38,mutation_4,mutation_5,mut_mut,3368.0,3295.0,-0.7333333333333333,0.7333333333333333,0.13333333333333336,-0.9377777777777778,-0.4311111111111111,large,False,0.9997124169575808,0.9999986384769016,0,Faster or stable,False,11.0,4.0,0.0,0.0,0.0,-3.0,0.0,3.0,1.0,1.0,3.0,1.0,-8.0,-3.0
38/mutation_4~mutation_6,38,mutation_4,mutation_6,mut_mut,3368.0,3325.5,-0.38666666666666666,0.38666666666666666,0.30666666666666664,-0.7511111111111111,0.022444444444443233,medium,False,0.9660174409396761,0.9999986384769016,0,Faster or stable,False,8.0,2.0,0.0,0.0,0.0,-5.0,0.0,0.0,1.0,1.0,3.0,1.0,-8.0,-3.0
38/mutation_4~mutation_7,38,mutation_4,mutation_7,mut_mut,3368.0,4559.5,1.0,1.0,1.0,1.0,1.0,large,False,1.6916697063271091e-06,5.818996331048556e-06,1,Slower,True,11.0,2.0,0.0,0.0,0.0,-5.0,0.0,0.0,1.0,1.0,3.0,1.0,-3.0,-1.0
38/mutation_4~mutation_8,38,mutation_4,mutation_8,mut_mut,3368.0,4251.5,1.0,1.0,1.0,1.0,1.0,large,False,1.6916697063271091e-06,5.818996331048556e-06,1,Slower,True,4.0,3.0,0.0,0.0,0.0,-5.0,1.0,0.0,1.0,1.0,3.0,1.0,-3.0,-1.0
38/mutation_5~mutation_6,38,mutation_5,mutation_6,mut_mut,3295.0,3325.5,0.17333333333333334,0.17333333333333334,0.5866666666666667,-0.2624444444444445,0.5911111111111111,small,False,0.21532399492403886,0.37986402878108744,0,Faster or stable,False,-3.0,-2.0,0.0,0.0,0.0,-2.0,0.0,-3.0,0.0,0.0,0.0,0.0,0.0,0.0
38/mutation_5~mutation_7,38,mutation_5,mutation_7,mut_mut,3295.0,4559.5,1.0,1.0,1.0,1.0,1.0,large,False,1.6959106954125473e-06,5.818996331048556e-06,1,Slower,True,0.0,-2.0,0.0,0.0,0.0,-2.0,0.0,-3.0,0.0,0.0,0.0,0.0,5.0,2.0
38/mutation_5~mutation_8,38,mutation_5,mutation_8,mut_mut,3295.0,4251.5,1.0,1.0,1.0,1.0,1.0,large,False,1.6959106954125473e-06,5.818996331048556e-06,1,Slower,True,-7.0,-1.0,0.0,0.0,0.0,-2.0,1.0,-3.0,0.0,0.0,0.0,0.0,5.0,2.0
38/mutation_6~mutation_7,38,mutation_6,mutation_7,mut_mut,3325.5,4559.5,1.0,1.0,1.0,1.0,1.0,large,False,1.6959106954125473e-06,5.818996331048556e-06,1,Slower,True,3.0,0.0,0.0,0.0,0.0,0.0,0.0,0.0,0.0,0.0,0.0,0.0,5.0,2.0
38/mutation_6~mutation_8,38,mutation_6,mutation_8,mut_mut,3325.5,4251.5,1.0,1.0,1.0,1.0,1.0,large,False,1.6959106954125473e-06,5.818996331048556e-06,1,Slower,True,-4.0,1.0,0.0,0.0,0.0,0.0,1.0,0.0,0.0,0.0,0.0,0.0,5.0,2.0
38/mutation_7~mutation_8,38,mutation_7,mutation_8,mut_mut,4559.5,4251.5,-0.6888888888888889,0.6888888888888889,0.15555555555555556,-1.0,-0.3244444444444444,large,False,0.9993924022910655,0.9999986384769016,0,Faster or stable,False,-7.0,1.0,0.0,0.0,0.0,0.0,1.0,0.0,0.0,0.0,0.0,0.0,0.0,0.0
39/mutation_1,39,base,mutation_1,base_mut,1020.5,1026.5,0.2088888888888889,0.2088888888888889,0.6044444444444445,-0.22666666666666666,0.6355555555555555,small,False,0.17001608428470688,0.32254479990012963,0,Faster or stable,False,3.0,3.0,0.0,0.0,0.0,0.0,0.0,0.0,0.0,0.0,0.0,0.0,0.0,0.0
39/mutation_3,39,base,mutation_3,base_mut,1020.5,1015.0,-0.03111111111111111,0.03111111111111111,0.48444444444444446,-0.4622222222222222,0.38666666666666666,negligible,False,0.5659088013964728,0.802149100869153,0,Faster or stable,False,0.0,0.0,0.0,0.0,0.0,0.0,0.0,0.0,0.0,0.0,0.0,3.0,0.0,0.0
39/mutation_4,39,base,mutation_4,base_mut,1020.5,1015.0,0.03111111111111111,0.03111111111111111,0.5155555555555555,-0.3957777777777778,0.4577777777777778,negligible,False,0.4504747843984838,0.6860608619593084,0,Faster or stable,False,-1.0,0.0,0.0,0.0,0.0,0.0,0.0,1.0,1.0,1.0,2.0,2.0,0.0,0.0
39/mutation_5,39,base,mutation_5,base_mut,1020.5,1016.5,0.008888888888888889,0.008888888888888889,0.5044444444444445,-0.43566666666666665,0.4177777777777778,negligible,False,0.49172415383283613,0.7320736281278099,0,Faster or stable,False,3.0,1.0,0.0,0.0,0.0,0.0,0.0,3.0,0.0,0.0,0.0,0.0,0.0,0.0
39/mutation_6,39,base,mutation_6,base_mut,1020.5,1021.0,0.10222222222222223,0.10222222222222223,0.5511111111111111,-0.3022222222222222,0.5377777777777778,negligible,False,0.32404720076567695,0.5461100033208363,0,Faster or stable,False,0.0,0.0,0.0,0.0,0.0,0.0,0.0,0.0,0.0,0.0,0.0,0.0,0.0,0.0
39/mutation_7,39,base,mutation_7,base_mut,1020.5,1593.0,0.9911111111111112,0.9911111111111112,0.9955555555555555,0.9466666666666667,1.0,large,False,2.0665180158894636e-06,1.3485775219435901e-05,1,Slower,True,8.0,0.0,0.0,0.0,0.0,0.0,0.0,6.0,0.0,0.0,0.0,0.0,0.0,0.0
39/mutation_8,39,base,mutation_8,base_mut,1020.5,1504.0,0.6088888888888889,0.6088888888888889,0.8044444444444445,0.21777777777777776,0.9111111111111111,large,False,0.0023926933261061486,0.0081217340942744,1,Slower,True,1.0,1.0,0.0,0.0,0.0,0.0,1.0,0.0,0.0,0.0,0.0,0.0,0.0,0.0
39/mutation_1~mutation_3,39,mutation_1,mutation_3,mut_mut,1026.5,1015.0,-0.31555555555555553,0.31555555555555553,0.3422222222222222,-0.6980000000000001,0.10666666666666667,small,False,0.9323524130405173,0.9999986384769016,0,Faster or stable,False,-3.0,-3.0,0.0,0.0,0.0,0.0,0.0,0.0,0.0,0.0,0.0,3.0,0.0,0.0
39/mutation_1~mutation_4,39,mutation_1,mutation_4,mut_mut,1026.5,1015.0,-0.27555555555555555,0.27555555555555555,0.3622222222222222,-0.6755555555555556,0.16,small,False,0.9044175622093695,0.9999986384769016,0,Faster or stable,False,-4.0,-3.0,0.0,0.0,0.0,0.0,0.0,1.0,1.0,1.0,2.0,2.0,0.0,0.0
39/mutation_1~mutation_5,39,mutation_1,mutation_5,mut_mut,1026.5,1016.5,-0.26666666666666666,0.26666666666666666,0.3666666666666667,-0.6977777777777778,0.14677777777777717,small,False,0.8971293127938171,0.9999986384769016,0,Faster or stable,False,0.0,-2.0,0.0,0.0,0.0,0.0,0.0,3.0,0.0,0.0,0.0,0.0,0.0,0.0
39/mutation_1~mutation_6,39,mutation_1,mutation_6,mut_mut,1026.5,1021.0,-0.05333333333333334,0.05333333333333334,0.47333333333333333,-0.4978888888888889,0.37777777777777777,negligible,False,0.6062804012871384,0.9082064222218549,0,Faster or stable,False,-3.0,-3.0,0.0,0.0,0.0,0.0,0.0,0.0,0.0,0.0,0.0,0.0,0.0,0.0
39/mutation_1~mutation_7,39,mutation_1,mutation_7,mut_mut,1026.5,1593.0,0.9733333333333334,0.9733333333333334,0.9866666666666667,0.8933333333333333,1.0,large,False,3.0758193705482895e-06,9.945444765865075e-06,1,Slower,True,5.0,-3.0,0.0,0.0,0.0,0.0,0.0,6.0,0.0,0.0,0.0,0.0,0.0,0.0
39/mutation_1~mutation_8,39,mutation_1,mutation_8,mut_mut,1026.5,1504.0,0.9022222222222223,0.9022222222222223,0.9511111111111111,0.68,1.0,large,False,1.3963041351626816e-05,4.2429030199030434e-05,1,Slower,True,-2.0,-2.0,0.0,0.0,0.0,0.0,1.0,0.0,0.0,0.0,0.0,0.0,0.0,0.0
39/mutation_3~mutation_4,39,mutation_3,mutation_4,mut_mut,1015.0,1015.0,0.013333333333333334,0.013333333333333334,0.5066666666666667,-0.40444444444444444,0.4177777777777778,negligible,False,0.4834518686525368,0.7618440963878459,0,Faster or stable,False,-1.0,0.0,0.0,0.0,0.0,0.0,0.0,1.0,1.0,1.0,2.0,-1.0,0.0,0.0
39/mutation_3~mutation_5,39,mutation_3,mutation_5,mut_mut,1015.0,1016.5,0.06222222222222222,0.06222222222222222,0.5311111111111111,-0.3511111111111111,0.47566666666666607,negligible,False,0.39370805593411623,0.6411327122758758,0,Faster or stable,False,3.0,1.0,0.0,0.0,0.0,0.0,0.0,3.0,0.0,0.0,0.0,-3.0,0.0,0.0
39/mutation_3~mutation_6,39,mutation_3,mutation_6,mut_mut,1015.0,1021.0,0.17777777777777778,0.17777777777777778,0.5888888888888889,-0.24888888888888888,0.6,small,False,0.20928279496250046,0.37272269198083413,0,Faster or stable,False,0.0,0.0,0.0,0.0,0.0,0.0,0.0,0.0,0.0,0.0,0.0,-3.0,0.0,0.0
39/mutation_3~mutation_7,39,mutation_3,mutation_7,mut_mut,1015.0,1593.0,0.9911111111111112,0.9911111111111112,0.9955555555555555,0.9466666666666667,1.0,large,False,2.071610048768768e-06,6.897170548126285e-06,1,Slower,True,8.0,0.0,0.0,0.0,0.0,0.0,0.0,6.0,0.0,0.0,0.0,-3.0,0.0,0.0
39/mutation_3~mutation_8,39,mutation_3,mutation_8,mut_mut,1015.0,1504.0,0.8044444444444444,0.8044444444444444,0.9022222222222223,0.5111111111111111,1.0,large,False,9.444057264512218e-05,0.00026014034839984615,1,Slower,True,1.0,1.0,0.0,0.0,0.0,0.0,1.0,0.0,0.0,0.0,0.0,-3.0,0.0,0.0
39/mutation_4~mutation_5,39,mutation_4,mutation_5,mut_mut,1015.0,1016.5,-0.02666666666666667,0.02666666666666667,0.4866666666666667,-0.4311111111111111,0.39122222222222164,negligible,False,0.5577320858268303,0.8537572407505111,0,Faster or stable,False,4.0,1.0,0.0,0.0,0.0,0.0,0.0,2.0,-1.0,-1.0,-2.0,-2.0,0.0,0.0
39/mutation_4~mutation_6,39,mutation_4,mutation_6,mut_mut,1015.0,1021.0,0.08888888888888889,0.08888888888888889,0.5444444444444444,-0.32455555555555554,0.515666666666666,negligible,False,0.34674277685011623,0.5763635490753043,0,Faster or stable,False,1.0,0.0,0.0,0.0,0.0,0.0,0.0,-1.0,-1.0,-1.0,-2.0,-2.0,0.0,0.0
39/mutation_4~mutation_7,39,mutation_4,mutation_7,mut_mut,1015.0,1593.0,0.9822222222222222,0.9822222222222222,0.991111111111111,0.92,1.0,large,False,2.520248919645791e-06,8.264042816920068e-06,1,Slower,True,9.0,0.0,0.0,0.0,0.0,0.0,0.0,5.0,-1.0,-1.0,-2.0,-2.0,0.0,0.0
39/mutation_4~mutation_8,39,mutation_4,mutation_8,mut_mut,1015.0,1504.0,0.8044444444444444,0.8044444444444444,0.9022222222222223,0.5111111111111111,1.0,large,False,9.428484460269649e-05,0.00026014034839984615,1,Slower,True,2.0,1.0,0.0,0.0,0.0,0.0,1.0,-1.0,-1.0,-1.0,-2.0,-2.0,0.0,0.0
39/mutation_5~mutation_6,39,mutation_5,mutation_6,mut_mut,1016.5,1021.0,0.12444444444444444,0.12444444444444444,0.5622222222222222,-0.29777777777777775,0.5422222222222223,negligible,False,0.287670413151021,0.4921307333151318,0,Faster or stable,False,-3.0,-1.0,0.0,0.0,0.0,0.0,0.0,-3.0,0.0,0.0,0.0,0.0,0.0,0.0
39/mutation_5~mutation_7,39,mutation_5,mutation_7,mut_mut,1016.5,1593.0,0.9911111111111112,0.9911111111111112,0.9955555555555555,0.9466666666666667,1.0,large,False,2.0665180158894636e-06,6.897170548126285e-06,1,Slower,True,5.0,-1.0,0.0,0.0,0.0,0.0,0.0,3.0,0.0,0.0,0.0,0.0,0.0,0.0
39/mutation_5~mutation_8,39,mutation_5,mutation_8,mut_mut,1016.5,1504.0,0.7066666666666667,0.7066666666666667,0.8533333333333333,0.36,1.0,large,False,0.0005236599978420161,0.0013506816496063037,1,Slower,True,-2.0,0.0,0.0,0.0,0.0,0.0,1.0,-3.0,0.0,0.0,0.0,0.0,0.0,0.0
39/mutation_6~mutation_7,39,mutation_6,mutation_7,mut_mut,1021.0,1593.0,0.9822222222222222,0.9822222222222222,0.991111111111111,0.92,1.0,large,False,2.5263517702349227e-06,8.264042816920068e-06,1,Slower,True,8.0,0.0,0.0,0.0,0.0,0.0,0.0,6.0,0.0,0.0,0.0,0.0,0.0,0.0
39/mutation_6~mutation_8,39,mutation_6,mutation_8,mut_mut,1021.0,1504.0,0.6044444444444445,0.6044444444444445,0.8022222222222222,0.21777777777777776,0.9023333333333328,large,False,0.0025520240617127933,0.006197772721302498,1,Slower,True,1.0,1.0,0.0,0.0,0.0,0.0,1.0,0.0,0.0,0.0,0.0,0.0,0.0,0.0
39/mutation_7~mutation_8,39,mutation_7,mutation_8,mut_mut,1593.0,1504.0,-0.5644444444444444,0.5644444444444444,0.2177777777777778,-0.9202222222222223,-0.1288888888888889,large,False,0.9960333059507673,0.9999986384769016,0,Faster or stable,False,-7.0,1.0,0.0,0.0,0.0,0.0,1.0,-6.0,0.0,0.0,0.0,0.0,0.0,0.0
40/mutation_1,40,base,mutation_1,base_mut,710.5,720.0,0.5955555555555555,0.5955555555555555,0.7977777777777777,0.23544444444444443,0.8888888888888888,large,False,0.0028780170247819023,0.009555016522275915,1,Slower,True,9.0,3.0,0.0,0.0,0.0,0.0,0.0,0.0,0.0,0.0,0.0,0.0,0.0,0.0
40/mutation_2,40,base,mutation_2,base_mut,710.5,706.0,-0.17777777777777778,0.17777777777777778,0.4111111111111111,-0.6133333333333333,0.24888888888888888,small,False,0.8026841424092328,0.987004204740242,0,Faster or stable,False,-5.0,0.0,0.0,0.0,1.0,0.0,0.0,-1.0,0.0,0.0,0.0,0.0,0.0,0.0
40/mutation_3,40,base,mutation_3,base_mut,710.5,708.0,-0.12,0.12,0.44,-0.5512222222222222,0.30666666666666664,negligible,False,0.7194943233826767,0.9327097451542326,0,Faster or stable,False,2.0,0.0,0.0,0.0,-2.0,0.0,0.0,0.0,0.0,0.0,0.0,2.0,0.0,0.0
40/mutation_4,40,base,mutation_4,base_mut,710.5,717.0,0.4488888888888889,0.4488888888888889,0.7244444444444444,0.057777777777777775,0.7866666666666666,medium,False,0.018969178604397993,0.0493957435800351,1,Slower,True,0.0,-1.0,2.0,0.0,0.0,0.0,0.0,0.0,1.0,1.0,0.0,0.0,0.0,0.0
40/mutation_5,40,base,mutation_5,base_mut,710.5,614.5,-1.0,1.0,0.0,-1.0,-1.0,large,False,0.999998645417628,0.999998645417628,0,Faster or stable,False,-7.0,3.0,0.0,0.0,3.0,0.0,0.0,2.0,0.0,0.0,0.0,0.0,0.0,0.0
40/mutation_6,40,base,mutation_6,base_mut,710.5,712.5,0.08444444444444445,0.08444444444444445,0.5422222222222223,-0.3422222222222222,0.515666666666666,negligible,False,0.35422930049991297,0.5854022910952789,0,Faster or stable,False,-1.0,0.0,0.0,0.0,0.0,0.0,0.0,-1.0,0.0,0.0,0.0,0.0,0.0,0.0
40/mutation_7,40,base,mutation_7,base_mut,710.5,1512.0,1.0,1.0,1.0,1.0,1.0,large,False,1.6747932179783085e-06,1.1490660221978891e-05,1,Slower,True,-14.0,-2.0,0.0,0.0,0.0,5.0,0.0,0.0,0.0,0.0,0.0,0.0,14.0,7.0
40/mutation_8,40,base,mutation_8,base_mut,710.5,1093.0,1.0,1.0,1.0,1.0,1.0,large,False,1.6705958935197095e-06,1.1490660221978891e-05,1,Slower,True,1.0,1.0,0.0,0.0,0.0,0.0,1.0,0.0,0.0,0.0,0.0,0.0,0.0,0.0
40/mutation_1~mutation_2,40,mutation_1,mutation_2,mut_mut,720.0,706.0,-0.5377777777777778,0.5377777777777778,0.2311111111111111,-0.8577777777777778,-0.1510000000000006,large,False,0.9943086506954446,0.9999986384769016,0,Faster or stable,False,-14.0,-3.0,0.0,0.0,1.0,0.0,0.0,-1.0,0.0,0.0,0.0,0.0,0.0,0.0
40/mutation_1~mutation_3,40,mutation_1,mutation_3,mut_mut,720.0,708.0,-0.4488888888888889,0.4488888888888889,0.27555555555555555,-0.8311111111111111,-0.04,medium,False,0.9828012755537489,0.9999986384769016,0,Faster or stable,False,-7.0,-3.0,0.0,0.0,-2.0,0.0,0.0,0.0,0.0,0.0,0.0,2.0,0.0,0.0
40/mutation_1~mutation_4,40,mutation_1,mutation_4,mut_mut,720.0,717.0,-0.2,0.2,0.4,-0.5911111111111111,0.2311111111111111,small,False,0.8300107828185375,0.9999986384769016,0,Faster or stable,False,-9.0,-4.0,2.0,0.0,0.0,0.0,0.0,0.0,1.0,1.0,0.0,0.0,0.0,0.0
40/mutation_1~mutation_5,40,mutation_1,mutation_5,mut_mut,720.0,614.5,-1.0,1.0,0.0,-1.0,-1.0,large,False,0.9999986280105638,0.9999986384769016,0,Faster or stable,False,-16.0,0.0,0.0,0.0,3.0,0.0,0.0,2.0,0.0,0.0,0.0,0.0,0.0,0.0
40/mutation_1~mutation_6,40,mutation_1,mutation_6,mut_mut,720.0,712.5,-0.4577777777777778,0.4577777777777778,0.2711111111111111,-0.8088888888888889,-0.07555555555555556,medium,False,0.9845664361581595,0.9999986384769016,0,Faster or stable,False,-10.0,-3.0,0.0,0.0,0.0,0.0,0.0,-1.0,0.0,0.0,0.0,0.0,0.0,0.0
40/mutation_1~mutation_7,40,mutation_1,mutation_7,mut_mut,720.0,1512.0,1.0,1.0,1.0,1.0,1.0,large,False,1.6959106954125473e-06,5.818996331048556e-06,1,Slower,True,-23.0,-5.0,0.0,0.0,0.0,5.0,0.0,0.0,0.0,0.0,0.0,0.0,14.0,7.0
40/mutation_1~mutation_8,40,mutation_1,mutation_8,mut_mut,720.0,1093.0,1.0,1.0,1.0,1.0,1.0,large,False,1.6916697063271091e-06,5.818996331048556e-06,1,Slower,True,-8.0,-2.0,0.0,0.0,0.0,0.0,1.0,0.0,0.0,0.0,0.0,0.0,0.0,0.0
40/mutation_2~mutation_3,40,mutation_2,mutation_3,mut_mut,706.0,708.0,-0.008888888888888889,0.008888888888888889,0.4955555555555556,-0.4222222222222222,0.41344444444444384,negligible,False,0.5248132991501104,0.8133370290972648,0,Faster or stable,False,7.0,0.0,0.0,0.0,-3.0,0.0,0.0,1.0,0.0,0.0,0.0,2.0,0.0,0.0
40/mutation_2~mutation_4,40,mutation_2,mutation_4,mut_mut,706.0,717.0,0.49777777777777776,0.49777777777777776,0.7488888888888889,0.09777777777777778,0.8533333333333334,large,False,0.010630586723463014,0.02396708738788758,1,Slower,True,5.0,-1.0,2.0,0.0,-1.0,0.0,0.0,1.0,1.0,1.0,0.0,0.0,0.0,0.0
40/mutation_2~mutation_5,40,mutation_2,mutation_5,mut_mut,706.0,614.5,-1.0,1.0,0.0,-1.0,-1.0,large,False,0.9999986280105638,0.9999986384769016,0,Faster or stable,False,-2.0,3.0,0.0,0.0,2.0,0.0,0.0,3.0,0.0,0.0,0.0,0.0,0.0,0.0
40/mutation_2~mutation_6,40,mutation_2,mutation_6,mut_mut,706.0,712.5,0.24,0.24,0.62,-0.17777777777777778,0.6311111111111111,small,True,0.1355269177384686,0.25346226186723014,0,Faster or stable,False,4.0,0.0,0.0,0.0,-1.0,0.0,0.0,0.0,0.0,0.0,0.0,0.0,0.0,0.0
40/mutation_2~mutation_7,40,mutation_2,mutation_7,mut_mut,706.0,1512.0,1.0,1.0,1.0,1.0,1.0,large,False,1.6959106954125473e-06,5.818996331048556e-06,1,Slower,True,-9.0,-2.0,0.0,0.0,-1.0,5.0,0.0,1.0,0.0,0.0,0.0,0.0,14.0,7.0
40/mutation_2~mutation_8,40,mutation_2,mutation_8,mut_mut,706.0,1093.0,1.0,1.0,1.0,1.0,1.0,large,False,1.6916697063271091e-06,5.818996331048556e-06,1,Slower,True,6.0,1.0,0.0,0.0,-1.0,0.0,1.0,1.0,0.0,0.0,0.0,0.0,0.0,0.0
40/mutation_3~mutation_4,40,mutation_3,mutation_4,mut_mut,708.0,717.0,0.4266666666666667,0.4266666666666667,0.7133333333333334,-0.022222222222222223,0.8089999999999994,medium,True,0.024394703257082682,0.05253523426957153,1,Slower,False,-2.0,-1.0,2.0,0.0,2.0,0.0,0.0,0.0,1.0,1.0,0.0,-2.0,0.0,0.0
40/mutation_3~mutation_5,40,mutation_3,mutation_5,mut_mut,708.0,614.5,-1.0,1.0,0.0,-1.0,-1.0,large,False,0.9999986280105638,0.9999986384769016,0,Faster or stable,False,-9.0,3.0,0.0,0.0,5.0,0.0,0.0,2.0,0.0,0.0,0.0,-2.0,0.0,0.0
40/mutation_3~mutation_6,40,mutation_3,mutation_6,mut_mut,708.0,712.5,0.2222222222222222,0.2222222222222222,0.6111111111111112,-0.20011111111111113,0.6177777777777778,small,False,0.15465638314861474,0.2863439965226827,0,Faster or stable,False,-3.0,0.0,0.0,0.0,2.0,0.0,0.0,-1.0,0.0,0.0,0.0,-2.0,0.0,0.0
40/mutation_3~mutation_7,40,mutation_3,mutation_7,mut_mut,708.0,1512.0,1.0,1.0,1.0,1.0,1.0,large,False,1.6959106954125473e-06,5.818996331048556e-06,1,Slower,True,-16.0,-2.0,0.0,0.0,2.0,5.0,0.0,0.0,0.0,0.0,0.0,-2.0,14.0,7.0
40/mutation_3~mutation_8,40,mutation_3,mutation_8,mut_mut,708.0,1093.0,1.0,1.0,1.0,1.0,1.0,large,False,1.6916697063271091e-06,5.818996331048556e-06,1,Slower,True,-1.0,1.0,0.0,0.0,2.0,0.0,1.0,0.0,0.0,0.0,0.0,-2.0,0.0,0.0
40/mutation_4~mutation_5,40,mutation_4,mutation_5,mut_mut,717.0,614.5,-1.0,1.0,0.0,-1.0,-1.0,large,False,0.9999986280105638,0.9999986384769016,0,Faster or stable,False,-7.0,4.0,-2.0,0.0,3.0,0.0,0.0,2.0,-1.0,-1.0,0.0,0.0,0.0,0.0
40/mutation_4~mutation_6,40,mutation_4,mutation_6,mut_mut,717.0,712.5,-0.31555555555555553,0.31555555555555553,0.3422222222222222,-0.68,0.09777777777777778,small,False,0.9326133775597006,0.9999986384769016,0,Faster or stable,False,-1.0,1.0,-2.0,0.0,0.0,0.0,0.0,-1.0,-1.0,-1.0,0.0,0.0,0.0,0.0
40/mutation_4~mutation_7,40,mutation_4,mutation_7,mut_mut,717.0,1512.0,1.0,1.0,1.0,1.0,1.0,large,False,1.6959106954125473e-06,5.818996331048556e-06,1,Slower,True,-14.0,-1.0,-2.0,0.0,0.0,5.0,0.0,0.0,-1.0,-1.0,0.0,0.0,14.0,7.0
40/mutation_4~mutation_8,40,mutation_4,mutation_8,mut_mut,717.0,1093.0,1.0,1.0,1.0,1.0,1.0,large,False,1.6916697063271091e-06,5.818996331048556e-06,1,Slower,True,1.0,2.0,-2.0,0.0,0.0,0.0,1.0,0.0,-1.0,-1.0,0.0,0.0,0.0,0.0
40/mutation_5~mutation_6,40,mutation_5,mutation_6,mut_mut,614.5,712.5,1.0,1.0,1.0,1.0,1.0,large,False,1.6664072604143877e-06,5.818996331048556e-06,1,Slower,True,6.0,-3.0,0.0,0.0,-3.0,0.0,0.0,-3.0,0.0,0.0,0.0,0.0,0.0,0.0
40/mutation_5~mutation_7,40,mutation_5,mutation_7,mut_mut,614.5,1512.0,1.0,1.0,1.0,1.0,1.0,large,False,1.6789992476286239e-06,5.818996331048556e-06,1,Slower,True,-7.0,-5.0,0.0,0.0,-3.0,5.0,0.0,-2.0,0.0,0.0,0.0,0.0,14.0,7.0
40/mutation_5~mutation_8,40,mutation_5,mutation_8,mut_mut,614.5,1093.0,1.0,1.0,1.0,1.0,1.0,large,False,1.6747932179783085e-06,5.818996331048556e-06,1,Slower,True,8.0,-2.0,0.0,0.0,-3.0,0.0,1.0,-2.0,0.0,0.0,0.0,0.0,0.0,0.0
40/mutation_6~mutation_7,40,mutation_6,mutation_7,mut_mut,712.5,1512.0,1.0,1.0,1.0,1.0,1.0,large,False,1.6832139963232752e-06,5.818996331048556e-06,1,Slower,True,-13.0,-2.0,0.0,0.0,0.0,5.0,0.0,1.0,0.0,0.0,0.0,0.0,14.0,7.0
40/mutation_6~mutation_8,40,mutation_6,mutation_8,mut_mut,712.5,1093.0,1.0,1.0,1.0,1.0,1.0,large,False,1.6789992476286239e-06,5.818996331048556e-06,1,Slower,True,2.0,1.0,0.0,0.0,0.0,0.0,1.0,1.0,0.0,0.0,0.0,0.0,0.0,0.0
40/mutation_7~mutation_8,40,mutation_7,mutation_8,mut_mut,1512.0,1093.0,-1.0,1.0,0.0,-1.0,-1.0,large,False,0.9999986174776383,0.9999986384769016,0,Faster or stable,False,15.0,3.0,0.0,0.0,0.0,-5.0,1.0,0.0,0.0,0.0,0.0,0.0,-14.0,-7.0
41/mutation_1,41,base,mutation_1,base_mut,919.0,930.5,0.18666666666666668,0.18666666666666668,0.5933333333333334,-0.23555555555555555,0.6,small,False,0.19744753718192254,0.3643750920627375,0,Faster or stable,False,6.0,6.0,0.0,0.0,0.0,0.0,0.0,0.0,0.0,0.0,0.0,0.0,0.0,0.0
41/mutation_3,41,base,mutation_3,base_mut,919.0,936.5,0.28,0.28,0.64,-0.14666666666666667,0.6488888888888888,small,True,0.09917801780969171,0.19614268823538902,0,Faster or stable,False,2.0,0.0,0.0,0.0,-2.0,0.0,0.0,0.0,0.0,0.0,0.0,0.0,0.0,0.0
41/mutation_4,41,base,mutation_4,base_mut,919.0,931.5,0.18222222222222223,0.18222222222222223,0.5911111111111111,-0.25333333333333335,0.5822222222222222,small,False,0.20336731792737128,0.3730273455905374,0,Faster or stable,False,0.0,-2.0,2.0,0.0,0.0,0.0,0.0,0.0,1.0,1.0,0.0,0.0,0.0,0.0
41/mutation_5,41,base,mutation_5,base_mut,919.0,940.5,0.28444444444444444,0.28444444444444444,0.6422222222222222,-0.16011111111111112,0.6888888888888889,small,True,0.09563184671982383,0.19614268823538902,0,Faster or stable,False,3.0,1.0,0.0,0.0,0.0,0.0,0.0,3.0,0.0,0.0,0.0,0.0,0.0,0.0
41/mutation_7,41,base,mutation_7,base_mut,919.0,994.5,0.9111111111111111,0.9111111111111111,0.9555555555555555,0.7066666666666667,1.0,large,False,1.1620657173908057e-05,6.539081663961822e-05,1,Slower,True,4.0,0.0,0.0,0.0,0.0,0.0,0.0,0.0,0.0,0.0,0.0,0.0,0.0,0.0
41/mutation_8,41,base,mutation_8,base_mut,919.0,1607.0,1.0,1.0,1.0,1.0,1.0,large,False,1.6916697063271091e-06,1.1490660221978891e-05,1,Slower,True,1.0,1.0,0.0,0.0,0.0,0.0,1.0,0.0,0.0,0.0,0.0,0.0,0.0,0.0
41/mutation_1~mutation_3,41,mutation_1,mutation_3,mut_mut,930.5,936.5,0.04888888888888889,0.04888888888888889,0.5244444444444445,-0.37777777777777777,0.47555555555555556,negligible,False,0.4178435046205783,0.6755482999198151,0,Faster or stable,False,-4.0,-6.0,0.0,0.0,-2.0,0.0,0.0,0.0,0.0,0.0,0.0,0.0,0.0,0.0
41/mutation_1~mutation_4,41,mutation_1,mutation_4,mut_mut,930.5,931.5,-0.04,0.04,0.48,-0.4577777777777778,0.3688888888888889,negligible,False,0.5821564953794217,0.8803368351200891,0,Faster or stable,False,-6.0,-8.0,2.0,0.0,0.0,0.0,0.0,0.0,1.0,1.0,0.0,0.0,0.0,0.0
41/mutation_1~mutation_5,41,mutation_1,mutation_5,mut_mut,930.5,940.5,0.08444444444444445,0.08444444444444445,0.5422222222222223,-0.329,0.49777777777777776,negligible,False,0.354415242500455,0.586586923752451,0,Faster or stable,False,-3.0,-5.0,0.0,0.0,0.0,0.0,0.0,3.0,0.0,0.0,0.0,0.0,0.0,0.0
41/mutation_1~mutation_7,41,mutation_1,mutation_7,mut_mut,930.5,994.5,0.8044444444444444,0.8044444444444444,0.9022222222222223,0.5108888888888888,1.0,large,False,9.444057264512218e-05,0.00026014034839984615,1,Slower,True,-2.0,-6.0,0.0,0.0,0.0,0.0,0.0,0.0,0.0,0.0,0.0,0.0,0.0,0.0
41/mutation_1~mutation_8,41,mutation_1,mutation_8,mut_mut,930.5,1607.0,1.0,1.0,1.0,1.0,1.0,large,False,1.6916697063271091e-06,5.818996331048556e-06,1,Slower,True,-5.0,-5.0,0.0,0.0,0.0,0.0,1.0,0.0,0.0,0.0,0.0,0.0,0.0,0.0
41/mutation_3~mutation_4,41,mutation_3,mutation_4,mut_mut,936.5,931.5,-0.10666666666666667,0.10666666666666667,0.44666666666666666,-0.52,0.29777777777777775,negligible,False,0.6979569637407254,0.9999986384769016,0,Faster or stable,False,-2.0,-2.0,2.0,0.0,2.0,0.0,0.0,0.0,1.0,1.0,0.0,0.0,0.0,0.0
41/mutation_3~mutation_5,41,mutation_3,mutation_5,mut_mut,936.5,940.5,0.04888888888888889,0.04888888888888889,0.5244444444444445,-0.38666666666666666,0.49333333333333335,negligible,False,0.41785251349763963,0.6755482999198151,0,Faster or stable,False,1.0,1.0,0.0,0.0,2.0,0.0,0.0,3.0,0.0,0.0,0.0,0.0,0.0,0.0
41/mutation_3~mutation_7,41,mutation_3,mutation_7,mut_mut,936.5,994.5,0.8755555555555555,0.8755555555555555,0.9377777777777778,0.6266666666666667,1.0,large,False,2.4031615253154668e-05,6.896028724818295e-05,1,Slower,True,2.0,0.0,0.0,0.0,2.0,0.0,0.0,0.0,0.0,0.0,0.0,0.0,0.0,0.0
41/mutation_3~mutation_8,41,mutation_3,mutation_8,mut_mut,936.5,1607.0,1.0,1.0,1.0,1.0,1.0,large,False,1.6959106954125473e-06,5.818996331048556e-06,1,Slower,True,-1.0,1.0,0.0,0.0,2.0,0.0,1.0,0.0,0.0,0.0,0.0,0.0,0.0,0.0
41/mutation_4~mutation_5,41,mutation_4,mutation_5,mut_mut,931.5,940.5,0.10222222222222223,0.10222222222222223,0.5511111111111111,-0.30666666666666664,0.5111111111111111,negligible,False,0.32406546051683005,0.5484184716438663,0,Faster or stable,False,3.0,3.0,-2.0,0.0,0.0,0.0,0.0,3.0,-1.0,-1.0,0.0,0.0,0.0,0.0
41/mutation_4~mutation_7,41,mutation_4,mutation_7,mut_mut,931.5,994.5,0.88,0.88,0.94,0.639888888888889,1.0,large,False,2.1939510168113624e-05,6.360757211530617e-05,1,Slower,True,4.0,2.0,-2.0,0.0,0.0,0.0,0.0,0.0,-1.0,-1.0,0.0,0.0,0.0,0.0
41/mutation_4~mutation_8,41,mutation_4,mutation_8,mut_mut,931.5,1607.0,1.0,1.0,1.0,1.0,1.0,large,False,1.6959106954125473e-06,5.818996331048556e-06,1,Slower,True,1.0,3.0,-2.0,0.0,0.0,0.0,1.0,0.0,-1.0,-1.0,0.0,0.0,0.0,0.0
41/mutation_5~mutation_7,41,mutation_5,mutation_7,mut_mut,940.5,994.5,0.8755555555555555,0.8755555555555555,0.9377777777777778,0.6355555555555555,1.0,large,False,2.4031615253154668e-05,6.896028724818295e-05,1,Slower,True,1.0,-1.0,0.0,0.0,0.0,0.0,0.0,-3.0,0.0,0.0,0.0,0.0,0.0,0.0
41/mutation_5~mutation_8,41,mutation_5,mutation_8,mut_mut,940.5,1607.0,1.0,1.0,1.0,1.0,1.0,large,False,1.6959106954125473e-06,5.818996331048556e-06,1,Slower,True,-2.0,0.0,0.0,0.0,0.0,0.0,1.0,-3.0,0.0,0.0,0.0,0.0,0.0,0.0
41/mutation_7~mutation_8,41,mutation_7,mutation_8,mut_mut,994.5,1607.0,1.0,1.0,1.0,1.0,1.0,large,False,1.6959106954125473e-06,5.818996331048556e-06,1,Slower,True,-3.0,1.0,0.0,0.0,0.0,0.0,1.0,0.0,0.0,0.0,0.0,0.0,0.0,0.0
42/mutation_1,42,base,mutation_1,base_mut,1484.0,1705.0,1.0,1.0,1.0,1.0,1.0,large,False,1.6832139963232752e-06,1.1490660221978891e-05,1,Slower,True,5.0,3.0,0.0,0.0,0.0,0.0,0.0,0.0,0.0,0.0,0.0,0.0,0.0,0.0
42/mutation_2,42,base,mutation_2,base_mut,1484.0,1481.5,-0.27111111111111114,0.27111111111111114,0.36444444444444446,-0.6711111111111111,0.14233333333333273,small,False,0.9009469049529466,0.999998645417628,0,Faster or stable,False,0.0,0.0,0.0,0.0,0.0,0.0,0.0,0.0,0.0,0.0,0.0,-4.0,0.0,0.0
42/mutation_3,42,base,mutation_3,base_mut,1484.0,1487.5,-0.07555555555555556,0.07555555555555556,0.4622222222222222,-0.5022222222222222,0.36,negligible,False,0.645584757499545,0.86077967666606,0,Faster or stable,False,-10.0,0.0,0.0,0.0,0.0,6.0,0.0,1.0,0.0,0.0,0.0,0.0,4.0,0.0
42/mutation_4,42,base,mutation_4,base_mut,1484.0,1266.5,-1.0,1.0,0.0,-1.0,-1.0,large,False,0.9999986315067255,0.999998645417628,0,Faster or stable,False,0.0,0.0,1.0,0.0,0.0,0.0,0.0,2.0,1.0,1.0,0.0,-1.0,0.0,-1.0
42/mutation_5,42,base,mutation_5,base_mut,1484.0,1491.0,0.3111111111111111,0.3111111111111111,0.6555555555555556,-0.11122222222222221,0.6977777777777778,small,True,0.07612480255277197,0.17208271622215093,0,Faster or stable,False,8.0,1.0,0.0,0.0,0.0,-1.0,0.0,4.0,0.0,0.0,0.0,-2.0,-6.0,-5.0
42/mutation_6,42,base,mutation_6,base_mut,1484.0,1489.5,0.15555555555555556,0.15555555555555556,0.5777777777777777,-0.27111111111111114,0.5644444444444444,small,False,0.24026788703433732,0.42903959320232976,0,Faster or stable,False,7.0,1.0,0.0,0.0,0.0,-2.0,0.0,0.0,0.0,0.0,0.0,0.0,-6.0,-5.0
42/mutation_7,42,base,mutation_7,base_mut,1484.0,1494.5,0.36,0.36,0.6799999999999999,-0.03111111111111111,0.7333333333333333,medium,True,0.048396793814392144,0.118190506201035,1,Slower,False,4.0,0.0,0.0,0.0,0.0,0.0,0.0,0.0,0.0,0.0,0.0,0.0,0.0,0.0
42/mutation_8,42,base,mutation_8,base_mut,1484.0,1536.0,0.9466666666666667,0.9466666666666667,0.9733333333333334,0.8044444444444444,1.0,large,False,5.446749433461138e-06,3.229144306980532e-05,1,Slower,True,1.0,1.0,0.0,0.0,0.0,0.0,1.0,0.0,0.0,0.0,0.0,0.0,0.0,0.0
42/mutation_1~mutation_2,42,mutation_1,mutation_2,mut_mut,1705.0,1481.5,-1.0,1.0,0.0,-1.0,-1.0,large,False,0.9999986139518094,0.9999986384769016,0,Faster or stable,False,-5.0,-3.0,0.0,0.0,0.0,0.0,0.0,0.0,0.0,0.0,0.0,-4.0,0.0,0.0
42/mutation_1~mutation_3,42,mutation_1,mutation_3,mut_mut,1705.0,1487.5,-1.0,1.0,0.0,-1.0,-1.0,large,False,0.9999986139518094,0.9999986384769016,0,Faster or stable,False,-15.0,-3.0,0.0,0.0,0.0,6.0,0.0,1.0,0.0,0.0,0.0,0.0,4.0,0.0
42/mutation_1~mutation_4,42,mutation_1,mutation_4,mut_mut,1705.0,1266.5,-1.0,1.0,0.0,-1.0,-1.0,large,False,0.9999986209960322,0.9999986384769016,0,Faster or stable,False,-5.0,-3.0,1.0,0.0,0.0,0.0,0.0,2.0,1.0,1.0,0.0,-1.0,0.0,-1.0
42/mutation_1~mutation_5,42,mutation_1,mutation_5,mut_mut,1705.0,1491.0,-1.0,1.0,0.0,-1.0,-1.0,large,False,0.9999986139518094,0.9999986384769016,0,Faster or stable,False,3.0,-2.0,0.0,0.0,0.0,-1.0,0.0,4.0,0.0,0.0,0.0,-2.0,-6.0,-5.0
42/mutation_1~mutation_6,42,mutation_1,mutation_6,mut_mut,1705.0,1489.5,-1.0,1.0,0.0,-1.0,-1.0,large,False,0.9999986174776383,0.9999986384769016,0,Faster or stable,False,2.0,-2.0,0.0,0.0,0.0,-2.0,0.0,0.0,0.0,0.0,0.0,0.0,-6.0,-5.0
42/mutation_1~mutation_7,42,mutation_1,mutation_7,mut_mut,1705.0,1494.5,-1.0,1.0,0.0,-1.0,-1.0,large,False,0.9999986209960322,0.9999986384769016,0,Faster or stable,False,-1.0,-3.0,0.0,0.0,0.0,0.0,0.0,0.0,0.0,0.0,0.0,0.0,0.0,0.0
42/mutation_1~mutation_8,42,mutation_1,mutation_8,mut_mut,1705.0,1536.0,-1.0,1.0,0.0,-1.0,-1.0,large,False,0.9999986174776383,0.9999986384769016,0,Faster or stable,False,-4.0,-2.0,0.0,0.0,0.0,0.0,1.0,0.0,0.0,0.0,0.0,0.0,0.0,0.0
42/mutation_2~mutation_3,42,mutation_2,mutation_3,mut_mut,1481.5,1487.5,0.08444444444444445,0.08444444444444445,0.5422222222222223,-0.3244444444444444,0.5201111111111105,negligible,False,0.3543997744798305,0.586586923752451,0,Faster or stable,False,-10.0,0.0,0.0,0.0,0.0,6.0,0.0,1.0,0.0,0.0,0.0,4.0,4.0,0.0
42/mutation_2~mutation_4,42,mutation_2,mutation_4,mut_mut,1481.5,1266.5,-1.0,1.0,0.0,-1.0,-1.0,large,False,0.9999986209960322,0.9999986384769016,0,Faster or stable,False,0.0,0.0,1.0,0.0,0.0,0.0,0.0,2.0,1.0,1.0,0.0,3.0,0.0,-1.0
42/mutation_2~mutation_5,42,mutation_2,mutation_5,mut_mut,1481.5,1491.0,0.47555555555555556,0.47555555555555556,0.7377777777777778,0.057777777777777775,0.7955555555555556,large,False,0.013962528676653705,0.030777911935570643,1,Slower,True,8.0,1.0,0.0,0.0,0.0,-1.0,0.0,4.0,0.0,0.0,0.0,2.0,-6.0,-5.0
42/mutation_2~mutation_6,42,mutation_2,mutation_6,mut_mut,1481.5,1489.5,0.3288888888888889,0.3288888888888889,0.6644444444444444,-0.07566666666666666,0.7422222222222222,small,True,0.0649338837873968,0.13069484083531918,0,Faster or stable,False,7.0,1.0,0.0,0.0,0.0,-2.0,0.0,0.0,0.0,0.0,0.0,4.0,-6.0,-5.0
42/mutation_2~mutation_7,42,mutation_2,mutation_7,mut_mut,1481.5,1494.5,0.4666666666666667,0.4666666666666667,0.7333333333333334,0.013333333333333334,0.8311111111111111,medium,False,0.015489609918073917,0.03407714181976262,1,Slower,True,4.0,0.0,0.0,0.0,0.0,0.0,0.0,0.0,0.0,0.0,0.0,4.0,0.0,0.0
42/mutation_2~mutation_8,42,mutation_2,mutation_8,mut_mut,1481.5,1536.0,1.0,1.0,1.0,1.0,1.0,large,False,1.6916697063271091e-06,5.818996331048556e-06,1,Slower,True,1.0,1.0,0.0,0.0,0.0,0.0,1.0,0.0,0.0,0.0,0.0,4.0,0.0,0.0
42/mutation_3~mutation_4,42,mutation_3,mutation_4,mut_mut,1487.5,1266.5,-1.0,1.0,0.0,-1.0,-1.0,large,False,0.9999986209960322,0.9999986384769016,0,Faster or stable,False,10.0,0.0,1.0,0.0,0.0,-6.0,0.0,1.0,1.0,1.0,0.0,-1.0,-4.0,-1.0
42/mutation_3~mutation_5,42,mutation_3,mutation_5,mut_mut,1487.5,1491.0,0.3511111111111111,0.3511111111111111,0.6755555555555556,-0.06666666666666667,0.7066666666666667,medium,True,0.05283079881462488,0.10801079195784813,1,Slower,False,18.0,1.0,0.0,0.0,0.0,-7.0,0.0,3.0,0.0,0.0,0.0,-2.0,-10.0,-5.0
42/mutation_3~mutation_6,42,mutation_3,mutation_6,mut_mut,1487.5,1489.5,0.22666666666666666,0.22666666666666666,0.6133333333333333,-0.19555555555555557,0.6044444444444445,small,False,0.1497178058581085,0.27795776135499034,0,Faster or stable,False,17.0,1.0,0.0,0.0,0.0,-8.0,0.0,-1.0,0.0,0.0,0.0,0.0,-10.0,-5.0
42/mutation_3~mutation_7,42,mutation_3,mutation_7,mut_mut,1487.5,1494.5,0.4266666666666667,0.4266666666666667,0.7133333333333334,-0.0044444444444444444,0.7866666666666666,medium,True,0.024369601604457357,0.05253523426957153,1,Slower,False,14.0,0.0,0.0,0.0,0.0,-6.0,0.0,-1.0,0.0,0.0,0.0,0.0,-4.0,0.0
42/mutation_3~mutation_8,42,mutation_3,mutation_8,mut_mut,1487.5,1536.0,1.0,1.0,1.0,1.0,1.0,large,False,1.6916697063271091e-06,5.818996331048556e-06,1,Slower,True,11.0,1.0,0.0,0.0,0.0,-6.0,1.0,-1.0,0.0,0.0,0.0,0.0,-4.0,0.0
42/mutation_4~mutation_5,42,mutation_4,mutation_5,mut_mut,1266.5,1491.0,1.0,1.0,1.0,1.0,1.0,large,False,1.6874374779290916e-06,5.818996331048556e-06,1,Slower,True,8.0,1.0,-1.0,0.0,0.0,-1.0,0.0,2.0,-1.0,-1.0,0.0,-1.0,-6.0,-4.0
42/mutation_4~mutation_6,42,mutation_4,mutation_6,mut_mut,1266.5,1489.5,1.0,1.0,1.0,1.0,1.0,large,False,1.6832139963232752e-06,5.818996331048556e-06,1,Slower,True,7.0,1.0,-1.0,0.0,0.0,-2.0,0.0,-2.0,-1.0,-1.0,0.0,1.0,-6.0,-4.0
42/mutation_4~mutation_7,42,mutation_4,mutation_7,mut_mut,1266.5,1494.5,1.0,1.0,1.0,1.0,1.0,large,False,1.6789992476286239e-06,5.818996331048556e-06,1,Slower,True,4.0,0.0,-1.0,0.0,0.0,0.0,0.0,-2.0,-1.0,-1.0,0.0,1.0,0.0,1.0
42/mutation_4~mutation_8,42,mutation_4,mutation_8,mut_mut,1266.5,1536.0,1.0,1.0,1.0,1.0,1.0,large,False,1.6832139963232752e-06,5.818996331048556e-06,1,Slower,True,1.0,1.0,-1.0,0.0,0.0,0.0,1.0,-2.0,-1.0,-1.0,0.0,1.0,0.0,1.0
42/mutation_5~mutation_6,42,mutation_5,mutation_6,mut_mut,1491.0,1489.5,-0.14222222222222222,0.14222222222222222,0.4288888888888889,-0.5555555555555556,0.28888888888888886,negligible,False,0.7532311136348646,0.9999986384769016,0,Faster or stable,False,-1.0,0.0,0.0,0.0,0.0,-1.0,0.0,-4.0,0.0,0.0,0.0,2.0,0.0,0.0
42/mutation_5~mutation_7,42,mutation_5,mutation_7,mut_mut,1491.0,1494.5,0.1288888888888889,0.1288888888888889,0.5644444444444444,-0.30666666666666664,0.52,negligible,False,0.2805493345017306,0.4822712580981792,0,Faster or stable,False,-4.0,-1.0,0.0,0.0,0.0,1.0,0.0,-4.0,0.0,0.0,0.0,2.0,6.0,5.0
42/mutation_5~mutation_8,42,mutation_5,mutation_8,mut_mut,1491.0,1536.0,0.9377777777777778,0.9377777777777778,0.9688888888888889,0.7866666666666666,1.0,large,False,6.632672806253365e-06,2.084554310536772e-05,1,Slower,True,-7.0,0.0,0.0,0.0,0.0,1.0,1.0,-4.0,0.0,0.0,0.0,2.0,6.0,5.0
42/mutation_6~mutation_7,42,mutation_6,mutation_7,mut_mut,1489.5,1494.5,0.22666666666666666,0.22666666666666666,0.6133333333333333,-0.19555555555555557,0.6223333333333327,small,False,0.14963703845423681,0.27795776135499034,0,Faster or stable,False,-3.0,-1.0,0.0,0.0,0.0,2.0,0.0,0.0,0.0,0.0,0.0,0.0,6.0,5.0
42/mutation_6~mutation_8,42,mutation_6,mutation_8,mut_mut,1489.5,1536.0,0.8666666666666667,0.8666666666666667,0.9333333333333333,0.6,1.0,large,False,2.8576407816727916e-05,8.148081893068558e-05,1,Slower,True,-6.0,0.0,0.0,0.0,0.0,2.0,1.0,0.0,0.0,0.0,0.0,0.0,6.0,5.0
42/mutation_7~mutation_8,42,mutation_7,mutation_8,mut_mut,1494.5,1536.0,0.8444444444444444,0.8444444444444444,0.9222222222222223,0.5910000000000001,1.0,large,False,4.377507779354763e-05,0.0001237169704895729,1,Slower,True,-3.0,1.0,0.0,0.0,0.0,0.0,1.0,0.0,0.0,0.0,0.0,0.0,0.0,0.0
43/mutation_1,43,base,mutation_1,base_mut,761.5,772.0,0.5111111111111111,0.5111111111111111,0.7555555555555555,0.12,0.8488888888888889,large,False,0.008969274071236788,0.0269610345817462,1,Slower,True,3.0,3.0,0.0,0.0,0.0,0.0,0.0,0.0,0.0,0.0,0.0,0.0,0.0,0.0
43/mutation_2,43,base,mutation_2,base_mut,761.5,758.5,-0.32,0.32,0.33999999999999997,-0.6801111111111111,0.10677777777777718,small,False,0.9350874812997355,0.999998645417628,0,Faster or stable,False,0.0,0.0,0.0,0.0,0.0,0.0,0.0,0.0,0.0,0.0,0.0,0.0,0.0,0.0
43/mutation_3,43,base,mutation_3,base_mut,761.5,794.0,0.8755555555555555,0.8755555555555555,0.9377777777777778,0.6533333333333333,1.0,large,False,2.3892167991022647e-05,0.00011885135620528463,1,Slower,True,0.0,0.0,0.0,0.0,-1.0,0.0,0.0,0.0,0.0,0.0,1.0,0.0,1.0,0.0
43/mutation_4,43,base,mutation_4,base_mut,761.5,762.5,-0.1511111111111111,0.1511111111111111,0.42444444444444446,-0.5734444444444444,0.28,small,False,0.7662378239773928,0.9599658775867714,0,Faster or stable,False,0.0,0.0,0.0,0.0,0.0,0.0,0.0,1.0,0.0,0.0,0.0,0.0,0.0,0.0
43/mutation_5,43,base,mutation_5,base_mut,761.5,775.0,0.5022222222222222,0.5022222222222222,0.7511111111111111,0.09333333333333334,0.84,large,False,0.010040217384656798,0.02914586856424265,1,Slower,True,0.0,1.0,0.0,0.0,-1.0,-1.0,0.0,-5.0,0.0,0.0,-1.0,-2.0,-2.0,-3.0
43/mutation_6,43,base,mutation_6,base_mut,761.5,762.5,-0.04,0.04,0.48,-0.4666666666666667,0.3688888888888889,negligible,False,0.5822829316550177,0.802149100869153,0,Faster or stable,False,2.0,3.0,0.0,0.0,0.0,-1.0,0.0,0.0,0.0,0.0,0.0,0.0,-2.0,-3.0
43/mutation_7,43,base,mutation_7,base_mut,761.5,1601.0,1.0,1.0,1.0,1.0,1.0,large,False,1.6874374779290916e-06,1.1490660221978891e-05,1,Slower,True,7.0,1.0,0.0,0.0,0.0,3.0,0.0,0.0,0.0,0.0,0.0,0.0,0.0,0.0
43/mutation_8,43,base,mutation_8,base_mut,761.5,1117.5,1.0,1.0,1.0,1.0,1.0,large,False,1.6874374779290916e-06,1.1490660221978891e-05,1,Slower,True,1.0,1.0,0.0,0.0,0.0,0.0,1.0,0.0,0.0,0.0,0.0,0.0,0.0,0.0
43/mutation_1~mutation_2,43,mutation_1,mutation_2,mut_mut,772.0,758.5,-0.6711111111111111,0.6711111111111111,0.16444444444444445,-0.9644444444444444,-0.29777777777777775,large,False,0.9991949969655629,0.9999986384769016,0,Faster or stable,False,-3.0,-3.0,0.0,0.0,0.0,0.0,0.0,0.0,0.0,0.0,0.0,0.0,0.0,0.0
43/mutation_1~mutation_3,43,mutation_1,mutation_3,mut_mut,772.0,794.0,0.8133333333333334,0.8133333333333334,0.9066666666666667,0.5555555555555556,1.0,large,False,7.962445668860781e-05,0.00022223542389208448,1,Slower,True,-3.0,-3.0,0.0,0.0,-1.0,0.0,0.0,0.0,0.0,0.0,1.0,0.0,1.0,0.0
43/mutation_1~mutation_4,43,mutation_1,mutation_4,mut_mut,772.0,762.5,-0.6177777777777778,0.6177777777777778,0.19111111111111112,-0.9155555555555556,-0.24444444444444444,large,False,0.9981755734415627,0.9999986384769016,0,Faster or stable,False,-3.0,-3.0,0.0,0.0,0.0,0.0,0.0,1.0,0.0,0.0,0.0,0.0,0.0,0.0
43/mutation_1~mutation_5,43,mutation_1,mutation_5,mut_mut,772.0,775.0,0.09777777777777778,0.09777777777777778,0.5488888888888889,-0.3244444444444444,0.5111111111111111,negligible,False,0.33146943611128565,0.5585697582269431,0,Faster or stable,False,-3.0,-2.0,0.0,0.0,-1.0,-1.0,0.0,-5.0,0.0,0.0,-1.0,-2.0,-2.0,-3.0
43/mutation_1~mutation_6,43,mutation_1,mutation_6,mut_mut,772.0,762.5,-0.6622222222222223,0.6622222222222223,0.16888888888888887,-0.9466666666666667,-0.31555555555555553,large,False,0.9990824896762638,0.9999986384769016,0,Faster or stable,False,-1.0,0.0,0.0,0.0,0.0,-1.0,0.0,0.0,0.0,0.0,0.0,0.0,-2.0,-3.0
43/mutation_1~mutation_7,43,mutation_1,mutation_7,mut_mut,772.0,1601.0,1.0,1.0,1.0,1.0,1.0,large,False,1.6832139963232752e-06,5.818996331048556e-06,1,Slower,True,4.0,-2.0,0.0,0.0,0.0,3.0,0.0,0.0,0.0,0.0,0.0,0.0,0.0,0.0
43/mutation_1~mutation_8,43,mutation_1,mutation_8,mut_mut,772.0,1117.5,1.0,1.0,1.0,1.0,1.0,large,False,1.6832139963232752e-06,5.818996331048556e-06,1,Slower,True,-2.0,-2.0,0.0,0.0,0.0,0.0,1.0,0.0,0.0,0.0,0.0,0.0,0.0,0.0
43/mutation_2~mutation_3,43,mutation_2,mutation_3,mut_mut,758.5,794.0,0.88,0.88,0.94,0.6622222222222223,1.0,large,False,2.1810910183531252e-05,6.339855239876182e-05,1,Slower,True,0.0,0.0,0.0,0.0,-1.0,0.0,0.0,0.0,0.0,0.0,1.0,0.0,1.0,0.0
43/mutation_2~mutation_4,43,mutation_2,mutation_4,mut_mut,758.5,762.5,0.12444444444444444,0.12444444444444444,0.5622222222222222,-0.28,0.5377777777777778,negligible,False,0.28758528843840186,0.4921307333151318,0,Faster or stable,False,0.0,0.0,0.0,0.0,0.0,0.0,0.0,1.0,0.0,0.0,0.0,0.0,0.0,0.0
43/mutation_2~mutation_5,43,mutation_2,mutation_5,mut_mut,758.5,775.0,0.6533333333333333,0.6533333333333333,0.8266666666666667,0.28888888888888886,0.9511111111111111,large,False,0.0012244523762852597,0.0030529679248712475,1,Slower,True,0.0,1.0,0.0,0.0,-1.0,-1.0,0.0,-5.0,0.0,0.0,-1.0,-2.0,-2.0,-3.0
43/mutation_2~mutation_6,43,mutation_2,mutation_6,mut_mut,758.5,762.5,0.24,0.24,0.62,-0.1867777777777778,0.6533333333333333,small,True,0.1353932306833454,0.25346226186723014,0,Faster or stable,False,2.0,3.0,0.0,0.0,0.0,-1.0,0.0,0.0,0.0,0.0,0.0,0.0,-2.0,-3.0
43/mutation_2~mutation_7,43,mutation_2,mutation_7,mut_mut,758.5,1601.0,1.0,1.0,1.0,1.0,1.0,large,False,1.6874374779290916e-06,5.818996331048556e-06,1,Slower,True,7.0,1.0,0.0,0.0,0.0,3.0,0.0,0.0,0.0,0.0,0.0,0.0,0.0,0.0
43/mutation_2~mutation_8,43,mutation_2,mutation_8,mut_mut,758.5,1117.5,1.0,1.0,1.0,1.0,1.0,large,False,1.6874374779290916e-06,5.818996331048556e-06,1,Slower,True,1.0,1.0,0.0,0.0,0.0,0.0,1.0,0.0,0.0,0.0,0.0,0.0,0.0,0.0
43/mutation_3~mutation_4,43,mutation_3,mutation_4,mut_mut,794.0,762.5,-0.9066666666666666,0.9066666666666666,0.04666666666666669,-1.0,-0.7244444444444444,large,False,0.9999895389607326,0.9999986384769016,0,Faster or stable,False,0.0,0.0,0.0,0.0,1.0,0.0,0.0,1.0,0.0,0.0,-1.0,0.0,-1.0,0.0
43/mutation_3~mutation_5,43,mutation_3,mutation_5,mut_mut,794.0,775.0,-0.8044444444444444,0.8044444444444444,0.0977777777777778,-1.0,-0.5466666666666666,large,False,0.9999201065520995,0.9999986384769016,0,Faster or stable,False,0.0,1.0,0.0,0.0,0.0,-1.0,0.0,-5.0,0.0,0.0,-2.0,-2.0,-3.0,-3.0
43/mutation_3~mutation_6,43,mutation_3,mutation_6,mut_mut,794.0,762.5,-0.9511111111111111,0.9511111111111111,0.024444444444444435,-1.0,-0.84,large,False,0.9999960031782994,0.9999986384769016,0,Faster or stable,False,2.0,3.0,0.0,0.0,1.0,-1.0,0.0,0.0,0.0,0.0,-1.0,0.0,-3.0,-3.0
43/mutation_3~mutation_7,43,mutation_3,mutation_7,mut_mut,794.0,1601.0,1.0,1.0,1.0,1.0,1.0,large,False,1.6916697063271091e-06,5.818996331048556e-06,1,Slower,True,7.0,1.0,0.0,0.0,1.0,3.0,0.0,0.0,0.0,0.0,-1.0,0.0,-1.0,0.0
43/mutation_3~mutation_8,43,mutation_3,mutation_8,mut_mut,794.0,1117.5,1.0,1.0,1.0,1.0,1.0,large,False,1.6916697063271091e-06,5.818996331048556e-06,1,Slower,True,1.0,1.0,0.0,0.0,1.0,0.0,1.0,0.0,0.0,0.0,-1.0,0.0,-1.0,0.0
43/mutation_4~mutation_5,43,mutation_4,mutation_5,mut_mut,762.5,775.0,0.5911111111111111,0.5911111111111111,0.7955555555555556,0.19111111111111112,0.9022222222222223,large,False,0.0030777462298172903,0.007410367531877682,1,Slower,True,0.0,1.0,0.0,0.0,-1.0,-1.0,0.0,-6.0,0.0,0.0,-1.0,-2.0,-2.0,-3.0
43/mutation_4~mutation_6,43,mutation_4,mutation_6,mut_mut,762.5,762.5,0.08,0.08,0.54,-0.3333333333333333,0.48455555555555496,negligible,False,0.3613320942286209,0.5967410860290158,0,Faster or stable,False,2.0,3.0,0.0,0.0,0.0,-1.0,0.0,-1.0,0.0,0.0,0.0,0.0,-2.0,-3.0
43/mutation_4~mutation_7,43,mutation_4,mutation_7,mut_mut,762.5,1601.0,1.0,1.0,1.0,1.0,1.0,large,False,1.6747932179783085e-06,5.818996331048556e-06,1,Slower,True,7.0,1.0,0.0,0.0,0.0,3.0,0.0,-1.0,0.0,0.0,0.0,0.0,0.0,0.0
43/mutation_4~mutation_8,43,mutation_4,mutation_8,mut_mut,762.5,1117.5,1.0,1.0,1.0,1.0,1.0,large,False,1.6747932179783085e-06,5.818996331048556e-06,1,Slower,True,1.0,1.0,0.0,0.0,0.0,0.0,1.0,-1.0,0.0,0.0,0.0,0.0,0.0,0.0
43/mutation_5~mutation_6,43,mutation_5,mutation_6,mut_mut,775.0,762.5,-0.6488888888888888,0.6488888888888888,0.17555555555555558,-0.9156666666666666,-0.28888888888888886,large,False,0.9988673818984175,0.9999986384769016,0,Faster or stable,False,2.0,2.0,0.0,0.0,1.0,0.0,0.0,5.0,0.0,0.0,1.0,2.0,0.0,0.0
43/mutation_5~mutation_7,43,mutation_5,mutation_7,mut_mut,775.0,1601.0,1.0,1.0,1.0,1.0,1.0,large,False,1.6916697063271091e-06,5.818996331048556e-06,1,Slower,True,7.0,0.0,0.0,0.0,1.0,4.0,0.0,5.0,0.0,0.0,1.0,2.0,2.0,3.0
43/mutation_5~mutation_8,43,mutation_5,mutation_8,mut_mut,775.0,1117.5,1.0,1.0,1.0,1.0,1.0,large,False,1.6916697063271091e-06,5.818996331048556e-06,1,Slower,True,1.0,0.0,0.0,0.0,1.0,1.0,1.0,5.0,0.0,0.0,1.0,2.0,2.0,3.0
43/mutation_6~mutation_7,43,mutation_6,mutation_7,mut_mut,762.5,1601.0,1.0,1.0,1.0,1.0,1.0,large,False,1.6497393652536303e-06,5.818996331048556e-06,1,Slower,True,5.0,-2.0,0.0,0.0,0.0,4.0,0.0,0.0,0.0,0.0,0.0,0.0,2.0,3.0
43/mutation_6~mutation_8,43,mutation_6,mutation_8,mut_mut,762.5,1117.5,1.0,1.0,1.0,1.0,1.0,large,False,1.6497393652536303e-06,5.818996331048556e-06,1,Slower,True,-1.0,-2.0,0.0,0.0,0.0,1.0,1.0,0.0,0.0,0.0,0.0,0.0,2.0,3.0
43/mutation_7~mutation_8,43,mutation_7,mutation_8,mut_mut,1601.0,1117.5,-1.0,1.0,0.0,-1.0,-1.0,large,False,0.9999986139518094,0.9999986384769016,0,Faster or stable,False,-6.0,0.0,0.0,0.0,0.0,-3.0,1.0,0.0,0.0,0.0,0.0,0.0,0.0,0.0
44/mutation_1,44,base,mutation_1,base_mut,507.5,528.5,0.8,0.8,0.9,0.5243333333333334,1.0,large,False,0.00010219552855277652,0.00046477966410303837,1,Slower,True,16.0,5.0,0.0,0.0,0.0,0.0,0.0,0.0,0.0,0.0,0.0,0.0,0.0,0.0
44/mutation_3,44,base,mutation_3,base_mut,507.5,523.0,0.6622222222222223,0.6622222222222223,0.8311111111111111,0.3065555555555555,0.9556666666666661,large,False,0.0010676320839005738,0.004189170189206228,1,Slower,True,2.0,0.0,0.0,0.0,-2.0,0.0,0.0,0.0,0.0,0.0,0.0,0.0,0.0,0.0
44/mutation_4,44,base,mutation_4,base_mut,507.5,514.0,0.30666666666666664,0.30666666666666664,0.6533333333333333,-0.10222222222222223,0.6934444444444439,small,True,0.07902383286537662,0.17420612315034298,0,Faster or stable,False,-4.0,0.0,2.0,0.0,0.0,0.0,0.0,0.0,2.0,1.0,1.0,1.0,0.0,0.0
44/mutation_5,44,base,mutation_5,base_mut,507.5,471.5,-1.0,1.0,0.0,-1.0,-1.0,large,False,0.9999986384769016,0.999998645417628,0,Faster or stable,False,-7.0,1.0,0.0,0.0,1.0,0.0,0.0,2.0,0.0,0.0,0.0,0.0,0.0,0.0
44/mutation_6,44,base,mutation_6,base_mut,507.5,510.5,0.19111111111111112,0.19111111111111112,0.5955555555555556,-0.22666666666666666,0.6,small,False,0.19173397805910547,0.3597359405713562,0,Faster or stable,False,-4.0,0.0,2.0,0.0,0.0,0.0,0.0,0.0,1.0,1.0,1.0,1.0,0.0,0.0
44/mutation_7,44,base,mutation_7,base_mut,507.5,524.5,0.64,0.64,0.8200000000000001,0.2797777777777778,0.92,large,False,0.0015003649157528727,0.005473858813515976,1,Slower,True,4.0,0.0,0.0,0.0,0.0,0.0,0.0,0.0,0.0,0.0,0.0,0.0,0.0,0.0
44/mutation_8,44,base,mutation_8,base_mut,507.5,930.5,1.0,1.0,1.0,1.0,1.0,large,False,1.6874374779290916e-06,1.1490660221978891e-05,1,Slower,True,1.0,1.0,0.0,0.0,0.0,0.0,1.0,0.0,0.0,0.0,0.0,0.0,0.0,0.0
44/mutation_1~mutation_3,44,mutation_1,mutation_3,mut_mut,528.5,523.0,-0.10222222222222223,0.10222222222222223,0.4488888888888889,-0.56,0.3333333333333333,negligible,False,0.6907042620727181,0.9999986384769016,0,Faster or stable,False,-14.0,-5.0,0.0,0.0,-2.0,0.0,0.0,0.0,0.0,0.0,0.0,0.0,0.0,0.0
44/mutation_1~mutation_4,44,mutation_1,mutation_4,mut_mut,528.5,514.0,-0.8355555555555556,0.8355555555555556,0.0822222222222222,-1.0,-0.5822222222222222,large,False,0.9999559063200477,0.9999986384769016,0,Faster or stable,False,-20.0,-5.0,2.0,0.0,0.0,0.0,0.0,0.0,2.0,1.0,1.0,1.0,0.0,0.0
44/mutation_1~mutation_5,44,mutation_1,mutation_5,mut_mut,528.5,471.5,-1.0,1.0,0.0,-1.0,-1.0,large,False,0.9999986315067255,0.9999986384769016,0,Faster or stable,False,-23.0,-4.0,0.0,0.0,1.0,0.0,0.0,2.0,0.0,0.0,0.0,0.0,0.0,0.0
44/mutation_1~mutation_6,44,mutation_1,mutation_6,mut_mut,528.5,510.5,-0.7733333333333333,0.7733333333333333,0.11333333333333334,-0.9644444444444444,-0.48433333333333395,large,False,0.999858365473073,0.9999986384769016,0,Faster or stable,False,-20.0,-5.0,2.0,0.0,0.0,0.0,0.0,0.0,1.0,1.0,1.0,1.0,0.0,0.0
44/mutation_1~mutation_7,44,mutation_1,mutation_7,mut_mut,528.5,524.5,-0.13777777777777778,0.13777777777777778,0.4311111111111111,-0.5645555555555555,0.2891111111111099,negligible,False,0.7467554695632002,0.9999986384769016,0,Faster or stable,False,-12.0,-5.0,0.0,0.0,0.0,0.0,0.0,0.0,0.0,0.0,0.0,0.0,0.0,0.0
44/mutation_1~mutation_8,44,mutation_1,mutation_8,mut_mut,528.5,930.5,1.0,1.0,1.0,1.0,1.0,large,False,1.6959106954125473e-06,5.818996331048556e-06,1,Slower,True,-15.0,-4.0,0.0,0.0,0.0,0.0,1.0,0.0,0.0,0.0,0.0,0.0,0.0,0.0
44/mutation_3~mutation_4,44,mutation_3,mutation_4,mut_mut,523.0,514.0,-0.5955555555555555,0.5955555555555555,0.20222222222222225,-0.8844444444444445,-0.23555555555555555,large,False,0.9974578215424873,0.9999986384769016,0,Faster or stable,False,-6.0,0.0,2.0,0.0,2.0,0.0,0.0,0.0,2.0,1.0,1.0,1.0,0.0,0.0
44/mutation_3~mutation_5,44,mutation_3,mutation_5,mut_mut,523.0,471.5,-1.0,1.0,0.0,-1.0,-1.0,large,False,0.9999986315067255,0.9999986384769016,0,Faster or stable,False,-9.0,1.0,0.0,0.0,3.0,0.0,0.0,2.0,0.0,0.0,0.0,0.0,0.0,0.0
44/mutation_3~mutation_6,44,mutation_3,mutation_6,mut_mut,523.0,510.5,-0.5777777777777777,0.5777777777777777,0.21111111111111114,-0.8712222222222221,-0.1910000000000006,large,False,0.9967103276798681,0.9999986384769016,0,Faster or stable,False,-6.0,0.0,2.0,0.0,2.0,0.0,0.0,0.0,1.0,1.0,1.0,1.0,0.0,0.0
44/mutation_3~mutation_7,44,mutation_3,mutation_7,mut_mut,523.0,524.5,-0.022222222222222223,0.022222222222222223,0.4888888888888889,-0.4491111111111111,0.39555555555555555,negligible,False,0.5495306994874617,0.8457797597049822,0,Faster or stable,False,2.0,0.0,0.0,0.0,2.0,0.0,0.0,0.0,0.0,0.0,0.0,0.0,0.0,0.0
44/mutation_3~mutation_8,44,mutation_3,mutation_8,mut_mut,523.0,930.5,1.0,1.0,1.0,1.0,1.0,large,False,1.6959106954125473e-06,5.818996331048556e-06,1,Slower,True,-1.0,1.0,0.0,0.0,2.0,0.0,1.0,0.0,0.0,0.0,0.0,0.0,0.0,0.0
44/mutation_4~mutation_5,44,mutation_4,mutation_5,mut_mut,514.0,471.5,-1.0,1.0,0.0,-1.0,-1.0,large,False,0.9999986384769016,0.9999986384769016,0,Faster or stable,False,-3.0,1.0,-2.0,0.0,1.0,0.0,0.0,2.0,-2.0,-1.0,-1.0,-1.0,0.0,0.0
44/mutation_4~mutation_6,44,mutation_4,mutation_6,mut_mut,514.0,510.5,-0.12,0.12,0.44,-0.5377777777777778,0.3022222222222222,negligible,False,0.7194288462683179,0.9999986384769016,0,Faster or stable,False,0.0,0.0,0.0,0.0,0.0,0.0,0.0,0.0,-1.0,0.0,0.0,0.0,0.0,0.0
44/mutation_4~mutation_7,44,mutation_4,mutation_7,mut_mut,514.0,524.5,0.5555555555555556,0.5555555555555556,0.7777777777777778,0.17333333333333334,0.8488888888888889,large,False,0.005040016496786605,0.011854553363257823,1,Slower,True,8.0,0.0,-2.0,0.0,0.0,0.0,0.0,0.0,-2.0,-1.0,-1.0,-1.0,0.0,0.0
44/mutation_4~mutation_8,44,mutation_4,mutation_8,mut_mut,514.0,930.5,1.0,1.0,1.0,1.0,1.0,large,False,1.6874374779290916e-06,5.818996331048556e-06,1,Slower,True,5.0,1.0,-2.0,0.0,0.0,0.0,1.0,0.0,-2.0,-1.0,-1.0,-1.0,0.0,0.0
44/mutation_5~mutation_6,44,mutation_5,mutation_6,mut_mut,471.5,510.5,1.0,1.0,1.0,1.0,1.0,large,False,1.6705958935197095e-06,5.818996331048556e-06,1,Slower,True,3.0,-1.0,2.0,0.0,-1.0,0.0,0.0,-2.0,1.0,1.0,1.0,1.0,0.0,0.0
44/mutation_5~mutation_7,44,mutation_5,mutation_7,mut_mut,471.5,524.5,1.0,1.0,1.0,1.0,1.0,large,False,1.6622273048380918e-06,5.818996331048556e-06,1,Slower,True,11.0,-1.0,0.0,0.0,-1.0,0.0,0.0,-2.0,0.0,0.0,0.0,0.0,0.0,0.0
44/mutation_5~mutation_8,44,mutation_5,mutation_8,mut_mut,471.5,930.5,1.0,1.0,1.0,1.0,1.0,large,False,1.6747932179783085e-06,5.818996331048556e-06,1,Slower,True,8.0,0.0,0.0,0.0,-1.0,0.0,1.0,-2.0,0.0,0.0,0.0,0.0,0.0,0.0
44/mutation_6~mutation_7,44,mutation_6,mutation_7,mut_mut,510.5,524.5,0.5511111111111111,0.5511111111111111,0.7755555555555556,0.17766666666666667,0.8489999999999994,large,False,0.005350392459458976,0.012495324446162,1,Slower,True,8.0,0.0,-2.0,0.0,0.0,0.0,0.0,0.0,-1.0,-1.0,-1.0,-1.0,0.0,0.0
44/mutation_6~mutation_8,44,mutation_6,mutation_8,mut_mut,510.5,930.5,1.0,1.0,1.0,1.0,1.0,large,False,1.6916697063271091e-06,5.818996331048556e-06,1,Slower,True,5.0,1.0,-2.0,0.0,0.0,0.0,1.0,0.0,-1.0,-1.0,-1.0,-1.0,0.0,0.0
44/mutation_7~mutation_8,44,mutation_7,mutation_8,mut_mut,524.5,930.5,1.0,1.0,1.0,1.0,1.0,large,False,1.6832139963232752e-06,5.818996331048556e-06,1,Slower,True,-3.0,1.0,0.0,0.0,0.0,0.0,1.0,0.0,0.0,0.0,0.0,0.0,0.0,0.0
45/mutation_1,45,base,mutation_1,base_mut,1965.5,1964.5,-0.12,0.12,0.44,-0.5423333333333333,0.30233333333333273,negligible,False,0.7193634273893295,0.9327097451542326,0,Faster or stable,False,9.0,5.0,0.0,0.0,0.0,0.0,0.0,0.0,0.0,0.0,0.0,0.0,0.0,0.0
45/mutation_2,45,base,mutation_2,base_mut,1965.5,1897.0,-0.29777777777777775,0.29777777777777775,0.35111111111111115,-0.6622222222222223,0.12022222222222101,small,False,0.9207908499364252,0.999998645417628,0,Faster or stable,False,0.0,0.0,0.0,0.0,0.0,0.0,0.0,0.0,0.0,0.0,0.0,0.0,0.0,0.0
45/mutation_3,45,base,mutation_3,base_mut,1965.5,2228.0,0.8933333333333333,0.8933333333333333,0.9466666666666667,0.6266666666666667,1.0,large,False,1.6783775420770323e-05,8.706583499524605e-05,1,Slower,True,11.0,0.0,0.0,0.0,-7.0,0.0,0.0,1.0,0.0,0.0,0.0,7.0,0.0,0.0
45/mutation_4,45,base,mutation_4,base_mut,1965.5,917.0,-1.0,1.0,0.0,-1.0,-1.0,large,False,0.9999986139518094,0.999998645417628,0,Faster or stable,False,0.0,0.0,-2.0,0.0,0.0,0.0,0.0,0.0,0.0,0.0,0.0,0.0,0.0,0.0
45/mutation_5,45,base,mutation_5,base_mut,1965.5,1959.5,-0.17333333333333334,0.17333333333333334,0.41333333333333333,-0.5733333333333334,0.25333333333333335,small,False,0.7966065833007674,0.9831724373823597,0,Faster or stable,False,2.0,1.0,0.0,0.0,0.0,0.0,0.0,2.0,0.0,0.0,0.0,0.0,0.0,0.0
45/mutation_6,45,base,mutation_6,base_mut,1965.5,1996.5,0.29777777777777775,0.29777777777777775,0.6488888888888888,-0.08444444444444445,0.6711111111111111,small,True,0.08553461552817593,0.1832096280990607,0,Faster or stable,False,-5.0,-4.0,0.0,0.0,-1.0,4.0,0.0,-1.0,0.0,0.0,0.0,1.0,5.0,5.0
45/mutation_7,45,base,mutation_7,base_mut,1965.5,2367.0,1.0,1.0,1.0,1.0,1.0,large,False,1.6959106954125473e-06,1.1490660221978891e-05,1,Slower,True,4.0,0.0,0.0,0.0,4.0,0.0,0.0,0.0,0.0,0.0,0.0,0.0,0.0,0.0
45/mutation_8,45,base,mutation_8,base_mut,1965.5,1957.5,0.12,0.12,0.56,-0.3511111111111111,0.5911111111111111,negligible,False,0.2948692966593036,0.5046216829427258,0,Faster or stable,False,1.0,1.0,0.0,0.0,0.0,0.0,1.0,0.0,0.0,0.0,0.0,0.0,0.0,0.0
45/mutation_1~mutation_2,45,mutation_1,mutation_2,mut_mut,1964.5,1897.0,-0.25333333333333335,0.25333333333333335,0.3733333333333333,-0.6444444444444445,0.17333333333333334,small,False,0.8855373114140226,0.9999986384769016,0,Faster or stable,False,-9.0,-5.0,0.0,0.0,0.0,0.0,0.0,0.0,0.0,0.0,0.0,0.0,0.0,0.0
45/mutation_1~mutation_3,45,mutation_1,mutation_3,mut_mut,1964.5,2228.0,0.8844444444444445,0.8844444444444445,0.9422222222222223,0.6266666666666667,1.0,large,False,2.0060169488057697e-05,5.8729294401853197e-05,1,Slower,True,2.0,-5.0,0.0,0.0,-7.0,0.0,0.0,1.0,0.0,0.0,0.0,7.0,0.0,0.0
45/mutation_1~mutation_4,45,mutation_1,mutation_4,mut_mut,1964.5,917.0,-1.0,1.0,0.0,-1.0,-1.0,large,False,0.9999986174776383,0.9999986384769016,0,Faster or stable,False,-9.0,-5.0,-2.0,0.0,0.0,0.0,0.0,0.0,0.0,0.0,0.0,0.0,0.0,0.0
45/mutation_1~mutation_5,45,mutation_1,mutation_5,mut_mut,1964.5,1959.5,-0.08,0.08,0.46,-0.48444444444444446,0.3422222222222222,negligible,False,0.6532572231498838,0.9632183000688079,0,Faster or stable,False,-7.0,-4.0,0.0,0.0,0.0,0.0,0.0,2.0,0.0,0.0,0.0,0.0,0.0,0.0
45/mutation_1~mutation_6,45,mutation_1,mutation_6,mut_mut,1964.5,1996.5,0.5022222222222222,0.5022222222222222,0.7511111111111111,0.12,0.8222222222222222,large,False,0.010088764738048109,0.022837467334120128,1,Slower,True,-14.0,-9.0,0.0,0.0,-1.0,4.0,0.0,-1.0,0.0,0.0,0.0,1.0,5.0,5.0
45/mutation_1~mutation_7,45,mutation_1,mutation_7,mut_mut,1964.5,2367.0,1.0,1.0,1.0,1.0,1.0,large,False,1.6916697063271091e-06,5.818996331048556e-06,1,Slower,True,-5.0,-5.0,0.0,0.0,4.0,0.0,0.0,0.0,0.0,0.0,0.0,0.0,0.0,0.0
45/mutation_1~mutation_8,45,mutation_1,mutation_8,mut_mut,1964.5,1957.5,0.15555555555555556,0.15555555555555556,0.5777777777777777,-0.29777777777777775,0.5911111111111111,small,False,0.24034114837800336,0.420035464922305,0,Faster or stable,False,-8.0,-4.0,0.0,0.0,0.0,0.0,1.0,0.0,0.0,0.0,0.0,0.0,0.0,0.0
45/mutation_2~mutation_3,45,mutation_2,mutation_3,mut_mut,1897.0,2228.0,0.9377777777777778,0.9377777777777778,0.9688888888888889,0.7866666666666666,1.0,large,False,6.632672806253365e-06,2.084554310536772e-05,1,Slower,True,11.0,0.0,0.0,0.0,-7.0,0.0,0.0,1.0,0.0,0.0,0.0,7.0,0.0,0.0
45/mutation_2~mutation_4,45,mutation_2,mutation_4,mut_mut,1897.0,917.0,-1.0,1.0,0.0,-1.0,-1.0,large,False,0.9999986174776383,0.9999986384769016,0,Faster or stable,False,0.0,0.0,-2.0,0.0,0.0,0.0,0.0,0.0,0.0,0.0,0.0,0.0,0.0,0.0
45/mutation_2~mutation_5,45,mutation_2,mutation_5,mut_mut,1897.0,1959.5,0.21777777777777776,0.21777777777777776,0.6088888888888889,-0.20455555555555557,0.6223333333333327,small,False,0.15967221040045088,0.29288046781764354,0,Faster or stable,False,2.0,1.0,0.0,0.0,0.0,0.0,0.0,2.0,0.0,0.0,0.0,0.0,0.0,0.0
45/mutation_2~mutation_6,45,mutation_2,mutation_6,mut_mut,1897.0,1996.5,0.6488888888888888,0.6488888888888888,0.8244444444444444,0.3244444444444444,0.9111111111111111,large,False,0.0013156051284864212,0.003258518662608752,1,Slower,True,-5.0,-4.0,0.0,0.0,-1.0,4.0,0.0,-1.0,0.0,0.0,0.0,1.0,5.0,5.0
45/mutation_2~mutation_7,45,mutation_2,mutation_7,mut_mut,1897.0,2367.0,1.0,1.0,1.0,1.0,1.0,large,False,1.6916697063271091e-06,5.818996331048556e-06,1,Slower,True,4.0,0.0,0.0,0.0,4.0,0.0,0.0,0.0,0.0,0.0,0.0,0.0,0.0,0.0
45/mutation_2~mutation_8,45,mutation_2,mutation_8,mut_mut,1897.0,1957.5,0.28,0.28,0.64,-0.17333333333333334,0.6713333333333321,small,True,0.09922796072785955,0.19134327082359276,0,Faster or stable,False,1.0,1.0,0.0,0.0,0.0,0.0,1.0,0.0,0.0,0.0,0.0,0.0,0.0,0.0
45/mutation_3~mutation_4,45,mutation_3,mutation_4,mut_mut,2228.0,917.0,-1.0,1.0,0.0,-1.0,-1.0,large,False,0.9999986139518094,0.9999986384769016,0,Faster or stable,False,-11.0,0.0,-2.0,0.0,7.0,0.0,0.0,-1.0,0.0,0.0,0.0,-7.0,0.0,0.0
45/mutation_3~mutation_5,45,mutation_3,mutation_5,mut_mut,2228.0,1959.5,-0.9022222222222223,0.9022222222222223,0.04888888888888887,-1.0,-0.68,large,False,0.999988354997609,0.9999986384769016,0,Faster or stable,False,-9.0,1.0,0.0,0.0,7.0,0.0,0.0,1.0,0.0,0.0,0.0,-7.0,0.0,0.0
45/mutation_3~mutation_6,45,mutation_3,mutation_6,mut_mut,2228.0,1996.5,-0.8666666666666667,0.8666666666666667,0.06666666666666665,-1.0,-0.6,large,False,0.9999759683847469,0.9999986384769016,0,Faster or stable,False,-16.0,-4.0,0.0,0.0,6.0,4.0,0.0,-2.0,0.0,0.0,0.0,-6.0,5.0,5.0
45/mutation_3~mutation_7,45,mutation_3,mutation_7,mut_mut,2228.0,2367.0,0.7955555555555556,0.7955555555555556,0.8977777777777778,0.5108888888888888,1.0,large,False,0.0001114466455423376,0.000304983259264641,1,Slower,True,-7.0,0.0,0.0,0.0,11.0,0.0,0.0,-1.0,0.0,0.0,0.0,-7.0,0.0,0.0
45/mutation_3~mutation_8,45,mutation_3,mutation_8,mut_mut,2228.0,1957.5,-0.8488888888888889,0.8488888888888889,0.07555555555555554,-1.0,-0.5911111111111111,large,False,0.99996581593732,0.9999986384769016,0,Faster or stable,False,-10.0,1.0,0.0,0.0,7.0,0.0,1.0,-1.0,0.0,0.0,0.0,-7.0,0.0,0.0
45/mutation_4~mutation_5,45,mutation_4,mutation_5,mut_mut,917.0,1959.5,1.0,1.0,1.0,1.0,1.0,large,False,1.6959106954125473e-06,5.818996331048556e-06,1,Slower,True,2.0,1.0,2.0,0.0,0.0,0.0,0.0,2.0,0.0,0.0,0.0,0.0,0.0,0.0
45/mutation_4~mutation_6,45,mutation_4,mutation_6,mut_mut,917.0,1996.5,1.0,1.0,1.0,1.0,1.0,large,False,1.6959106954125473e-06,5.818996331048556e-06,1,Slower,True,-5.0,-4.0,2.0,0.0,-1.0,4.0,0.0,-1.0,0.0,0.0,0.0,1.0,5.0,5.0
45/mutation_4~mutation_7,45,mutation_4,mutation_7,mut_mut,917.0,2367.0,1.0,1.0,1.0,1.0,1.0,large,False,1.6959106954125473e-06,5.818996331048556e-06,1,Slower,True,4.0,0.0,2.0,0.0,4.0,0.0,0.0,0.0,0.0,0.0,0.0,0.0,0.0,0.0
45/mutation_4~mutation_8,45,mutation_4,mutation_8,mut_mut,917.0,1957.5,1.0,1.0,1.0,1.0,1.0,large,False,1.6959106954125473e-06,5.818996331048556e-06,1,Slower,True,1.0,1.0,2.0,0.0,0.0,0.0,1.0,0.0,0.0,0.0,0.0,0.0,0.0,0.0
45/mutation_5~mutation_6,45,mutation_5,mutation_6,mut_mut,1959.5,1996.5,0.5644444444444444,0.5644444444444444,0.7822222222222222,0.18666666666666668,0.8488888888888889,large,False,0.00447838478707679,0.010600733609915947,1,Slower,True,-7.0,-5.0,0.0,0.0,-1.0,4.0,0.0,-3.0,0.0,0.0,0.0,1.0,5.0,5.0
45/mutation_5~mutation_7,45,mutation_5,mutation_7,mut_mut,1959.5,2367.0,1.0,1.0,1.0,1.0,1.0,large,False,1.6959106954125473e-06,5.818996331048556e-06,1,Slower,True,2.0,-1.0,0.0,0.0,4.0,0.0,0.0,-2.0,0.0,0.0,0.0,0.0,0.0,0.0
45/mutation_5~mutation_8,45,mutation_5,mutation_8,mut_mut,1959.5,1957.5,0.14666666666666667,0.14666666666666667,0.5733333333333334,-0.30666666666666664,0.5822222222222222,negligible,False,0.253457466906248,0.4408981052229616,0,Faster or stable,False,-1.0,0.0,0.0,0.0,0.0,0.0,1.0,-2.0,0.0,0.0,0.0,0.0,0.0,0.0
45/mutation_6~mutation_7,45,mutation_6,mutation_7,mut_mut,1996.5,2367.0,1.0,1.0,1.0,1.0,1.0,large,False,1.6959106954125473e-06,5.818996331048556e-06,1,Slower,True,9.0,4.0,0.0,0.0,5.0,-4.0,0.0,1.0,0.0,0.0,0.0,-1.0,-5.0,-5.0
45/mutation_6~mutation_8,45,mutation_6,mutation_8,mut_mut,1996.5,1957.5,-0.03111111111111111,0.03111111111111111,0.48444444444444446,-0.5644444444444444,0.4666666666666667,negligible,False,0.5658870048237823,0.8638660143566654,0,Faster or stable,False,6.0,5.0,0.0,0.0,1.0,-4.0,1.0,1.0,0.0,0.0,0.0,-1.0,-5.0,-5.0
45/mutation_7~mutation_8,45,mutation_7,mutation_8,mut_mut,2367.0,1957.5,-1.0,1.0,0.0,-1.0,-1.0,large,False,0.9999986139518094,0.9999986384769016,0,Faster or stable,False,-3.0,1.0,0.0,0.0,-4.0,0.0,1.0,0.0,0.0,0.0,0.0,0.0,0.0,0.0
