group,role,exec_index,pos,status,median_us
01,base,0,0.7703703703703704,ok,2131.5
01,base,1,0.07407407407407407,ok,2623.0
01,base,2,0.2814814814814815,ok,2687.5
01,base,3,0.9111111111111111,ok,2571.5
01,base,4,0.9185185185185185,ok,2558.0
01,base,5,0.6370370370370371,ok,2640.5
01,base,6,0.9851851851851852,ok,2425.0
01,base,7,0.16296296296296298,ok,1878.0
01,base,8,0.5555555555555556,ok,2157.5
01,base,9,0.022222222222222223,ok,2634.0
01,base,10,0.6,ok,2542.5
01,base,11,0.9037037037037037,ok,2301.0
01,base,12,0.674074074074074,ok,2243.0
01,base,13,0.6962962962962963,ok,2197.0
01,base,14,0.3111111111111111,ok,2143.0
01,mutation_1,0,0.6148148148148148,ok,2651.0
01,mutation_1,1,0.037037037037037035,ok,2711.5
01,mutation_1,2,0.43703703703703706,ok,2640.5
01,mutation_1,3,0.13333333333333333,ok,2689.5
01,mutation_1,4,0.7185185185185186,ok,2698.0
01,mutation_1,5,0.7555555555555555,ok,2731.0
01,mutation_1,6,0.14814814814814814,ok,2633.5
01,mutation_1,7,0.9407407407407408,ok,2724.5
01,mutation_1,8,0.0,ok,2657.0
01,mutation_1,9,0.562962962962963,ok,2672.5
01,mutation_1,10,0.8518518518518519,ok,2588.0
01,mutation_1,11,0.9481481481481482,ok,2720.5
01,mutation_1,12,0.8962962962962963,ok,2138.5
01,mutation_1,13,0.9925925925925926,ok,2704.0
01,mutation_1,14,0.8888888888888888,ok,2701.5
01,mutation_2,0,0.2,ok,2580.5
01,mutation_2,1,0.1259259259259259,ok,2084.5
01,mutation_2,2,0.2222222222222222,ok,2566.0
01,mutation_2,3,0.6444444444444445,ok,2551.5
01,mutation_2,4,0.37777777777777777,ok,2278.5
01,mutation_2,5,0.9555555555555556,ok,2515.5
01,mutation_2,6,0.17037037037037037,ok,2334.0
01,mutation_2,7,0.5851851851851851,ok,2356.5
01,mutation_2,8,0.4,ok,2560.5
01,mutation_2,9,0.1925925925925926,ok,2100.0
01,mutation_2,10,0.3925925925925926,ok,2571.0
01,mutation_2,11,0.4148148148148148,ok,2578.5
01,mutation_2,12,0.4444444444444444,ok,2561.0
01,mutation_2,13,0.7333333333333333,ok,2573.5
01,mutation_2,14,0.6592592592592592,ok,2597.0
01,mutation_3,0,0.6666666666666666,ok,2673.5
01,mutation_3,1,0.5777777777777777,ok,2505.5
01,mutation_3,2,0.4666666666666667,ok,2650.5
01,mutation_3,3,0.6814814814814815,ok,2656.0
01,mutation_3,4,0.21481481481481482,ok,2655.0
01,mutation_3,5,0.14074074074074075,ok,2281.0
01,mutation_3,6,0.18518518518518517,ok,2108.0
01,mutation_3,7,0.35555555555555557,ok,2325.0
01,mutation_3,8,0.8148148148148148,ok,2695.5
01,mutation_3,9,0.9259259259259259,ok,2697.5
01,mutation_3,10,0.2518518518518518,ok,2634.0
01,mutation_3,11,0.2740740740740741,ok,2663.0
01,mutation_3,12,0.9629629629629629,ok,2687.0
01,mutation_3,13,0.6296296296296297,ok,2639.5
01,mutation_3,14,0.3333333333333333,ok,2625.0
01,mutation_4,0,0.28888888888888886,ok,2546.5
01,mutation_4,1,0.24444444444444444,ok,2533.5
01,mutation_4,2,0.9703703703703703,ok,2460.5
01,mutation_4,3,0.007407407407407408,ok,2524.0
01,mutation_4,4,0.8814814814814815,ok,2346.5
01,mutation_4,5,0.37037037037037035,ok,2406.5
01,mutation_4,6,0.1037037037037037,ok,2470.5
01,mutation_4,7,0.31851851851851853,ok,2267.5
01,mutation_4,8,0.6222222222222222,ok,2372.0
01,mutation_4,9,0.8222222222222222,ok,2112.5
01,mutation_4,10,0.9777777777777777,ok,2210.5
01,mutation_4,11,0.8592592592592593,ok,2489.5
01,mutation_4,12,0.23703703703703705,ok,2469.0
01,mutation_4,13,0.5703703703703704,ok,2412.0
01,mutation_4,14,0.044444444444444446,ok,2489.5
01,mutation_5,0,0.9333333333333333,ok,2624.5
01,mutation_5,1,0.34074074074074073,ok,2393.0
01,mutation_5,2,0.8740740740740741,ok,2625.0
01,mutation_5,3,0.48148148148148145,ok,2615.5
01,mutation_5,4,0.5333333333333333,ok,2606.0
01,mutation_5,5,0.34814814814814815,ok,2237.0
01,mutation_5,6,0.5259259259259259,ok,2596.5
01,mutation_5,7,0.5037037037037037,ok,2605.0
01,mutation_5,8,0.837037037037037,ok,2474.0
01,mutation_5,9,0.05925925925925926,ok,2522.5
01,mutation_5,10,0.4888888888888889,ok,2594.0
01,mutation_5,11,0.5481481481481482,ok,2603.5
01,mutation_5,12,0.22962962962962963,ok,2408.0
01,mutation_5,13,0.5185185185185185,ok,2607.5
01,mutation_5,14,0.8296296296296296,ok,2593.5
01,mutation_6,0,0.25925925925925924,ok,2658.0
01,mutation_6,1,0.8444444444444444,ok,2066.0
01,mutation_6,2,0.6074074074074074,ok,2662.5
01,mutation_6,3,0.1111111111111111,ok,2650.0
01,mutation_6,4,0.45185185185185184,ok,2054.0
01,mutation_6,5,0.4222222222222222,ok,2655.0
01,mutation_6,6,0.05185185185185185,ok,2622.5
01,mutation_6,7,0.762962962962963,ok,2682.0
01,mutation_6,8,0.4962962962962963,ok,2657.0
01,mutation_6,9,0.7037037037037037,ok,2525.5
01,mutation_6,10,0.0962962962962963,ok,2655.0
01,mutation_6,11,0.42962962962962964,ok,2648.5
01,mutation_6,12,0.4740740740740741,ok,2559.5
01,mutation_6,13,0.7777777777777778,ok,2668.0
01,mutation_6,14,0.06666666666666667,ok,2617.5
01,mutation_7,0,0.08888888888888889,ok,4308.0
01,mutation_7,1,0.725925925925926,ok,4931.5
01,mutation_7,2,0.17777777777777778,ok,5108.5
01,mutation_7,3,0.15555555555555556,ok,5267.5
01,mutation_7,4,0.11851851851851852,ok,5120.5
01,mutation_7,5,0.32592592592592595,ok,4278.0
01,mutation_7,6,0.2074074074074074,ok,4849.0
01,mutation_7,7,0.7481481481481481,ok,5248.5
01,mutation_7,8,0.362962962962963,ok,5209.0
01,mutation_7,9,0.5111111111111111,ok,4604.5
01,mutation_7,10,0.26666666666666666,ok,4950.5
01,mutation_7,11,0.3851851851851852,ok,5179.5
01,mutation_7,12,0.2962962962962963,ok,5060.5
01,mutation_7,13,0.6518518518518519,ok,5130.5
01,mutation_7,14,0.3037037037037037,ok,5035.0
01,mutation_8,0,0.5407407407407407,ok,2744.5
01,mutation_8,1,0.7111111111111111,ok,2345.5
01,mutation_8,2,0.6888888888888889,ok,2247.0
01,mutation_8,3,0.8666666666666667,ok,2222.0
01,mutation_8,4,0.4074074074074074,ok,2746.5
01,mutation_8,5,0.7407407407407407,ok,2726.0
01,mutation_8,6,0.7925925925925926,ok,2799.5
01,mutation_8,7,0.45925925925925926,ok,2803.0
01,mutation_8,8,0.02962962962962963,ok,2756.5
01,mutation_8,9,0.7851851851851852,ok,2427.5
01,mutation_8,10,0.8,ok,2451.5
01,mutation_8,11,0.08148148148148149,ok,2122.5
01,mutation_8,12,0.5925925925925926,ok,2750.5
01,mutation_8,13,0.014814814814814815,ok,2743.5
01,mutation_8,14,0.8074074074074075,ok,2475.0
02,base,0,0.7703703703703704,ok,881.5
02,base,1,0.07407407407407407,ok,889.0
02,base,2,0.2814814814814815,ok,888.0
02,base,3,0.9111111111111111,ok,904.5
02,base,4,0.9185185185185185,ok,907.5
02,base,5,0.6370370370370371,ok,914.5
02,base,6,0.9851851851851852,ok,879.0
02,base,7,0.16296296296296298,ok,936.5
02,base,8,0.5555555555555556,ok,910.0
02,base,9,0.022222222222222223,ok,907.0
02,base,10,0.6,ok,899.5
02,base,11,0.9037037037037037,ok,891.5
02,base,12,0.674074074074074,ok,893.0
02,base,13,0.6962962962962963,ok,901.0
02,base,14,0.3111111111111111,ok,888.5
02,mutation_1,0,0.6148148148148148,ok,870.0
02,mutation_1,1,0.037037037037037035,ok,895.5
02,mutation_1,2,0.43703703703703706,ok,894.0
02,mutation_1,3,0.13333333333333333,ok,884.0
02,mutation_1,4,0.7185185185185186,ok,904.5
02,mutation_1,5,0.7555555555555555,ok,907.0
02,mutation_1,6,0.14814814814814814,ok,905.0
02,mutation_1,7,0.9407407407407408,ok,906.5
02,mutation_1,8,0.0,ok,955.0
02,mutation_1,9,0.562962962962963,ok,917.5
02,mutation_1,10,0.8518518518518519,ok,913.0
02,mutation_1,11,0.9481481481481482,ok,905.5
02,mutation_1,12,0.8962962962962963,ok,900.0
02,mutation_1,13,0.9925925925925926,ok,892.0
02,mutation_1,14,0.8888888888888888,ok,934.5
02,mutation_2,0,0.2,ok,939.5
02,mutation_2,1,0.1259259259259259,ok,908.0
02,mutation_2,2,0.2222222222222222,ok,909.5
02,mutation_2,3,0.6444444444444445,ok,893.0
02,mutation_2,4,0.37777777777777777,ok,875.5
02,mutation_2,5,0.9555555555555556,ok,915.5
02,mutation_2,6,0.17037037037037037,ok,902.0
02,mutation_2,7,0.5851851851851851,ok,902.0
02,mutation_2,8,0.4,ok,908.0
02,mutation_2,9,0.1925925925925926,ok,901.5
02,mutation_2,10,0.3925925925925926,ok,893.0
02,mutation_2,11,0.4148148148148148,ok,891.0
02,mutation_2,12,0.4444444444444444,ok,896.0
02,mutation_2,13,0.7333333333333333,ok,890.0
02,mutation_2,14,0.6592592592592592,ok,919.0
02,mutation_3,0,0.6666666666666666,ok,892.0
02,mutation_3,1,0.5777777777777777,ok,916.0
02,mutation_3,2,0.4666666666666667,ok,903.5
02,mutation_3,3,0.6814814814814815,ok,906.5
02,mutation_3,4,0.21481481481481482,ok,884.0
02,mutation_3,5,0.14074074074074075,ok,960.0
02,mutation_3,6,0.18518518518518517,ok,918.5
02,mutation_3,7,0.35555555555555557,ok,895.5
02,mutation_3,8,0.8148148148148148,ok,908.5
02,mutation_3,9,0.9259259259259259,ok,881.5
02,mutation_3,10,0.2518518518518518,ok,882.0
02,mutation_3,11,0.2740740740740741,ok,899.0
02,mutation_3,12,0.9629629629629629,ok,911.5
02,mutation_3,13,0.6296296296296297,ok,882.5
02,mutation_3,14,0.3333333333333333,ok,942.5
02,mutation_4,0,0.28888888888888886,ok,937.0
02,mutation_4,1,0.24444444444444444,ok,906.0
02,mutation_4,2,0.9703703703703703,ok,911.5
02,mutation_4,3,0.007407407407407408,ok,910.0
02,mutation_4,4,0.8814814814814815,ok,889.0
02,mutation_4,5,0.37037037037037035,ok,878.5
02,mutation_4,6,0.1037037037037037,ok,889.0
02,mutation_4,7,0.31851851851851853,ok,902.0
02,mutation_4,8,0.6222222222222222,ok,933.0
02,mutation_4,9,0.8222222222222222,ok,898.0
02,mutation_4,10,0.9777777777777777,ok,919.0
02,mutation_4,11,0.8592592592592593,ok,929.5
02,mutation_4,12,0.23703703703703705,ok,903.5
02,mutation_4,13,0.5703703703703704,ok,946.5
02,mutation_4,14,0.044444444444444446,ok,900.5
02,mutation_5,0,0.9333333333333333,ok,898.5
02,mutation_5,1,0.34074074074074073,ok,906.5
02,mutation_5,2,0.8740740740740741,ok,881.5
02,mutation_5,3,0.48148148148148145,ok,911.5
02,mutation_5,4,0.5333333333333333,ok,895.0
02,mutation_5,5,0.34814814814814815,ok,885.5
02,mutation_5,6,0.5259259259259259,ok,899.0
02,mutation_5,7,0.5037037037037037,ok,922.0
02,mutation_5,8,0.837037037037037,ok,885.0
02,mutation_5,9,0.05925925925925926,ok,890.5
02,mutation_5,10,0.4888888888888889,ok,890.5
02,mutation_5,11,0.5481481481481482,ok,893.5
02,mutation_5,12,0.22962962962962963,ok,889.5
02,mutation_5,13,0.5185185185185185,ok,897.0
02,mutation_5,14,0.8296296296296296,ok,890.0
02,mutation_6,0,0.25925925925925924,ok,893.5
02,mutation_6,1,0.8444444444444444,ok,900.0
02,mutation_6,2,0.6074074074074074,ok,877.5
02,mutation_6,3,0.1111111111111111,ok,885.0
02,mutation_6,4,0.45185185185185184,ok,946.5
02,mutation_6,5,0.4222222222222222,ok,896.0
02,mutation_6,6,0.05185185185185185,ok,925.5
02,mutation_6,7,0.762962962962963,ok,884.0
02,mutation_6,8,0.4962962962962963,ok,882.5
02,mutation_6,9,0.7037037037037037,ok,920.0
02,mutation_6,10,0.0962962962962963,ok,885.5
02,mutation_6,11,0.42962962962962964,ok,879.5
02,mutation_6,12,0.4740740740740741,ok,897.0
02,mutation_6,13,0.7777777777777778,ok,894.5
02,mutation_6,14,0.06666666666666667,ok,882.5
02,mutation_7,0,0.08888888888888889,ok,1190.5
02,mutation_7,1,0.725925925925926,ok,1145.5
02,mutation_7,2,0.17777777777777778,ok,1211.0
02,mutation_7,3,0.15555555555555556,ok,1151.0
02,mutation_7,4,0.11851851851851852,ok,1147.0
02,mutation_7,5,0.32592592592592595,ok,1159.0
02,mutation_7,6,0.2074074074074074,ok,1168.5
02,mutation_7,7,0.7481481481481481,ok,1139.0
02,mutation_7,8,0.362962962962963,ok,1149.5
02,mutation_7,9,0.5111111111111111,ok,1134.0
02,mutation_7,10,0.26666666666666666,ok,1165.5
02,mutation_7,11,0.3851851851851852,ok,1157.0
02,mutation_7,12,0.2962962962962963,ok,1180.5
02,mutation_7,13,0.6518518518518519,ok,1150.0
02,mutation_7,14,0.3037037037037037,ok,1142.0
02,mutation_8,0,0.5407407407407407,ok,1209.5
02,mutation_8,1,0.7111111111111111,ok,1191.0
02,mutation_8,2,0.6888888888888889,ok,1266.0
02,mutation_8,3,0.8666666666666667,ok,1201.0
02,mutation_8,4,0.4074074074074074,ok,1215.0
02,mutation_8,5,0.7407407407407407,ok,1191.5
02,mutation_8,6,0.7925925925925926,ok,1211.5
02,mutation_8,7,0.45925925925925926,ok,1185.5
02,mutation_8,8,0.02962962962962963,ok,1211.0
02,mutation_8,9,0.7851851851851852,ok,1181.0
02,mutation_8,10,0.8,ok,1230.5
02,mutation_8,11,0.08148148148148149,ok,1195.0
02,mutation_8,12,0.5925925925925926,ok,1204.0
02,mutation_8,13,0.014814814814814815,ok,1223.5
02,mutation_8,14,0.8074074074074075,ok,1202.0
03,base,0,0.7703703703703704,ok,612.0
03,base,1,0.07407407407407407,ok,426.5
03,base,2,0.2814814814814815,ok,423.5
03,base,3,0.9111111111111111,ok,604.5
03,base,4,0.9185185185185185,ok,616.0
03,base,5,0.6370370370370371,ok,571.0
03,base,6,0.9851851851851852,ok,651.0
03,base,7,0.16296296296296298,ok,412.0
03,base,8,0.5555555555555556,ok,600.0
03,base,9,0.022222222222222223,ok,418.0
03,base,10,0.6,ok,637.5
03,base,11,0.9037037037037037,ok,621.0
03,base,12,0.674074074074074,ok,628.5
03,base,13,0.6962962962962963,ok,627.0
03,base,14,0.3111111111111111,ok,412.0
03,mutation_1,0,0.6148148148148148,ok,667.0
03,mutation_1,1,0.037037037037037035,ok,429.0
03,mutation_1,2,0.43703703703703706,ok,428.5
03,mutation_1,3,0.13333333333333333,ok,433.0
03,mutation_1,4,0.7185185185185186,ok,556.5
03,mutation_1,5,0.7555555555555555,ok,653.0
03,mutation_1,6,0.14814814814814814,ok,430.0
03,mutation_1,7,0.9407407407407408,ok,630.0
03,mutation_1,8,0.0,ok,422.5
03,mutation_1,9,0.562962962962963,ok,613.5
03,mutation_1,10,0.8518518518518519,ok,655.5
03,mutation_1,11,0.9481481481481482,ok,587.5
03,mutation_1,12,0.8962962962962963,ok,590.0
03,mutation_1,13,0.9925925925925926,ok,628.5
03,mutation_1,14,0.8888888888888888,ok,614.5
03,mutation_2,0,0.2,ok,424.5
03,mutation_2,1,0.1259259259259259,ok,409.5
03,mutation_2,2,0.2222222222222222,ok,400.0
03,mutation_2,3,0.6444444444444445,ok,560.0
03,mutation_2,4,0.37777777777777777,ok,415.5
03,mutation_2,5,0.9555555555555556,ok,551.0
03,mutation_2,6,0.17037037037037037,ok,425.0
03,mutation_2,7,0.5851851851851851,ok,611.5
03,mutation_2,8,0.4,ok,413.5
03,mutation_2,9,0.1925925925925926,ok,420.5
03,mutation_2,10,0.3925925925925926,ok,424.0
03,mutation_2,11,0.4148148148148148,ok,433.0
03,mutation_2,12,0.4444444444444444,ok,625.5
03,mutation_2,13,0.7333333333333333,ok,627.0
03,mutation_2,14,0.6592592592592592,ok,600.0
03,mutation_3,0,0.6666666666666666,ok,625.0
03,mutation_3,1,0.5777777777777777,ok,556.0
03,mutation_3,2,0.4666666666666667,ok,619.5
03,mutation_3,3,0.6814814814814815,ok,581.5
03,mutation_3,4,0.21481481481481482,ok,434.0
03,mutation_3,5,0.14074074074074075,ok,430.5
03,mutation_3,6,0.18518518518518517,ok,407.5
03,mutation_3,7,0.35555555555555557,ok,422.0
03,mutation_3,8,0.8148148148148148,ok,613.5
03,mutation_3,9,0.9259259259259259,ok,564.0
03,mutation_3,10,0.2518518518518518,ok,418.0
03,mutation_3,11,0.2740740740740741,ok,417.0
03,mutation_3,12,0.9629629629629629,ok,627.5
03,mutation_3,13,0.6296296296296297,ok,654.5
03,mutation_3,14,0.3333333333333333,ok,399.5
03,mutation_4,0,0.28888888888888886,ok,411.0
03,mutation_4,1,0.24444444444444444,ok,397.0
03,mutation_4,2,0.9703703703703703,ok,573.5
03,mutation_4,3,0.007407407407407408,ok,427.0
03,mutation_4,4,0.8814814814814815,ok,585.5
03,mutation_4,5,0.37037037037037035,ok,412.5
03,mutation_4,6,0.1037037037037037,ok,422.5
03,mutation_4,7,0.31851851851851853,ok,428.0
03,mutation_4,8,0.6222222222222222,ok,621.0
03,mutation_4,9,0.8222222222222222,ok,583.5
03,mutation_4,10,0.9777777777777777,ok,653.5
03,mutation_4,11,0.8592592592592593,ok,619.0
03,mutation_4,12,0.23703703703703705,ok,422.0
03,mutation_4,13,0.5703703703703704,ok,626.5
03,mutation_4,14,0.044444444444444446,ok,423.0
03,mutation_5,0,0.9333333333333333,ok,624.5
03,mutation_5,1,0.34074074074074073,ok,411.0
03,mutation_5,2,0.8740740740740741,ok,528.5
03,mutation_5,3,0.48148148148148145,ok,613.0
03,mutation_5,4,0.5333333333333333,ok,599.0
03,mutation_5,5,0.34814814814814815,ok,428.5
03,mutation_5,6,0.5259259259259259,ok,619.5
03,mutation_5,7,0.5037037037037037,ok,614.5
03,mutation_5,8,0.837037037037037,ok,636.0
03,mutation_5,9,0.05925925925925926,ok,414.5
03,mutation_5,10,0.4888888888888889,ok,553.5
03,mutation_5,11,0.5481481481481482,ok,619.5
03,mutation_5,12,0.22962962962962963,ok,415.0
03,mutation_5,13,0.5185185185185185,ok,624.5
03,mutation_5,14,0.8296296296296296,ok,607.5
03,mutation_6,0,0.25925925925925924,ok,413.0
03,mutation_6,1,0.8444444444444444,ok,633.0
03,mutation_6,2,0.6074074074074074,ok,620.0
03,mutation_6,3,0.1111111111111111,ok,419.5
03,mutation_6,4,0.45185185185185184,ok,619.5
03,mutation_6,5,0.4222222222222222,ok,419.5
03,mutation_6,6,0.05185185185185185,ok,405.5
03,mutation_6,7,0.762962962962963,ok,641.5
03,mutation_6,8,0.4962962962962963,ok,628.5
03,mutation_6,9,0.7037037037037037,ok,613.5
03,mutation_6,10,0.0962962962962963,ok,417.5
03,mutation_6,11,0.42962962962962964,ok,419.0
03,mutation_6,12,0.4740740740740741,ok,625.0
03,mutation_6,13,0.7777777777777778,ok,586.0
03,mutation_6,14,0.06666666666666667,ok,431.0
03,mutation_7,0,0.08888888888888889,ok,485.0
03,mutation_7,1,0.725925925925926,ok,648.5
03,mutation_7,2,0.17777777777777778,ok,503.5
03,mutation_7,3,0.15555555555555556,ok,494.5
03,mutation_7,4,0.11851851851851852,ok,488.5
03,mutation_7,5,0.32592592592592595,ok,498.5
03,mutation_7,6,0.2074074074074074,ok,486.5
03,mutation_7,7,0.7481481481481481,ok,718.5
03,mutation_7,8,0.362962962962963,ok,486.5
03,mutation_7,9,0.5111111111111111,ok,742.0
03,mutation_7,10,0.26666666666666666,ok,532.5
03,mutation_7,11,0.3851851851851852,ok,475.0
03,mutation_7,12,0.2962962962962963,ok,495.0
03,mutation_7,13,0.6518518518518519,ok,736.0
03,mutation_7,14,0.3037037037037037,ok,495.5
03,mutation_8,0,0.5407407407407407,ok,1059.0
03,mutation_8,1,0.7111111111111111,ok,1323.5
03,mutation_8,2,0.6888888888888889,ok,1057.5
03,mutation_8,3,0.8666666666666667,ok,1063.5
03,mutation_8,4,0.4074074074074074,ok,798.5
03,mutation_8,5,0.7407407407407407,ok,1096.5
03,mutation_8,6,0.7925925925925926,ok,1316.0
03,mutation_8,7,0.45925925925925926,ok,1279.5
03,mutation_8,8,0.02962962962962963,ok,782.5
03,mutation_8,9,0.7851851851851852,ok,1129.0
03,mutation_8,10,0.8,ok,1285.5
03,mutation_8,11,0.08148148148148149,ok,779.5
03,mutation_8,12,0.5925925925925926,ok,1332.5
03,mutation_8,13,0.014814814814814815,ok,796.5
03,mutation_8,14,0.8074074074074075,ok,1307.0
04,base,0,0.762962962962963,ok,554.5
04,base,1,0.07407407407407407,ok,564.0
04,base,2,0.2814814814814815,ok,581.0
04,base,3,0.9925925925925926,ok,398.5
04,base,4,0.8962962962962963,ok,562.0
04,base,5,0.6370370370370371,ok,586.0
04,base,6,0.9629629629629629,ok,578.5
04,base,7,0.16296296296296298,ok,550.0
04,base,8,0.5555555555555556,ok,558.5
04,base,9,0.022222222222222223,ok,582.5
04,base,10,0.6,ok,552.5
04,base,11,0.8888888888888888,ok,575.5
04,base,12,0.674074074074074,ok,574.0
04,base,13,0.6962962962962963,ok,550.5
04,base,14,0.3111111111111111,ok,490.5
04,mutation_1,0,0.6148148148148148,ok,579.5
04,mutation_1,1,0.037037037037037035,ok,586.0
04,mutation_1,2,0.43703703703703706,ok,593.5
04,mutation_1,3,0.13333333333333333,ok,583.0
04,mutation_1,4,0.7185185185185186,ok,571.5
04,mutation_1,5,0.7481481481481481,ok,577.0
04,mutation_1,6,0.14814814814814814,ok,574.0
04,mutation_1,7,0.9185185185185185,ok,582.5
04,mutation_1,8,0.0,ok,562.0
04,mutation_1,9,0.562962962962963,ok,615.5
04,mutation_1,10,0.8444444444444444,ok,579.0
04,mutation_1,11,0.9259259259259259,ok,566.0
04,mutation_1,12,0.8814814814814815,ok,602.0
04,mutation_1,13,0.9703703703703703,ok,585.5
04,mutation_1,14,0.8740740740740741,ok,573.0
04,mutation_2,0,0.2,ok,569.0
04,mutation_2,1,0.1259259259259259,ok,564.0
04,mutation_2,2,0.2222222222222222,ok,544.5
04,mutation_2,3,0.6444444444444445,ok,562.5
04,mutation_2,4,0.37777777777777777,ok,560.0
04,mutation_2,5,0.9333333333333333,ok,592.0
04,mutation_2,6,0.17037037037037037,ok,568.5
04,mutation_2,7,0.5851851851851851,ok,549.0
04,mutation_2,8,0.4,ok,557.0
04,mutation_2,9,0.1925925925925926,ok,579.0
04,mutation_2,10,0.3925925925925926,ok,609.0
04,mutation_2,11,0.4148148148148148,ok,543.0
04,mutation_2,12,0.4444444444444444,ok,530.5
04,mutation_2,13,0.7333333333333333,ok,583.5
04,mutation_2,14,0.6592592592592592,ok,568.5
04,mutation_3,0,0.6666666666666666,ok,597.0
04,mutation_3,1,0.5777777777777777,ok,590.0
04,mutation_3,2,0.4666666666666667,ok,560.5
04,mutation_3,3,0.6814814814814815,ok,594.5
04,mutation_3,4,0.21481481481481482,ok,562.5
04,mutation_3,5,0.14074074074074075,ok,598.0
04,mutation_3,6,0.18518518518518517,ok,535.0
04,mutation_3,7,0.35555555555555557,ok,558.5
04,mutation_3,8,0.8074074074074075,ok,578.0
04,mutation_3,9,0.9037037037037037,ok,563.5
04,mutation_3,10,0.2518518518518518,ok,602.5
04,mutation_3,11,0.2740740740740741,ok,572.0
04,mutation_3,12,0.9407407407407408,ok,598.0
04,mutation_3,13,0.6296296296296297,ok,560.0
04,mutation_3,14,0.3333333333333333,ok,586.0
04,mutation_4,0,0.28888888888888886,ok,584.0
04,mutation_4,1,0.24444444444444444,ok,589.0
04,mutation_4,2,0.9481481481481482,ok,594.0
04,mutation_4,3,0.007407407407407408,ok,573.0
04,mutation_4,4,0.8666666666666667,ok,574.0
04,mutation_4,5,0.37037037037037035,ok,584.5
04,mutation_4,6,0.1037037037037037,ok,572.5
04,mutation_4,7,0.31851851851851853,ok,571.0
04,mutation_4,8,0.6222222222222222,ok,560.0
04,mutation_4,9,0.8148148148148148,ok,569.5
04,mutation_4,10,0.9555555555555556,ok,573.5
04,mutation_4,11,0.9851851851851852,ok,401.5
04,mutation_4,12,0.23703703703703705,ok,530.0
04,mutation_4,13,0.5703703703703704,ok,590.0
04,mutation_4,14,0.044444444444444446,ok,597.0
04,mutation_5,0,0.9111111111111111,ok,553.5
04,mutation_5,1,0.34074074074074073,ok,572.5
04,mutation_5,2,0.8592592592592593,ok,551.5
04,mutation_5,3,0.48148148148148145,ok,569.0
04,mutation_5,4,0.5333333333333333,ok,608.5
04,mutation_5,5,0.34814814814814815,ok,603.5
04,mutation_5,6,0.5259259259259259,ok,558.5
04,mutation_5,7,0.5037037037037037,ok,575.5
04,mutation_5,8,0.8296296296296296,ok,587.5
04,mutation_5,9,0.05925925925925926,ok,523.5
04,mutation_5,10,0.4888888888888889,ok,583.5
04,mutation_5,11,0.5481481481481482,ok,585.5
04,mutation_5,12,0.22962962962962963,ok,574.0
04,mutation_5,13,0.5185185185185185,ok,579.0
04,mutation_5,14,0.8222222222222222,ok,568.5
04,mutation_6,0,0.25925925925925924,ok,587.0
04,mutation_6,1,0.837037037037037,ok,570.0
04,mutation_6,2,0.6074074074074074,ok,570.0
04,mutation_6,3,0.1111111111111111,ok,552.0
04,mutation_6,4,0.45185185185185184,ok,534.0
04,mutation_6,5,0.4222222222222222,ok,593.0
04,mutation_6,6,0.05185185185185185,ok,571.5
04,mutation_6,7,0.7555555555555555,ok,552.0
04,mutation_6,8,0.4962962962962963,ok,558.0
04,mutation_6,9,0.7037037037037037,ok,564.5
04,mutation_6,10,0.0962962962962963,ok,567.0
04,mutation_6,11,0.42962962962962964,ok,530.5
04,mutation_6,12,0.4740740740740741,ok,614.5
04,mutation_6,13,0.7703703703703704,ok,530.5
04,mutation_6,14,0.06666666666666667,ok,585.5
04,mutation_7,0,0.08888888888888889,ok,622.0
04,mutation_7,1,0.725925925925926,ok,578.5
04,mutation_7,2,0.17777777777777778,ok,592.0
04,mutation_7,3,0.15555555555555556,ok,577.0
04,mutation_7,4,0.11851851851851852,ok,597.5
04,mutation_7,5,0.32592592592592595,ok,587.0
04,mutation_7,6,0.2074074074074074,ok,566.5
04,mutation_7,7,0.9777777777777777,ok,410.0
04,mutation_7,8,0.362962962962963,ok,588.0
04,mutation_7,9,0.5111111111111111,ok,580.5
04,mutation_7,10,0.26666666666666666,ok,593.0
04,mutation_7,11,0.3851851851851852,ok,624.0
04,mutation_7,12,0.2962962962962963,ok,575.5
04,mutation_7,13,0.6518518518518519,ok,580.5
04,mutation_7,14,0.3037037037037037,ok,574.5
04,mutation_8,0,0.5407407407407407,ok,1092.5
04,mutation_8,1,0.7111111111111111,ok,1111.0
04,mutation_8,2,0.6888888888888889,ok,1055.5
04,mutation_8,3,0.8518518518518519,ok,1148.5
04,mutation_8,4,0.4074074074074074,ok,1119.0
04,mutation_8,5,0.7407407407407407,ok,1112.0
04,mutation_8,6,0.7851851851851852,ok,1151.0
04,mutation_8,7,0.45925925925925926,ok,1128.0
04,mutation_8,8,0.02962962962962963,ok,1109.0
04,mutation_8,9,0.7777777777777778,ok,1137.0
04,mutation_8,10,0.7925925925925926,ok,1089.0
04,mutation_8,11,0.08148148148148149,ok,1128.0
04,mutation_8,12,0.5925925925925926,ok,1135.0
04,mutation_8,13,0.014814814814814815,ok,1122.5
04,mutation_8,14,0.8,ok,1108.5
05,base,0,0.7703703703703704,ok,1979.5
05,base,1,0.07407407407407407,ok,2083.0
05,base,2,0.2814814814814815,ok,2045.5
05,base,3,0.9111111111111111,ok,2044.5
05,base,4,0.9185185185185185,ok,2013.5
05,base,5,0.6370370370370371,ok,2020.0
05,base,6,0.9851851851851852,ok,2154.5
05,base,7,0.16296296296296298,ok,2014.0
05,base,8,0.5555555555555556,ok,2022.0
05,base,9,0.022222222222222223,ok,1833.0
05,base,10,0.6,ok,1983.0
05,base,11,0.9037037037037037,ok,2002.5
05,base,12,0.674074074074074,ok,2047.5
05,base,13,0.6962962962962963,ok,2002.0
05,base,14,0.3111111111111111,ok,1717.0
05,mutation_1,0,0.6148148148148148,ok,2117.0
05,mutation_1,1,0.037037037037037035,ok,2156.0
05,mutation_1,2,0.43703703703703706,ok,2147.5
05,mutation_1,3,0.13333333333333333,ok,1978.5
05,mutation_1,4,0.7185185185185186,ok,2102.5
05,mutation_1,5,0.7555555555555555,ok,2106.5
05,mutation_1,6,0.14814814814814814,ok,2096.5
05,mutation_1,7,0.9407407407407408,ok,2085.5
05,mutation_1,8,0.0,ok,2129.5
05,mutation_1,9,0.562962962962963,ok,2102.0
05,mutation_1,10,0.8518518518518519,ok,2079.0
05,mutation_1,11,0.9481481481481482,ok,2118.5
05,mutation_1,12,0.8962962962962963,ok,2110.0
05,mutation_1,13,0.9925925925925926,ok,1996.0
05,mutation_1,14,0.8888888888888888,ok,2043.0
05,mutation_2,0,0.2,ok,1948.5
05,mutation_2,1,0.1259259259259259,ok,2016.0
05,mutation_2,2,0.2222222222222222,ok,2067.0
05,mutation_2,3,0.6444444444444445,ok,1745.0
05,mutation_2,4,0.37777777777777777,ok,2050.5
05,mutation_2,5,0.9555555555555556,ok,1975.0
05,mutation_2,6,0.17037037037037037,ok,2046.5
05,mutation_2,7,0.5851851851851851,ok,1790.0
05,mutation_2,8,0.4,ok,2054.0
05,mutation_2,9,0.1925925925925926,ok,1999.5
05,mutation_2,10,0.3925925925925926,ok,2034.0
05,mutation_2,11,0.4148148148148148,ok,2020.0
05,mutation_2,12,0.4444444444444444,ok,2014.5
05,mutation_2,13,0.7333333333333333,ok,2031.5
05,mutation_2,14,0.6592592592592592,ok,2005.0
05,mutation_3,0,0.6666666666666666,ok,2114.0
05,mutation_3,1,0.5777777777777777,ok,2097.5
05,mutation_3,2,0.4666666666666667,ok,2035.5
05,mutation_3,3,0.6814814814814815,ok,2070.5
05,mutation_3,4,0.21481481481481482,ok,2057.0
05,mutation_3,5,0.14074074074074075,ok,1934.5
05,mutation_3,6,0.18518518518518517,ok,2052.5
05,mutation_3,7,0.35555555555555557,ok,2038.5
05,mutation_3,8,0.8148148148148148,ok,2037.0
05,mutation_3,9,0.9259259259259259,ok,1873.0
05,mutation_3,10,0.2518518518518518,ok,1894.5
05,mutation_3,11,0.2740740740740741,ok,2051.0
05,mutation_3,12,0.9629629629629629,ok,2050.0
05,mutation_3,13,0.6296296296296297,ok,2029.0
05,mutation_3,14,0.3333333333333333,ok,2029.0
05,mutation_4,0,0.28888888888888886,ok,1797.0
05,mutation_4,1,0.24444444444444444,ok,1822.5
05,mutation_4,2,0.9703703703703703,ok,1798.5
05,mutation_4,3,0.007407407407407408,ok,1778.5
05,mutation_4,4,0.8814814814814815,ok,1554.0
05,mutation_4,5,0.37037037037037035,ok,1789.0
05,mutation_4,6,0.1037037037037037,ok,1837.0
05,mutation_4,7,0.31851851851851853,ok,1812.0
05,mutation_4,8,0.6222222222222222,ok,1823.0
05,mutation_4,9,0.8222222222222222,ok,1820.0
05,mutation_4,10,0.9777777777777777,ok,1909.5
05,mutation_4,11,0.8592592592592593,ok,1785.0
05,mutation_4,12,0.23703703703703705,ok,1779.5
05,mutation_4,13,0.5703703703703704,ok,1832.5
05,mutation_4,14,0.044444444444444446,ok,1827.0
05,mutation_5,0,0.9333333333333333,ok,1853.0
05,mutation_5,1,0.34074074074074073,ok,1996.0
05,mutation_5,2,0.8740740740740741,ok,1921.0
05,mutation_5,3,0.48148148148148145,ok,2077.5
05,mutation_5,4,0.5333333333333333,ok,2127.0
05,mutation_5,5,0.34814814814814815,ok,2024.0
05,mutation_5,6,0.5259259259259259,ok,2013.0
05,mutation_5,7,0.5037037037037037,ok,1870.0
05,mutation_5,8,0.837037037037037,ok,2069.5
05,mutation_5,9,0.05925925925925926,ok,2001.5
05,mutation_5,10,0.4888888888888889,ok,1839.0
05,mutation_5,11,0.5481481481481482,ok,2052.0
05,mutation_5,12,0.22962962962962963,ok,1992.0
05,mutation_5,13,0.5185185185185185,ok,2009.0
05,mutation_5,14,0.8296296296296296,ok,2020.0
05,mutation_6,0,0.25925925925925924,ok,1998.0
05,mutation_6,1,0.8444444444444444,ok,1999.5
05,mutation_6,2,0.6074074074074074,ok,1886.0
05,mutation_6,3,0.1111111111111111,ok,2020.0
05,mutation_6,4,0.45185185185185184,ok,2033.5
05,mutation_6,5,0.4222222222222222,ok,2113.5
05,mutation_6,6,0.05185185185185185,ok,2016.5
05,mutation_6,7,0.762962962962963,ok,2060.0
05,mutation_6,8,0.4962962962962963,ok,1867.0
05,mutation_6,9,0.7037037037037037,ok,2043.0
05,mutation_6,10,0.0962962962962963,ok,2076.0
05,mutation_6,11,0.42962962962962964,ok,2055.5
05,mutation_6,12,0.4740740740740741,ok,2005.0
05,mutation_6,13,0.7777777777777778,ok,2112.0
05,mutation_6,14,0.06666666666666667,ok,2039.0
05,mutation_7,0,0.08888888888888889,ok,2041.0
05,mutation_7,1,0.725925925925926,ok,1999.5
05,mutation_7,2,0.17777777777777778,ok,1887.5
05,mutation_7,3,0.15555555555555556,ok,1910.5
05,mutation_7,4,0.11851851851851852,ok,1984.0
05,mutation_7,5,0.32592592592592595,ok,1951.0
05,mutation_7,6,0.2074074074074074,ok,1952.5
05,mutation_7,7,0.7481481481481481,ok,2026.0
05,mutation_7,8,0.362962962962963,ok,2015.0
05,mutation_7,9,0.5111111111111111,ok,1767.5
05,mutation_7,10,0.26666666666666666,ok,1979.0
05,mutation_7,11,0.3851851851851852,ok,1964.5
05,mutation_7,12,0.2962962962962963,ok,2004.0
05,mutation_7,13,0.6518518518518519,ok,1981.0
05,mutation_7,14,0.3037037037037037,ok,1930.0
05,mutation_8,0,0.5407407407407407,ok,2119.5
05,mutation_8,1,0.7111111111111111,ok,1962.5
05,mutation_8,2,0.6888888888888889,ok,1923.0
05,mutation_8,3,0.8666666666666667,ok,2152.0
05,mutation_8,4,0.4074074074074074,ok,2172.5
05,mutation_8,5,0.7407407407407407,ok,2177.0
05,mutation_8,6,0.7925925925925926,ok,2140.5
05,mutation_8,7,0.45925925925925926,ok,2140.0
05,mutation_8,8,0.02962962962962963,ok,2155.5
05,mutation_8,9,0.7851851851851852,ok,2147.0
05,mutation_8,10,0.8,ok,2166.0
05,mutation_8,11,0.08148148148148149,ok,2104.5
05,mutation_8,12,0.5925925925925926,ok,2092.5
05,mutation_8,13,0.014814814814814815,ok,2037.5
05,mutation_8,14,0.8074074074074075,ok,2182.0
06,base,0,0.7703703703703704,ok,635.0
06,base,1,0.07407407407407407,ok,639.0
06,base,2,0.2814814814814815,ok,510.5
06,base,3,0.9111111111111111,ok,644.5
06,base,4,0.9185185185185185,ok,588.5
06,base,5,0.6370370370370371,ok,654.5
06,base,6,0.9851851851851852,ok,649.5
06,base,7,0.16296296296296298,ok,638.5
06,base,8,0.5555555555555556,ok,649.5
06,base,9,0.022222222222222223,ok,663.0
06,base,10,0.6,ok,635.5
06,base,11,0.9037037037037037,ok,629.0
06,base,12,0.674074074074074,ok,666.0
06,base,13,0.6962962962962963,ok,621.5
06,base,14,0.3111111111111111,ok,567.0
06,mutation_1,0,0.6148148148148148,ok,679.0
06,mutation_1,1,0.037037037037037035,ok,659.5
06,mutation_1,2,0.43703703703703706,ok,663.5
06,mutation_1,3,0.13333333333333333,ok,651.0
06,mutation_1,4,0.7185185185185186,ok,693.0
06,mutation_1,5,0.7555555555555555,ok,626.0
06,mutation_1,6,0.14814814814814814,ok,618.5
06,mutation_1,7,0.9407407407407408,ok,608.0
06,mutation_1,8,0.0,ok,551.5
06,mutation_1,9,0.562962962962963,ok,634.5
06,mutation_1,10,0.8518518518518519,ok,704.5
06,mutation_1,11,0.9481481481481482,ok,648.0
06,mutation_1,12,0.8962962962962963,ok,666.0
06,mutation_1,13,0.9925925925925926,ok,578.5
06,mutation_1,14,0.8888888888888888,ok,665.5
06,mutation_2,0,0.2,ok,631.5
06,mutation_2,1,0.1259259259259259,ok,549.5
06,mutation_2,2,0.2222222222222222,ok,616.0
06,mutation_2,3,0.6444444444444445,ok,613.0
06,mutation_2,4,0.37777777777777777,ok,609.5
06,mutation_2,5,0.9555555555555556,ok,613.5
06,mutation_2,6,0.17037037037037037,ok,600.5
06,mutation_2,7,0.5851851851851851,ok,624.0
06,mutation_2,8,0.4,ok,623.0
06,mutation_2,9,0.1925925925925926,ok,529.5
06,mutation_2,10,0.3925925925925926,ok,587.5
06,mutation_2,11,0.4148148148148148,ok,601.5
06,mutation_2,12,0.4444444444444444,ok,601.0
06,mutation_2,13,0.7333333333333333,ok,590.0
06,mutation_2,14,0.6592592592592592,ok,583.0
06,mutation_3,0,0.6666666666666666,ok,663.5
06,mutation_3,1,0.5777777777777777,ok,660.0
06,mutation_3,2,0.4666666666666667,ok,621.0
06,mutation_3,3,0.6814814814814815,ok,644.5
06,mutation_3,4,0.21481481481481482,ok,666.5
06,mutation_3,5,0.14074074074074075,ok,638.5
06,mutation_3,6,0.18518518518518517,ok,636.5
06,mutation_3,7,0.35555555555555557,ok,678.0
06,mutation_3,8,0.8148148148148148,ok,685.5
06,mutation_3,9,0.9259259259259259,ok,644.5
06,mutation_3,10,0.2518518518518518,ok,594.5
06,mutation_3,11,0.2740740740740741,ok,662.5
06,mutation_3,12,0.9629629629629629,ok,648.0
06,mutation_3,13,0.6296296296296297,ok,674.0
06,mutation_3,14,0.3333333333333333,ok,664.5
06,mutation_4,0,0.28888888888888886,ok,639.0
06,mutation_4,1,0.24444444444444444,ok,684.0
06,mutation_4,2,0.9703703703703703,ok,657.5
06,mutation_4,3,0.007407407407407408,ok,576.5
06,mutation_4,4,0.8814814814814815,ok,673.5
06,mutation_4,5,0.37037037037037035,ok,648.5
06,mutation_4,6,0.1037037037037037,ok,675.0
06,mutation_4,7,0.31851851851851853,ok,637.0
06,mutation_4,8,0.6222222222222222,ok,674.0
06,mutation_4,9,0.8222222222222222,ok,642.0
06,mutation_4,10,0.9777777777777777,ok,658.0
06,mutation_4,11,0.8592592592592593,ok,662.5
06,mutation_4,12,0.23703703703703705,ok,659.0
06,mutation_4,13,0.5703703703703704,ok,674.0
06,mutation_4,14,0.044444444444444446,ok,672.0
06,mutation_5,0,0.9333333333333333,ok,597.0
06,mutation_5,1,0.34074074074074073,ok,626.0
06,mutation_5,2,0.8740740740740741,ok,647.0
06,mutation_5,3,0.48148148148148145,ok,646.5
06,mutation_5,4,0.5333333333333333,ok,638.5
06,mutation_5,5,0.34814814814814815,ok,616.5
06,mutation_5,6,0.5259259259259259,ok,645.0
06,mutation_5,7,0.5037037037037037,ok,613.0
06,mutation_5,8,0.837037037037037,ok,635.5
06,mutation_5,9,0.05925925925925926,ok,585.5
06,mutation_5,10,0.4888888888888889,ok,582.5
06,mutation_5,11,0.5481481481481482,ok,628.0
06,mutation_5,12,0.22962962962962963,ok,630.5
06,mutation_5,13,0.5185185185185185,ok,629.0
06,mutation_5,14,0.8296296296296296,ok,639.5
06,mutation_6,0,0.25925925925925924,ok,639.0
06,mutation_6,1,0.8444444444444444,ok,642.5
06,mutation_6,2,0.6074074074074074,ok,637.5
06,mutation_6,3,0.1111111111111111,ok,625.5
06,mutation_6,4,0.45185185185185184,ok,619.5
06,mutation_6,5,0.4222222222222222,ok,617.0
06,mutation_6,6,0.05185185185185185,ok,639.0
06,mutation_6,7,0.762962962962963,ok,648.5
06,mutation_6,8,0.4962962962962963,ok,657.0
06,mutation_6,9,0.7037037037037037,ok,626.0
06,mutation_6,10,0.0962962962962963,ok,654.5
06,mutation_6,11,0.42962962962962964,ok,648.0
06,mutation_6,12,0.4740740740740741,ok,626.0
06,mutation_6,13,0.7777777777777778,ok,643.0
06,mutation_6,14,0.06666666666666667,ok,687.5
06,mutation_7,0,0.08888888888888889,ok,742.5
06,mutation_7,1,0.725925925925926,ok,726.5
06,mutation_7,2,0.17777777777777778,ok,703.5
06,mutation_7,3,0.15555555555555556,ok,738.0
06,mutation_7,4,0.11851851851851852,ok,744.0
06,mutation_7,5,0.32592592592592595,ok,731.0
06,mutation_7,6,0.2074074074074074,ok,750.0
06,mutation_7,7,0.7481481481481481,ok,735.5
06,mutation_7,8,0.362962962962963,ok,737.5
06,mutation_7,9,0.5111111111111111,ok,739.5
06,mutation_7,10,0.26666666666666666,ok,698.0
06,mutation_7,11,0.3851851851851852,ok,714.5
06,mutation_7,12,0.2962962962962963,ok,728.0
06,mutation_7,13,0.6518518518518519,ok,738.0
06,mutation_7,14,0.3037037037037037,ok,626.5
06,mutation_8,0,0.5407407407407407,ok,1335.5
06,mutation_8,1,0.7111111111111111,ok,1292.0
06,mutation_8,2,0.6888888888888889,ok,1360.5
06,mutation_8,3,0.8666666666666667,ok,1246.5
06,mutation_8,4,0.4074074074074074,ok,1375.0
06,mutation_8,5,0.7407407407407407,ok,1343.5
06,mutation_8,6,0.7925925925925926,ok,1334.0
06,mutation_8,7,0.45925925925925926,ok,1222.5
06,mutation_8,8,0.02962962962962963,ok,1370.0
06,mutation_8,9,0.7851851851851852,ok,1353.0
06,mutation_8,10,0.8,ok,1123.5
06,mutation_8,11,0.08148148148148149,ok,1369.5
06,mutation_8,12,0.5925925925925926,ok,1261.0
06,mutation_8,13,0.014814814814814815,ok,1345.0
06,mutation_8,14,0.8074074074074075,ok,1220.0
07,base,0,0.762962962962963,ok,941.0
07,base,1,0.07407407407407407,ok,918.5
07,base,2,0.2814814814814815,ok,937.0
07,base,3,0.9037037037037037,ok,930.0
07,base,4,0.9111111111111111,ok,935.5
07,base,5,0.6370370370370371,ok,950.0
07,base,6,0.9777777777777777,ok,887.5
07,base,7,0.16296296296296298,ok,927.0
07,base,8,0.5555555555555556,ok,929.0
07,base,9,0.022222222222222223,ok,944.0
07,base,10,0.6,ok,854.5
07,base,11,0.8962962962962963,ok,946.0
07,base,12,0.674074074074074,ok,921.0
07,base,13,0.6888888888888889,ok,902.5
07,base,14,0.3111111111111111,ok,912.5
07,mutation_1,0,0.6148148148148148,ok,924.0
07,mutation_1,1,0.037037037037037035,ok,957.0
07,mutation_1,2,0.43703703703703706,ok,960.0
07,mutation_1,3,0.13333333333333333,ok,807.5
07,mutation_1,4,0.7111111111111111,ok,823.5
07,mutation_1,5,0.7481481481481481,ok,860.5
07,mutation_1,6,0.14814814814814814,ok,967.5
07,mutation_1,7,0.9333333333333333,ok,927.0
07,mutation_1,8,0.0,ok,954.0
07,mutation_1,9,0.562962962962963,ok,859.0
07,mutation_1,10,0.8444444444444444,ok,917.5
07,mutation_1,11,0.9407407407407408,ok,926.5
07,mutation_1,12,0.8888888888888888,ok,932.5
07,mutation_1,13,0.9851851851851852,ok,951.5
07,mutation_1,14,0.8814814814814815,ok,967.5
07,mutation_2,0,0.2,ok,911.5
07,mutation_2,1,0.1259259259259259,ok,901.0
07,mutation_2,2,0.2222222222222222,ok,919.0
07,mutation_2,3,0.6444444444444445,ok,914.0
07,mutation_2,4,0.37777777777777777,ok,907.0
07,mutation_2,5,0.9481481481481482,ok,905.5
07,mutation_2,6,0.17037037037037037,ok,811.5
07,mutation_2,7,0.5851851851851851,ok,911.0
07,mutation_2,8,0.4,ok,859.0
07,mutation_2,9,0.1925925925925926,ok,902.5
07,mutation_2,10,0.3925925925925926,ok,913.5
07,mutation_2,11,0.4148148148148148,ok,881.5
07,mutation_2,12,0.4444444444444444,ok,920.0
07,mutation_2,13,0.725925925925926,ok,916.0
07,mutation_2,14,0.6592592592592592,ok,923.0
07,mutation_3,0,0.6666666666666666,ok,930.5
07,mutation_3,1,0.5777777777777777,ok,936.5
07,mutation_3,2,0.4666666666666667,ok,901.0
07,mutation_3,3,0.9925925925925926,ok,948.5
07,mutation_3,4,0.21481481481481482,ok,950.5
07,mutation_3,5,0.14074074074074075,ok,934.5
07,mutation_3,6,0.18518518518518517,ok,947.0
07,mutation_3,7,0.35555555555555557,ok,908.0
07,mutation_3,8,0.8074074074074075,ok,971.0
07,mutation_3,9,0.9185185185185185,ok,989.5
07,mutation_3,10,0.2518518518518518,ok,915.0
07,mutation_3,11,0.2740740740740741,ok,945.0
07,mutation_3,12,0.9555555555555556,ok,938.5
07,mutation_3,13,0.6296296296296297,ok,956.0
07,mutation_3,14,0.3333333333333333,ok,967.0
07,mutation_4,0,0.28888888888888886,ok,969.0
07,mutation_4,1,0.24444444444444444,ok,968.5
07,mutation_4,2,0.9629629629629629,ok,990.0
07,mutation_4,3,0.007407407407407408,ok,922.0
07,mutation_4,4,0.8740740740740741,ok,947.0
07,mutation_4,5,0.37037037037037035,ok,989.5
07,mutation_4,6,0.1037037037037037,ok,976.0
07,mutation_4,7,0.31851851851851853,ok,994.0
07,mutation_4,8,0.6222222222222222,ok,980.0
07,mutation_4,9,0.8148148148148148,ok,961.0
07,mutation_4,10,0.9703703703703703,ok,947.5
07,mutation_4,11,0.8518518518518519,ok,842.0
07,mutation_4,12,0.23703703703703705,ok,901.5
07,mutation_4,13,0.5703703703703704,ok,920.5
07,mutation_4,14,0.044444444444444446,ok,975.5
07,mutation_5,0,0.9259259259259259,ok,837.0
07,mutation_5,1,0.34074074074074073,ok,850.0
07,mutation_5,2,0.8666666666666667,ok,820.0
07,mutation_5,3,0.48148148148148145,ok,809.5
07,mutation_5,4,0.5333333333333333,ok,739.5
07,mutation_5,5,0.34814814814814815,ok,819.5
07,mutation_5,6,0.5259259259259259,ok,830.5
07,mutation_5,7,0.5037037037037037,ok,826.0
07,mutation_5,8,0.8296296296296296,ok,636.0
07,mutation_5,9,0.05925925925925926,ok,807.0
07,mutation_5,10,0.4888888888888889,ok,831.5
07,mutation_5,11,0.5481481481481482,ok,824.0
07,mutation_5,12,0.22962962962962963,ok,712.0
07,mutation_5,13,0.5185185185185185,ok,870.0
07,mutation_5,14,0.8222222222222222,ok,812.5
07,mutation_6,0,0.25925925925925924,ok,944.0
07,mutation_6,1,0.837037037037037,ok,925.0
07,mutation_6,2,0.6074074074074074,ok,929.0
07,mutation_6,3,0.1111111111111111,ok,931.0
07,mutation_6,4,0.45185185185185184,ok,950.5
07,mutation_6,5,0.4222222222222222,ok,922.5
07,mutation_6,6,0.05185185185185185,ok,931.5
07,mutation_6,7,0.7555555555555555,ok,935.5
07,mutation_6,8,0.4962962962962963,ok,874.5
07,mutation_6,9,0.6962962962962963,ok,911.5
07,mutation_6,10,0.0962962962962963,ok,945.5
07,mutation_6,11,0.42962962962962964,ok,969.0
07,mutation_6,12,0.4740740740740741,ok,947.5
07,mutation_6,13,0.7703703703703704,ok,919.5
07,mutation_6,14,0.06666666666666667,ok,867.5
07,mutation_7,0,0.08888888888888889,ok,1064.0
07,mutation_7,1,0.7185185185185186,ok,1033.5
07,mutation_7,2,0.17777777777777778,ok,1011.5
07,mutation_7,3,0.15555555555555556,ok,1017.0
07,mutation_7,4,0.11851851851851852,ok,1020.0
07,mutation_7,5,0.32592592592592595,ok,967.5
07,mutation_7,6,0.2074074074074074,ok,1004.5
07,mutation_7,7,0.7407407407407407,ok,971.0
07,mutation_7,8,0.362962962962963,ok,1031.0
07,mutation_7,9,0.5111111111111111,ok,1023.5
07,mutation_7,10,0.26666666666666666,ok,940.0
07,mutation_7,11,0.3851851851851852,ok,976.5
07,mutation_7,12,0.2962962962962963,ok,1007.0
07,mutation_7,13,0.6518518518518519,ok,1011.0
07,mutation_7,14,0.3037037037037037,ok,1005.5
07,mutation_8,0,0.5407407407407407,ok,1412.5
07,mutation_8,1,0.7037037037037037,ok,1535.0
07,mutation_8,2,0.6814814814814815,ok,1482.5
07,mutation_8,3,0.8592592592592593,ok,1243.0
07,mutation_8,4,0.4074074074074074,ok,1323.5
07,mutation_8,5,0.7333333333333333,ok,1499.5
07,mutation_8,6,0.7851851851851852,ok,1505.5
07,mutation_8,7,0.45925925925925926,ok,1496.5
07,mutation_8,8,0.02962962962962963,ok,1544.5
07,mutation_8,9,0.7777777777777778,ok,1514.5
07,mutation_8,10,0.7925925925925926,ok,1504.0
07,mutation_8,11,0.08148148148148149,ok,1539.0
07,mutation_8,12,0.5925925925925926,ok,1459.0
07,mutation_8,13,0.014814814814814815,ok,1432.0
07,mutation_8,14,0.8,ok,1407.0
08,base,0,0.6,ok,1263.5
08,base,1,0.2,ok,1277.5
08,base,2,0.425,ok,1268.5
08,base,3,0.8333333333333334,ok,1186.0
08,base,4,0.7333333333333333,ok,1300.5
08,base,5,0.5083333333333333,ok,1306.5
08,base,6,0.375,ok,1301.5
08,base,7,0.19166666666666668,ok,1239.0
08,base,8,0.15833333333333333,ok,1289.5
08,base,9,0.0,ok,1273.5
08,base,10,0.48333333333333334,ok,1124.0
08,base,11,0.7583333333333333,ok,1083.0
08,base,12,0.525,ok,1000.0
08,base,13,0.7916666666666666,ok,936.0
08,base,14,0.8416666666666667,ok,1291.0
08,mutation_1,0,0.9166666666666666,failed,
08,mutation_1,1,0.8583333333333333,failed,
08,mutation_1,2,0.9833333333333333,failed,
08,mutation_1,3,0.9083333333333333,failed,
08,mutation_1,4,0.9416666666666667,failed,
08,mutation_1,5,0.95,failed,
08,mutation_1,6,0.875,failed,
08,mutation_1,7,0.8833333333333333,failed,
08,mutation_1,8,0.8916666666666667,failed,
08,mutation_1,9,0.9,failed,
08,mutation_1,10,0.9583333333333334,failed,
08,mutation_1,11,0.8666666666666667,failed,
08,mutation_1,12,0.975,failed,
08,mutation_1,13,0.9916666666666667,failed,
08,mutation_1,14,0.9666666666666667,failed,
08,mutation_2,0,0.041666666666666664,ok,1196.5
08,mutation_2,1,0.8083333333333333,ok,1067.5
08,mutation_2,2,0.10833333333333334,ok,1260.5
08,mutation_2,3,0.925,ok,791.5
08,mutation_2,4,0.2833333333333333,ok,1283.0
08,mutation_2,5,0.8166666666666667,ok,1096.0
08,mutation_2,6,0.4583333333333333,ok,1282.0
08,mutation_2,7,0.475,ok,1125.5
08,mutation_2,8,0.3,ok,1324.5
08,mutation_2,9,0.26666666666666666,ok,906.5
08,mutation_2,10,0.35,ok,1297.5
08,mutation_2,11,0.24166666666666667,ok,1313.0
08,mutation_2,12,0.4166666666666667,ok,1304.5
08,mutation_2,13,0.5833333333333334,ok,1043.0
08,mutation_2,14,0.9333333333333333,ok,794.0
08,mutation_3,0,0.5166666666666667,ok,1262.5
08,mutation_3,1,0.4666666666666667,ok,1260.5
08,mutation_3,2,0.08333333333333333,ok,1069.5
08,mutation_3,3,0.5333333333333333,ok,1207.0
08,mutation_3,4,0.4,ok,981.5
08,mutation_3,5,0.25,ok,1277.0
08,mutation_3,6,0.14166666666666666,ok,1275.5
08,mutation_3,7,0.23333333333333334,ok,1068.0
08,mutation_3,8,0.6416666666666667,ok,1026.5
08,mutation_3,9,0.7416666666666667,ok,1231.5
08,mutation_3,10,0.31666666666666665,ok,1153.5
08,mutation_3,11,0.38333333333333336,ok,1288.5
08,mutation_3,12,0.625,ok,1335.0
08,mutation_3,13,0.5,ok,1042.5
08,mutation_3,14,0.30833333333333335,ok,1287.0
08,mutation_4,0,0.2916666666666667,ok,1311.0
08,mutation_4,1,0.16666666666666666,ok,1277.0
08,mutation_4,2,0.11666666666666667,ok,1342.0
08,mutation_4,3,0.3333333333333333,ok,1326.0
08,mutation_4,4,0.7083333333333334,ok,1233.5
08,mutation_4,5,0.3416666666666667,ok,1289.5
08,mutation_4,6,0.25833333333333336,ok,1342.0
08,mutation_4,7,0.275,ok,1104.0
08,mutation_4,8,0.15,ok,1183.5
08,mutation_4,9,0.7666666666666667,ok,1302.5
08,mutation_4,10,0.21666666666666667,ok,1324.5
08,mutation_4,11,0.6833333333333333,ok,1350.0
08,mutation_4,12,0.44166666666666665,ok,1277.0
08,mutation_4,13,0.45,ok,1297.5
08,mutation_4,14,0.49166666666666664,ok,1316.5
08,mutation_5,0,0.75,ok,590.5
08,mutation_5,1,0.325,ok,587.0
08,mutation_5,2,0.7,ok,597.5
08,mutation_5,3,0.20833333333333334,ok,582.5
08,mutation_5,4,0.09166666666666666,ok,582.5
08,mutation_5,5,0.225,ok,596.0
08,mutation_5,6,0.85,ok,619.0
08,mutation_5,7,0.125,ok,628.5
08,mutation_5,8,0.6666666666666666,ok,606.0
08,mutation_5,9,0.008333333333333333,ok,597.0
08,mutation_5,10,0.575,ok,598.5
08,mutation_5,11,0.7833333333333333,ok,607.0
08,mutation_5,12,0.058333333333333334,ok,596.0
08,mutation_5,13,0.1,ok,597.5
08,mutation_5,14,0.6583333333333333,ok,561.0
08,mutation_7,0,0.39166666666666666,ok,2383.5
08,mutation_7,1,0.675,ok,2416.5
08,mutation_7,2,0.03333333333333333,ok,2380.5
08,mutation_7,3,0.05,ok,2405.0
08,mutation_7,4,0.825,ok,2316.0
08,mutation_7,5,0.016666666666666666,ok,2420.0
08,mutation_7,6,0.06666666666666667,ok,2416.0
08,mutation_7,7,0.13333333333333333,ok,2397.5
08,mutation_7,8,0.175,ok,2319.0
08,mutation_7,9,0.35833333333333334,ok,2371.0
08,mutation_7,10,0.5666666666666667,ok,2437.0
08,mutation_7,11,0.5416666666666666,ok,2204.0
08,mutation_7,12,0.6916666666666667,ok,2144.0
08,mutation_7,13,0.43333333333333335,ok,2409.0
08,mutation_7,14,0.5916666666666667,ok,2228.5
08,mutation_8,0,0.6166666666666667,ok,1908.5
08,mutation_8,1,0.7166666666666667,ok,1921.0
08,mutation_8,2,0.65,ok,1661.5
08,mutation_8,3,0.18333333333333332,ok,1935.0
08,mutation_8,4,0.075,ok,1904.0
08,mutation_8,5,0.55,ok,1633.0
08,mutation_8,6,0.775,ok,1938.5
08,mutation_8,7,0.36666666666666664,ok,1926.0
08,mutation_8,8,0.6333333333333333,ok,1915.0
08,mutation_8,9,0.025,ok,1808.5
08,mutation_8,10,0.6083333333333333,ok,1582.0
08,mutation_8,11,0.8,ok,1821.0
08,mutation_8,12,0.725,ok,1764.0
08,mutation_8,13,0.4083333333333333,ok,1930.0
08,mutation_8,14,0.5583333333333333,ok,1949.5
10,base,0,0.762962962962963,ok,1377.0
10,base,1,0.07407407407407407,ok,1428.0
10,base,2,0.2814814814814815,ok,1389.5
10,base,3,0.8962962962962963,ok,1366.5
10,base,4,0.9037037037037037,ok,1410.5
10,base,5,0.6296296296296297,ok,1320.0
10,base,6,0.9703703703703703,ok,1381.5
10,base,7,0.16296296296296298,ok,1365.0
10,base,8,0.5481481481481482,ok,1341.5
10,base,9,0.022222222222222223,ok,1413.5
10,base,10,0.5925925925925926,ok,1412.0
10,base,11,0.8888888888888888,ok,1390.5
10,base,12,0.6666666666666666,ok,1429.5
10,base,13,0.6888888888888889,ok,1457.5
10,base,14,0.3037037037037037,ok,1181.0
10,mutation_1,0,0.6074074074074074,ok,1347.5
10,mutation_1,1,0.037037037037037035,ok,1457.5
10,mutation_1,2,0.42962962962962964,ok,1359.5
10,mutation_1,3,0.13333333333333333,ok,1393.5
10,mutation_1,4,0.7111111111111111,ok,1410.5
10,mutation_1,5,0.7481481481481481,ok,1384.5
10,mutation_1,6,0.14814814814814814,ok,1391.5
10,mutation_1,7,0.9259259259259259,ok,1374.5
10,mutation_1,8,0.0,ok,1388.0
10,mutation_1,9,0.5555555555555556,ok,1352.0
10,mutation_1,10,0.837037037037037,ok,1427.5
10,mutation_1,11,0.9333333333333333,ok,1392.0
10,mutation_1,12,0.8814814814814815,ok,1361.5
10,mutation_1,13,0.9777777777777777,ok,1402.5
10,mutation_1,14,0.8740740740740741,ok,1375.5
10,mutation_2,0,0.2,ok,1339.5
10,mutation_2,1,0.1259259259259259,ok,1353.5
10,mutation_2,2,0.2222222222222222,ok,1387.0
10,mutation_2,3,0.6370370370370371,ok,1346.5
10,mutation_2,4,0.37037037037037035,ok,1382.5
10,mutation_2,5,0.9407407407407408,ok,1364.5
10,mutation_2,6,0.17037037037037037,ok,1373.5
10,mutation_2,7,0.5777777777777777,ok,1338.0
10,mutation_2,8,0.3925925925925926,ok,1116.5
10,mutation_2,9,0.1925925925925926,ok,1423.5
10,mutation_2,10,0.3851851851851852,ok,1210.0
10,mutation_2,11,0.4074074074074074,ok,1375.5
10,mutation_2,12,0.43703703703703706,ok,1398.5
10,mutation_2,13,0.725925925925926,ok,1416.5
10,mutation_2,14,0.6518518518518519,ok,1364.5
10,mutation_3,0,0.6592592592592592,ok,1375.5
10,mutation_3,1,0.5703703703703704,ok,1304.5
10,mutation_3,2,0.45925925925925926,ok,1180.5
10,mutation_3,3,0.674074074074074,ok,1361.5
10,mutation_3,4,0.21481481481481482,ok,1477.0
10,mutation_3,5,0.14074074074074075,ok,1399.5
10,mutation_3,6,0.18518518518518517,ok,1369.5
10,mutation_3,7,0.34814814814814815,ok,1323.5
10,mutation_3,8,0.8074074074074075,ok,1339.5
10,mutation_3,9,0.9111111111111111,ok,1170.5
10,mutation_3,10,0.2518518518518518,ok,1291.5
10,mutation_3,11,0.2740740740740741,ok,1258.5
10,mutation_3,12,0.9481481481481482,ok,1251.5
10,mutation_3,13,0.6222222222222222,ok,1112.0
10,mutation_3,14,0.32592592592592595,ok,1095.0
10,mutation_4,0,0.28888888888888886,ok,1378.5
10,mutation_4,1,0.24444444444444444,ok,1390.5
10,mutation_4,2,0.9555555555555556,ok,1334.0
10,mutation_4,3,0.007407407407407408,ok,1419.5
10,mutation_4,4,0.8666666666666667,ok,1392.0
10,mutation_4,5,0.362962962962963,ok,1247.5
10,mutation_4,6,0.1037037037037037,ok,1429.0
10,mutation_4,7,0.3111111111111111,ok,1407.5
10,mutation_4,8,0.6148148148148148,ok,1395.5
10,mutation_4,9,0.8148148148148148,ok,1397.0
10,mutation_4,10,0.9629629629629629,ok,1386.0
10,mutation_4,11,0.8444444444444444,ok,1274.0
10,mutation_4,12,0.23703703703703705,ok,1435.5
10,mutation_4,13,0.562962962962963,ok,1367.0
10,mutation_4,14,0.044444444444444446,ok,1363.5
10,mutation_5,0,0.9185185185185185,ok,1348.5
10,mutation_5,1,0.3333333333333333,ok,1363.0
10,mutation_5,2,0.8592592592592593,ok,1382.5
10,mutation_5,3,0.4740740740740741,ok,1313.0
10,mutation_5,4,0.5259259259259259,ok,1386.5
10,mutation_5,5,0.34074074074074073,ok,1375.5
10,mutation_5,6,0.5185185185185185,ok,1337.5
10,mutation_5,7,0.4962962962962963,ok,1364.0
10,mutation_5,8,0.9925925925925926,ok,1447.0
10,mutation_5,9,0.05925925925925926,ok,1327.5
10,mutation_5,10,0.48148148148148145,ok,1332.5
10,mutation_5,11,0.5407407407407407,ok,1339.5
10,mutation_5,12,0.22962962962962963,ok,1326.5
10,mutation_5,13,0.5111111111111111,ok,1404.5
10,mutation_5,14,0.8222222222222222,ok,1359.0
10,mutation_6,0,0.25925925925925924,ok,1147.5
10,mutation_6,1,0.8296296296296296,ok,1181.0
10,mutation_6,2,0.6,ok,1332.0
10,mutation_6,3,0.1111111111111111,ok,1386.0
10,mutation_6,4,0.4444444444444444,ok,1387.5
10,mutation_6,5,0.4148148148148148,ok,1363.0
10,mutation_6,6,0.05185185185185185,ok,1313.5
10,mutation_6,7,0.7555555555555555,ok,1252.0
10,mutation_6,8,0.4888888888888889,ok,1364.0
10,mutation_6,9,0.6962962962962963,ok,1394.0
10,mutation_6,10,0.0962962962962963,ok,1352.0
10,mutation_6,11,0.4222222222222222,ok,1384.0
10,mutation_6,12,0.4666666666666667,ok,1335.5
10,mutation_6,13,0.7703703703703704,ok,1420.5
10,mutation_6,14,0.06666666666666667,ok,1362.0
10,mutation_7,0,0.08888888888888889,ok,1578.0
10,mutation_7,1,0.7185185185185186,ok,1621.0
10,mutation_7,2,0.17777777777777778,ok,1598.0
10,mutation_7,3,0.15555555555555556,ok,1581.0
10,mutation_7,4,0.11851851851851852,ok,1623.0
10,mutation_7,5,0.31851851851851853,ok,1394.5
10,mutation_7,6,0.2074074074074074,ok,1631.5
10,mutation_7,7,0.7407407407407407,ok,1588.5
10,mutation_7,8,0.35555555555555557,ok,1588.5
10,mutation_7,9,0.5037037037037037,ok,1588.5
10,mutation_7,10,0.26666666666666666,ok,1599.5
10,mutation_7,11,0.37777777777777777,ok,1602.5
10,mutation_7,12,0.9851851851851852,ok,1676.5
10,mutation_7,13,0.6444444444444445,ok,1572.5
10,mutation_7,14,0.2962962962962963,ok,1634.0
10,mutation_8,0,0.5333333333333333,ok,1526.5
10,mutation_8,1,0.7037037037037037,ok,1515.5
10,mutation_8,2,0.6814814814814815,ok,1503.0
10,mutation_8,3,0.8518518518518519,ok,1515.5
10,mutation_8,4,0.4,ok,1581.5
10,mutation_8,5,0.7333333333333333,ok,1476.0
10,mutation_8,6,0.7851851851851852,ok,1512.0
10,mutation_8,7,0.45185185185185184,ok,1557.5
10,mutation_8,8,0.02962962962962963,ok,1536.0
10,mutation_8,9,0.7777777777777778,ok,1360.5
10,mutation_8,10,0.7925925925925926,ok,1521.0
10,mutation_8,11,0.08148148148148149,ok,1357.5
10,mutation_8,12,0.5851851851851851,ok,1336.0
10,mutation_8,13,0.014814814814814815,ok,1529.0
10,mutation_8,14,0.8,ok,1480.5
11,base,0,0.6833333333333333,ok,3043.5
11,base,1,0.20833333333333334,ok,2403.0
11,base,2,0.4666666666666667,ok,2986.0
11,base,3,0.9416666666666667,ok,3064.5
11,base,4,0.825,ok,3089.0
11,base,5,0.5583333333333333,ok,3103.5
11,base,6,0.4166666666666667,ok,3050.5
11,base,7,0.2,ok,2404.5
11,base,8,0.16666666666666666,ok,3053.5
11,base,9,0.0,ok,3009.5
11,base,10,0.525,ok,3024.0
11,base,11,0.85,ok,3059.0
11,base,12,0.5916666666666667,ok,3038.0
11,base,13,0.8833333333333333,ok,3062.0
11,base,14,0.95,ok,3049.5
11,mutation_1,0,0.5416666666666666,ok,3098.0
11,mutation_1,1,0.11666666666666667,ok,3019.0
11,mutation_1,2,0.9,ok,3125.0
11,mutation_1,3,0.975,ok,1817.5
11,mutation_1,4,0.6416666666666667,ok,3086.5
11,mutation_1,5,0.675,ok,3041.5
11,mutation_1,6,0.24166666666666667,ok,3091.5
11,mutation_1,7,0.35,ok,3066.5
11,mutation_1,8,0.375,ok,3113.5
11,mutation_1,9,0.4083333333333333,ok,3094.0
11,mutation_1,10,0.7583333333333333,ok,3115.0
11,mutation_1,11,0.225,ok,2475.5
11,mutation_1,12,0.8083333333333333,ok,3115.5
11,mutation_1,13,0.9083333333333333,ok,3090.0
11,mutation_1,14,0.8,ok,3104.0
11,mutation_2,0,0.041666666666666664,ok,2863.5
11,mutation_2,1,0.9166666666666666,ok,2960.0
11,mutation_2,2,0.10833333333333334,ok,2999.0
11,mutation_2,3,0.5666666666666667,ok,3062.0
11,mutation_2,4,0.3,ok,3045.0
11,mutation_2,5,0.925,ok,2958.0
11,mutation_2,6,0.5,ok,2980.0
11,mutation_2,7,0.5166666666666667,ok,2997.5
11,mutation_2,8,0.31666666666666665,ok,2984.0
11,mutation_2,9,0.2833333333333333,ok,2962.5
11,mutation_2,10,0.38333333333333336,ok,2988.0
11,mutation_2,11,0.25833333333333336,ok,3026.5
11,mutation_2,12,0.4583333333333333,ok,2972.0
11,mutation_2,13,0.6583333333333333,ok,2989.5
11,mutation_2,14,0.575,ok,2999.5
11,mutation_3,0,0.5833333333333334,ok,3013.5
11,mutation_3,1,0.5083333333333333,ok,3035.0
11,mutation_3,2,0.08333333333333333,ok,2600.0
11,mutation_3,3,0.6,ok,3080.5
11,mutation_3,4,0.44166666666666665,ok,3133.0
11,mutation_3,5,0.26666666666666666,ok,3085.0
11,mutation_3,6,0.15,ok,3001.0
11,mutation_3,7,0.25,ok,3021.0
11,mutation_3,8,0.7166666666666667,ok,3071.0
11,mutation_3,9,0.8333333333333334,ok,3046.0
11,mutation_3,10,0.3333333333333333,ok,3075.0
11,mutation_3,11,0.425,ok,3027.0
11,mutation_3,12,0.7,ok,3011.5
11,mutation_3,13,0.55,ok,3077.5
11,mutation_3,14,0.325,ok,3124.0
11,mutation_5,0,0.30833333333333335,ok,3026.0
11,mutation_5,1,0.175,ok,2639.5
11,mutation_5,2,0.125,ok,2626.5
11,mutation_5,3,0.35833333333333334,ok,3115.0
11,mutation_5,4,0.7916666666666666,ok,3056.0
11,mutation_5,5,0.36666666666666664,ok,3054.5
11,mutation_5,6,0.275,ok,3075.0
11,mutation_5,7,0.2916666666666667,ok,3018.0
11,mutation_5,8,0.15833333333333333,ok,2585.0
11,mutation_5,9,0.8583333333333333,ok,3083.0
11,mutation_5,10,0.21666666666666667,ok,2482.5
11,mutation_5,11,0.7666666666666667,ok,3057.0
11,mutation_5,12,0.48333333333333334,ok,3025.0
11,mutation_5,13,0.49166666666666664,ok,3091.0
11,mutation_5,14,0.5333333333333333,ok,3028.5
11,mutation_6,0,0.8416666666666667,ok,3008.0
11,mutation_6,1,0.3416666666666667,ok,3044.0
11,mutation_6,2,0.7833333333333333,ok,3006.0
11,mutation_6,3,0.9666666666666667,ok,1791.0
11,mutation_6,4,0.09166666666666666,ok,2745.0
11,mutation_6,5,0.23333333333333334,ok,2401.5
11,mutation_6,6,0.9583333333333334,ok,3100.0
11,mutation_6,7,0.13333333333333333,ok,3028.0
11,mutation_6,8,0.7416666666666667,ok,3056.5
11,mutation_6,9,0.008333333333333333,ok,3045.0
11,mutation_6,10,0.65,ok,3073.0
11,mutation_6,11,0.875,ok,3077.0
11,mutation_6,12,0.058333333333333334,ok,2761.5
11,mutation_6,13,0.1,ok,3040.0
11,mutation_6,14,0.7333333333333333,ok,3034.0
11,mutation_7,0,0.43333333333333335,ok,7457.0
11,mutation_7,1,0.75,ok,7212.5
11,mutation_7,2,0.03333333333333333,ok,7849.5
11,mutation_7,3,0.05,ok,6881.5
11,mutation_7,4,0.9333333333333333,ok,7714.0
11,mutation_7,5,0.016666666666666666,ok,6962.0
11,mutation_7,6,0.06666666666666667,ok,7859.0
11,mutation_7,7,0.14166666666666666,ok,7441.5
11,mutation_7,8,0.18333333333333332,ok,6462.0
11,mutation_7,9,0.39166666666666666,ok,7532.5
11,mutation_7,10,0.6333333333333333,ok,7112.5
11,mutation_7,11,0.6083333333333333,ok,6801.5
11,mutation_7,12,0.775,ok,7186.0
11,mutation_7,13,0.475,ok,7851.0
11,mutation_7,14,0.6666666666666666,ok,7778.5
11,mutation_8,0,0.6916666666666667,ok,3061.0
11,mutation_8,1,0.8166666666666667,ok,3089.5
11,mutation_8,2,0.725,ok,3123.5
11,mutation_8,3,0.19166666666666668,ok,2951.5
11,mutation_8,4,0.075,ok,2798.0
11,mutation_8,5,0.6166666666666667,ok,3087.5
11,mutation_8,6,0.8666666666666667,ok,3093.5
11,mutation_8,7,0.4,ok,3083.5
11,mutation_8,8,0.7083333333333334,ok,3057.5
11,mutation_8,9,0.025,ok,3063.5
11,mutation_8,10,0.9833333333333333,ok,1814.5
11,mutation_8,11,0.8916666666666667,ok,3056.5
11,mutation_8,12,0.9916666666666667,ok,1815.0
11,mutation_8,13,0.45,ok,3156.0
11,mutation_8,14,0.625,ok,3090.5
12,base,0,0.7703703703703704,ok,1951.0
12,base,1,0.07407407407407407,ok,1961.0
12,base,2,0.2814814814814815,ok,1889.5
12,base,3,0.9111111111111111,ok,1966.5
12,base,4,0.9185185185185185,ok,1946.5
12,base,5,0.6370370370370371,ok,2064.5
12,base,6,0.9851851851851852,ok,1933.5
12,base,7,0.16296296296296298,ok,1944.0
12,base,8,0.5555555555555556,ok,1927.5
12,base,9,0.022222222222222223,ok,1969.5
12,base,10,0.6,ok,1988.5
12,base,11,0.9037037037037037,ok,1943.0
12,base,12,0.674074074074074,ok,1955.0
12,base,13,0.6962962962962963,ok,1929.0
12,base,14,0.3111111111111111,ok,1960.0
12,mutation_1,0,0.6148148148148148,ok,1993.5
12,mutation_1,1,0.037037037037037035,ok,1954.5
12,mutation_1,2,0.43703703703703706,ok,1966.5
12,mutation_1,3,0.13333333333333333,ok,1821.5
12,mutation_1,4,0.7185185185185186,ok,1961.0
12,mutation_1,5,0.7555555555555555,ok,1934.0
12,mutation_1,6,0.14814814814814814,ok,1943.0
12,mutation_1,7,0.9407407407407408,ok,1953.5
12,mutation_1,8,0.0,ok,2003.0
12,mutation_1,9,0.562962962962963,ok,2009.5
12,mutation_1,10,0.8518518518518519,ok,1941.5
12,mutation_1,11,0.9481481481481482,ok,1925.0
12,mutation_1,12,0.8962962962962963,ok,1965.0
12,mutation_1,13,0.9925925925925926,ok,1829.0
12,mutation_1,14,0.8888888888888888,ok,1966.5
12,mutation_2,0,0.2,ok,1943.5
12,mutation_2,1,0.1259259259259259,ok,1978.0
12,mutation_2,2,0.2222222222222222,ok,1948.5
12,mutation_2,3,0.6444444444444445,ok,1904.0
12,mutation_2,4,0.37777777777777777,ok,1976.5
12,mutation_2,5,0.9555555555555556,ok,1943.5
12,mutation_2,6,0.17037037037037037,ok,1954.5
12,mutation_2,7,0.5851851851851851,ok,1975.5
12,mutation_2,8,0.4,ok,1957.5
12,mutation_2,9,0.1925925925925926,ok,1924.5
12,mutation_2,10,0.3925925925925926,ok,1963.5
12,mutation_2,11,0.4148148148148148,ok,1961.5
12,mutation_2,12,0.4444444444444444,ok,1967.5
12,mutation_2,13,0.7333333333333333,ok,1915.0
12,mutation_2,14,0.6592592592592592,ok,1948.0
12,mutation_3,0,0.6666666666666666,ok,2158.5
12,mutation_3,1,0.5777777777777777,ok,2161.5
12,mutation_3,2,0.4666666666666667,ok,2172.5
12,mutation_3,3,0.6814814814814815,ok,2193.0
12,mutation_3,4,0.21481481481481482,ok,2164.0
12,mutation_3,5,0.14074074074074075,ok,2157.0
12,mutation_3,6,0.18518518518518517,ok,2173.0
12,mutation_3,7,0.35555555555555557,ok,2207.5
12,mutation_3,8,0.8148148148148148,ok,2154.0
12,mutation_3,9,0.9259259259259259,ok,2182.0
12,mutation_3,10,0.2518518518518518,ok,2168.0
12,mutation_3,11,0.2740740740740741,ok,2159.5
12,mutation_3,12,0.9629629629629629,ok,2167.5
12,mutation_3,13,0.6296296296296297,ok,2220.0
12,mutation_3,14,0.3333333333333333,ok,2177.0
12,mutation_4,0,0.28888888888888886,ok,1608.0
12,mutation_4,1,0.24444444444444444,ok,1593.5
12,mutation_4,2,0.9703703703703703,ok,1596.0
12,mutation_4,3,0.007407407407407408,ok,1592.0
12,mutation_4,4,0.8814814814814815,ok,1603.0
12,mutation_4,5,0.37037037037037035,ok,1594.0
12,mutation_4,6,0.1037037037037037,ok,1583.0
12,mutation_4,7,0.31851851851851853,ok,1608.5
12,mutation_4,8,0.6222222222222222,ok,1573.0
12,mutation_4,9,0.8222222222222222,ok,1578.0
12,mutation_4,10,0.9777777777777777,ok,1593.5
12,mutation_4,11,0.8592592592592593,ok,1569.0
12,mutation_4,12,0.23703703703703705,ok,1580.0
12,mutation_4,13,0.5703703703703704,ok,1586.5
12,mutation_4,14,0.044444444444444446,ok,1622.5
12,mutation_5,0,0.9333333333333333,ok,1945.5
12,mutation_5,1,0.34074074074074073,ok,1974.0
12,mutation_5,2,0.8740740740740741,ok,1962.5
12,mutation_5,3,0.48148148148148145,ok,1990.5
12,mutation_5,4,0.5333333333333333,ok,1952.0
12,mutation_5,5,0.34814814814814815,ok,1984.5
12,mutation_5,6,0.5259259259259259,ok,1976.5
12,mutation_5,7,0.5037037037037037,ok,1991.5
12,mutation_5,8,0.837037037037037,ok,1949.0
12,mutation_5,9,0.05925925925925926,ok,1948.5
12,mutation_5,10,0.4888888888888889,ok,1949.5
12,mutation_5,11,0.5481481481481482,ok,1983.0
12,mutation_5,12,0.22962962962962963,ok,1957.0
12,mutation_5,13,0.5185185185185185,ok,1956.0
12,mutation_5,14,0.8296296296296296,ok,1849.5
12,mutation_6,0,0.25925925925925924,ok,1781.5
12,mutation_6,1,0.8444444444444444,ok,1867.0
12,mutation_6,2,0.6074074074074074,ok,1976.0
12,mutation_6,3,0.1111111111111111,ok,1965.0
12,mutation_6,4,0.45185185185185184,ok,1957.5
12,mutation_6,5,0.4222222222222222,ok,1949.5
12,mutation_6,6,0.05185185185185185,ok,1964.0
12,mutation_6,7,0.762962962962963,ok,1945.0
12,mutation_6,8,0.4962962962962963,ok,1927.5
12,mutation_6,9,0.7037037037037037,ok,1934.5
12,mutation_6,10,0.0962962962962963,ok,1793.5
12,mutation_6,11,0.42962962962962964,ok,1930.5
12,mutation_6,12,0.4740740740740741,ok,1954.5
12,mutation_6,13,0.7777777777777778,ok,1948.5
12,mutation_6,14,0.06666666666666667,ok,1963.0
12,mutation_7,0,0.08888888888888889,ok,2090.0
12,mutation_7,1,0.725925925925926,ok,2010.0
12,mutation_7,2,0.17777777777777778,ok,2066.5
12,mutation_7,3,0.15555555555555556,ok,2058.0
12,mutation_7,4,0.11851851851851852,ok,2049.0
12,mutation_7,5,0.32592592592592595,ok,2023.0
12,mutation_7,6,0.2074074074074074,ok,2076.0
12,mutation_7,7,0.7481481481481481,ok,2046.0
12,mutation_7,8,0.362962962962963,ok,2049.0
12,mutation_7,9,0.5111111111111111,ok,2038.5
12,mutation_7,10,0.26666666666666666,ok,2026.0
12,mutation_7,11,0.3851851851851852,ok,2028.5
12,mutation_7,12,0.2962962962962963,ok,2036.5
12,mutation_7,13,0.6518518518518519,ok,2028.0
12,mutation_7,14,0.3037037037037037,ok,2028.0
12,mutation_8,0,0.5407407407407407,ok,2779.5
12,mutation_8,1,0.7111111111111111,ok,2678.5
12,mutation_8,2,0.6888888888888889,ok,2822.0
12,mutation_8,3,0.8666666666666667,ok,2798.5
12,mutation_8,4,0.4074074074074074,ok,2796.5
12,mutation_8,5,0.7407407407407407,ok,2670.0
12,mutation_8,6,0.7925925925925926,ok,2802.5
12,mutation_8,7,0.45925925925925926,ok,2774.5
12,mutation_8,8,0.02962962962962963,ok,2528.5
12,mutation_8,9,0.7851851851851852,ok,2788.0
12,mutation_8,10,0.8,ok,2799.0
12,mutation_8,11,0.08148148148148149,ok,2803.5
12,mutation_8,12,0.5925925925925926,ok,2789.5
12,mutation_8,13,0.014814814814814815,ok,2757.5
12,mutation_8,14,0.8074074074074075,ok,2744.5
13,base,0,0.7703703703703704,ok,697.5
13,base,1,0.07407407407407407,ok,703.0
13,base,2,0.2814814814814815,ok,701.5
13,base,3,0.9111111111111111,ok,723.0
13,base,4,0.9185185185185185,ok,695.0
13,base,5,0.6370370370370371,ok,711.0
13,base,6,0.9851851851851852,ok,700.0
13,base,7,0.16296296296296298,ok,689.0
13,base,8,0.5555555555555556,ok,701.0
13,base,9,0.022222222222222223,ok,718.5
13,base,10,0.6,ok,723.5
13,base,11,0.9037037037037037,ok,696.5
13,base,12,0.674074074074074,ok,696.5
13,base,13,0.6962962962962963,ok,694.0
13,base,14,0.3111111111111111,ok,690.5
13,mutation_1,0,0.6148148148148148,ok,703.5
13,mutation_1,1,0.037037037037037035,ok,715.5
13,mutation_1,2,0.43703703703703706,ok,707.5
13,mutation_1,3,0.13333333333333333,ok,708.0
13,mutation_1,4,0.7185185185185186,ok,730.5
13,mutation_1,5,0.7555555555555555,ok,717.5
13,mutation_1,6,0.14814814814814814,ok,720.5
13,mutation_1,7,0.9407407407407408,ok,724.5
13,mutation_1,8,0.0,ok,700.5
13,mutation_1,9,0.562962962962963,ok,730.0
13,mutation_1,10,0.8518518518518519,ok,716.5
13,mutation_1,11,0.9481481481481482,ok,707.0
13,mutation_1,12,0.8962962962962963,ok,722.5
13,mutation_1,13,0.9925925925925926,ok,715.5
13,mutation_1,14,0.8888888888888888,ok,729.0
13,mutation_2,0,0.2,ok,313.0
13,mutation_2,1,0.1259259259259259,ok,307.0
13,mutation_2,2,0.2222222222222222,ok,317.0
13,mutation_2,3,0.6444444444444445,ok,316.0
13,mutation_2,4,0.37777777777777777,ok,313.0
13,mutation_2,5,0.9555555555555556,ok,319.5
13,mutation_2,6,0.17037037037037037,ok,320.0
13,mutation_2,7,0.5851851851851851,ok,329.5
13,mutation_2,8,0.4,ok,315.0
13,mutation_2,9,0.1925925925925926,ok,308.0
13,mutation_2,10,0.3925925925925926,ok,335.5
13,mutation_2,11,0.4148148148148148,ok,313.0
13,mutation_2,12,0.4444444444444444,ok,304.5
13,mutation_2,13,0.7333333333333333,ok,299.0
13,mutation_2,14,0.6592592592592592,ok,317.5
13,mutation_3,0,0.6666666666666666,ok,1841.5
13,mutation_3,1,0.5777777777777777,ok,1755.0
13,mutation_3,2,0.4666666666666667,ok,1843.0
13,mutation_3,3,0.6814814814814815,ok,1772.0
13,mutation_3,4,0.21481481481481482,ok,1756.0
13,mutation_3,5,0.14074074074074075,ok,1773.0
13,mutation_3,6,0.18518518518518517,ok,1801.5
13,mutation_3,7,0.35555555555555557,ok,1796.5
13,mutation_3,8,0.8148148148148148,ok,1751.5
13,mutation_3,9,0.9259259259259259,ok,1763.0
13,mutation_3,10,0.2518518518518518,ok,1787.5
13,mutation_3,11,0.2740740740740741,ok,1759.0
13,mutation_3,12,0.9629629629629629,ok,1754.5
13,mutation_3,13,0.6296296296296297,ok,1753.5
13,mutation_3,14,0.3333333333333333,ok,1762.5
13,mutation_4,0,0.28888888888888886,ok,706.0
13,mutation_4,1,0.24444444444444444,ok,707.0
13,mutation_4,2,0.9703703703703703,ok,710.5
13,mutation_4,3,0.007407407407407408,ok,693.5
13,mutation_4,4,0.8814814814814815,ok,706.5
13,mutation_4,5,0.37037037037037035,ok,707.0
13,mutation_4,6,0.1037037037037037,ok,730.0
13,mutation_4,7,0.31851851851851853,ok,711.0
13,mutation_4,8,0.6222222222222222,ok,716.5
13,mutation_4,9,0.8222222222222222,ok,701.5
13,mutation_4,10,0.9777777777777777,ok,710.0
13,mutation_4,11,0.8592592592592593,ok,697.0
13,mutation_4,12,0.23703703703703705,ok,721.0
13,mutation_4,13,0.5703703703703704,ok,701.0
13,mutation_4,14,0.044444444444444446,ok,691.5
13,mutation_5,0,0.9333333333333333,ok,726.0
13,mutation_5,1,0.34074074074074073,ok,747.0
13,mutation_5,2,0.8740740740740741,ok,702.0
13,mutation_5,3,0.48148148148148145,ok,706.0
13,mutation_5,4,0.5333333333333333,ok,722.0
13,mutation_5,5,0.34814814814814815,ok,703.0
13,mutation_5,6,0.5259259259259259,ok,718.5
13,mutation_5,7,0.5037037037037037,ok,712.5
13,mutation_5,8,0.837037037037037,ok,695.0
13,mutation_5,9,0.05925925925925926,ok,709.5
13,mutation_5,10,0.4888888888888889,ok,697.5
13,mutation_5,11,0.5481481481481482,ok,710.5
13,mutation_5,12,0.22962962962962963,ok,690.5
13,mutation_5,13,0.5185185185185185,ok,711.0
13,mutation_5,14,0.8296296296296296,ok,693.5
13,mutation_6,0,0.25925925925925924,ok,1724.0
13,mutation_6,1,0.8444444444444444,ok,1729.0
13,mutation_6,2,0.6074074074074074,ok,1706.0
13,mutation_6,3,0.1111111111111111,ok,1742.0
13,mutation_6,4,0.45185185185185184,ok,1749.0
13,mutation_6,5,0.4222222222222222,ok,1722.0
13,mutation_6,6,0.05185185185185185,ok,1739.0
13,mutation_6,7,0.762962962962963,ok,1748.0
13,mutation_6,8,0.4962962962962963,ok,1718.5
13,mutation_6,9,0.7037037037037037,ok,1736.0
13,mutation_6,10,0.0962962962962963,ok,1712.5
13,mutation_6,11,0.42962962962962964,ok,1746.0
13,mutation_6,12,0.4740740740740741,ok,1754.0
13,mutation_6,13,0.7777777777777778,ok,1732.0
13,mutation_6,14,0.06666666666666667,ok,1727.0
13,mutation_7,0,0.08888888888888889,ok,1475.0
13,mutation_7,1,0.725925925925926,ok,1490.5
13,mutation_7,2,0.17777777777777778,ok,1462.5
13,mutation_7,3,0.15555555555555556,ok,1456.0
13,mutation_7,4,0.11851851851851852,ok,1468.0
13,mutation_7,5,0.32592592592592595,ok,1448.0
13,mutation_7,6,0.2074074074074074,ok,1551.5
13,mutation_7,7,0.7481481481481481,ok,1473.5
13,mutation_7,8,0.362962962962963,ok,1466.5
13,mutation_7,9,0.5111111111111111,ok,1463.5
13,mutation_7,10,0.26666666666666666,ok,1464.5
13,mutation_7,11,0.3851851851851852,ok,1466.0
13,mutation_7,12,0.2962962962962963,ok,1466.5
13,mutation_7,13,0.6518518518518519,ok,1442.0
13,mutation_7,14,0.3037037037037037,ok,1463.0
13,mutation_8,0,0.5407407407407407,ok,1158.0
13,mutation_8,1,0.7111111111111111,ok,1217.0
13,mutation_8,2,0.6888888888888889,ok,1154.5
13,mutation_8,3,0.8666666666666667,ok,1173.0
13,mutation_8,4,0.4074074074074074,ok,1148.0
13,mutation_8,5,0.7407407407407407,ok,1200.0
13,mutation_8,6,0.7925925925925926,ok,1189.0
13,mutation_8,7,0.45925925925925926,ok,1184.5
13,mutation_8,8,0.02962962962962963,ok,1163.5
13,mutation_8,9,0.7851851851851852,ok,1167.5
13,mutation_8,10,0.8,ok,1180.5
13,mutation_8,11,0.08148148148148149,ok,1162.0
13,mutation_8,12,0.5925925925925926,ok,1156.5
13,mutation_8,13,0.014814814814814815,ok,1166.0
13,mutation_8,14,0.8074074074074075,ok,1155.0
14,base,0,0.762962962962963,ok,2886.5
14,base,1,0.07407407407407407,ok,2899.0
14,base,2,0.2814814814814815,ok,2864.5
14,base,3,0.9037037037037037,ok,2884.5
14,base,4,0.9111111111111111,ok,2880.5
14,base,5,0.6296296296296297,ok,2883.5
14,base,6,0.9777777777777777,ok,2921.0
14,base,7,0.16296296296296298,ok,2858.0
14,base,8,0.5481481481481482,ok,2852.5
14,base,9,0.022222222222222223,ok,2876.5
14,base,10,0.5925925925925926,ok,2918.5
14,base,11,0.8962962962962963,ok,2921.0
14,base,12,0.6666666666666666,ok,2897.5
14,base,13,0.6888888888888889,ok,2866.0
14,base,14,0.3111111111111111,ok,2858.5
14,mutation_1,0,0.6074074074074074,ok,2920.0
14,mutation_1,1,0.037037037037037035,ok,2853.5
14,mutation_1,2,0.42962962962962964,ok,2920.0
14,mutation_1,3,0.13333333333333333,ok,2940.5
14,mutation_1,4,0.7111111111111111,ok,2899.0
14,mutation_1,5,0.7481481481481481,ok,2908.0
14,mutation_1,6,0.14814814814814814,ok,2889.0
14,mutation_1,7,0.9333333333333333,ok,2902.5
14,mutation_1,8,0.0,ok,2915.5
14,mutation_1,9,0.5555555555555556,ok,2905.0
14,mutation_1,10,0.8444444444444444,ok,2920.5
14,mutation_1,11,0.9407407407407408,ok,2881.0
14,mutation_1,12,0.8888888888888888,ok,2853.5
14,mutation_1,13,0.9851851851851852,ok,2930.5
14,mutation_1,14,0.8814814814814815,ok,2942.0
14,mutation_2,0,0.2,ok,2862.5
14,mutation_2,1,0.1259259259259259,ok,2896.0
14,mutation_2,2,0.2222222222222222,ok,2873.0
14,mutation_2,3,0.6370370370370371,ok,2889.0
14,mutation_2,4,0.37777777777777777,ok,2926.5
14,mutation_2,5,0.9481481481481482,ok,2909.5
14,mutation_2,6,0.17037037037037037,ok,2880.5
14,mutation_2,7,0.5777777777777777,ok,2873.5
14,mutation_2,8,0.4,ok,2872.5
14,mutation_2,9,0.1925925925925926,ok,2925.5
14,mutation_2,10,0.3925925925925926,ok,2890.0
14,mutation_2,11,0.4074074074074074,ok,2859.5
14,mutation_2,12,0.43703703703703706,ok,2828.5
14,mutation_2,13,0.725925925925926,ok,2862.5
14,mutation_2,14,0.6518518518518519,ok,2897.5
14,mutation_3,0,0.6592592592592592,ok,2872.0
14,mutation_3,1,0.5703703703703704,ok,2850.5
14,mutation_3,2,0.45925925925925926,ok,2872.5
14,mutation_3,3,0.674074074074074,ok,2851.5
14,mutation_3,4,0.21481481481481482,ok,2855.0
14,mutation_3,5,0.14074074074074075,ok,2877.5
14,mutation_3,6,0.18518518518518517,ok,2898.0
14,mutation_3,7,0.35555555555555557,ok,2896.5
14,mutation_3,8,0.8074074074074075,ok,2852.0
14,mutation_3,9,0.9185185185185185,ok,2873.0
14,mutation_3,10,0.2518518518518518,ok,2919.5
14,mutation_3,11,0.2740740740740741,ok,2890.0
14,mutation_3,12,0.9555555555555556,ok,2907.5
14,mutation_3,13,0.6222222222222222,ok,2877.5
14,mutation_3,14,0.3333333333333333,ok,2899.5
14,mutation_4,0,0.28888888888888886,ok,2898.0
14,mutation_4,1,0.24444444444444444,ok,2961.0
14,mutation_4,2,0.9629629629629629,ok,2904.5
14,mutation_4,3,0.007407407407407408,ok,2857.0
14,mutation_4,4,0.8740740740740741,ok,2965.5
14,mutation_4,5,0.37037037037037035,ok,2857.0
14,mutation_4,6,0.1037037037037037,ok,2901.5
14,mutation_4,7,0.31851851851851853,ok,2945.0
14,mutation_4,8,0.6148148148148148,ok,2892.0
14,mutation_4,9,0.8148148148148148,ok,2924.0
14,mutation_4,10,0.9703703703703703,ok,2911.5
14,mutation_4,11,0.8518518518518519,ok,2867.0
14,mutation_4,12,0.23703703703703705,ok,2907.5
14,mutation_4,13,0.562962962962963,ok,2873.5
14,mutation_4,14,0.044444444444444446,ok,2862.5
14,mutation_5,0,0.9259259259259259,ok,2945.0
14,mutation_5,1,0.34074074074074073,ok,2871.5
14,mutation_5,2,0.8666666666666667,ok,2840.0
14,mutation_5,3,0.4740740740740741,ok,2874.0
14,mutation_5,4,0.5259259259259259,ok,2866.0
14,mutation_5,5,0.34814814814814815,ok,2868.0
14,mutation_5,6,0.5185185185185185,ok,2875.5
14,mutation_5,7,0.4962962962962963,ok,2909.5
14,mutation_5,8,0.8296296296296296,ok,2862.5
14,mutation_5,9,0.05925925925925926,ok,2854.5
14,mutation_5,10,0.48148148148148145,ok,2888.0
14,mutation_5,11,0.5407407407407407,ok,2879.0
14,mutation_5,12,0.22962962962962963,ok,2874.0
14,mutation_5,13,0.5111111111111111,ok,2853.0
14,mutation_5,14,0.8222222222222222,ok,2865.5
14,mutation_6,0,0.25925925925925924,ok,2917.0
14,mutation_6,1,0.837037037037037,ok,2873.0
14,mutation_6,2,0.6,ok,2856.5
14,mutation_6,3,0.1111111111111111,ok,2873.0
14,mutation_6,4,0.4444444444444444,ok,2869.0
14,mutation_6,5,0.4148148148148148,ok,2890.0
14,mutation_6,6,0.05185185185185185,ok,2884.0
14,mutation_6,7,0.7555555555555555,ok,2863.0
14,mutation_6,8,0.4888888888888889,ok,2921.5
14,mutation_6,9,0.6962962962962963,ok,2946.5
14,mutation_6,10,0.0962962962962963,ok,2890.5
14,mutation_6,11,0.4222222222222222,ok,2928.0
14,mutation_6,12,0.4666666666666667,ok,2844.0
14,mutation_6,13,0.7703703703703704,ok,2864.0
14,mutation_6,14,0.06666666666666667,ok,2916.5
14,mutation_7,0,0.08888888888888889,ok,9095.5
14,mutation_7,1,0.7185185185185186,ok,9019.5
14,mutation_7,2,0.17777777777777778,ok,9209.5
14,mutation_7,3,0.15555555555555556,ok,9095.5
14,mutation_7,4,0.11851851851851852,ok,9068.0
14,mutation_7,5,0.32592592592592595,ok,9177.5
14,mutation_7,6,0.2074074074074074,ok,9102.0
14,mutation_7,7,0.7407407407407407,ok,9063.0
14,mutation_7,8,0.362962962962963,ok,9187.0
14,mutation_7,9,0.5037037037037037,ok,9051.0
14,mutation_7,10,0.26666666666666666,ok,9179.0
14,mutation_7,11,0.3851851851851852,ok,9215.0
14,mutation_7,12,0.2962962962962963,ok,9094.0
14,mutation_7,13,0.6444444444444445,ok,9156.0
14,mutation_7,14,0.3037037037037037,ok,9040.5
14,mutation_8,0,0.5333333333333333,ok,2925.5
14,mutation_8,1,0.7037037037037037,ok,2922.0
14,mutation_8,2,0.6814814814814815,ok,2908.0
14,mutation_8,3,0.8592592592592593,ok,2938.0
14,mutation_8,4,0.9925925925925926,ok,2928.5
14,mutation_8,5,0.7333333333333333,ok,2908.0
14,mutation_8,6,0.7851851851851852,ok,2904.0
14,mutation_8,7,0.45185185185185184,ok,2938.5
14,mutation_8,8,0.02962962962962963,ok,2901.0
14,mutation_8,9,0.7777777777777778,ok,2912.5
14,mutation_8,10,0.7925925925925926,ok,2903.5
14,mutation_8,11,0.08148148148148149,ok,2916.0
14,mutation_8,12,0.5851851851851851,ok,2942.0
14,mutation_8,13,0.014814814814814815,ok,2913.5
14,mutation_8,14,0.8,ok,2920.0
15,base,0,0.7,ok,395.5
15,base,1,0.20833333333333334,ok,407.0
15,base,2,0.48333333333333334,ok,388.5
15,base,3,0.975,ok,413.0
15,base,4,0.8583333333333333,ok,391.0
15,base,5,0.575,ok,405.5
15,base,6,0.425,ok,390.0
15,base,7,0.2,ok,391.0
15,base,8,0.16666666666666666,ok,394.5
15,base,9,0.0,ok,404.0
15,base,10,0.5416666666666666,ok,396.5
15,base,11,0.8833333333333333,ok,396.0
15,base,12,0.6083333333333333,ok,404.0
15,base,13,0.9166666666666666,ok,384.0
15,base,14,0.9833333333333333,ok,398.0
15,mutation_1,0,0.5583333333333333,ok,418.0
15,mutation_1,1,0.11666666666666667,ok,406.0
15,mutation_1,2,0.9333333333333333,ok,429.5
15,mutation_1,3,0.45,ok,396.0
15,mutation_1,4,0.6583333333333333,ok,419.0
15,mutation_1,5,0.6916666666666667,ok,411.5
15,mutation_1,6,0.25,ok,409.5
15,mutation_1,7,0.35833333333333334,ok,409.5
15,mutation_1,8,0.38333333333333336,ok,411.0
15,mutation_1,9,0.4166666666666667,ok,414.0
15,mutation_1,10,0.7833333333333333,ok,410.0
15,mutation_1,11,0.23333333333333334,ok,412.5
15,mutation_1,12,0.8333333333333334,ok,407.5
15,mutation_1,13,0.9416666666666667,ok,406.0
15,mutation_1,14,0.825,ok,409.5
15,mutation_2,0,0.041666666666666664,ok,416.0
15,mutation_2,1,0.95,ok,408.0
15,mutation_2,2,0.10833333333333334,ok,411.0
15,mutation_2,3,0.5833333333333334,ok,411.0
15,mutation_2,4,0.30833333333333335,ok,408.5
15,mutation_2,5,0.9583333333333334,ok,417.0
15,mutation_2,6,0.5166666666666667,ok,423.5
15,mutation_2,7,0.5333333333333333,ok,391.5
15,mutation_2,8,0.325,ok,427.5
15,mutation_2,9,0.2916666666666667,ok,397.5
15,mutation_2,10,0.39166666666666666,ok,401.5
15,mutation_2,11,0.26666666666666666,ok,414.0
15,mutation_2,12,0.475,ok,416.5
15,mutation_2,13,0.675,ok,404.0
15,mutation_2,14,0.5916666666666667,ok,396.5
15,mutation_3,0,0.6,ok,408.5
15,mutation_3,1,0.525,ok,405.5
15,mutation_3,2,0.08333333333333333,ok,400.0
15,mutation_3,3,0.6166666666666667,ok,405.5
15,mutation_3,4,0.4583333333333333,ok,398.5
15,mutation_3,5,0.275,ok,396.0
15,mutation_3,6,0.15,ok,407.5
15,mutation_3,7,0.25833333333333336,ok,386.0
15,mutation_3,8,0.7416666666666667,ok,400.5
15,mutation_3,9,0.8666666666666667,ok,401.5
15,mutation_3,10,0.3416666666666667,ok,403.5
15,mutation_3,11,0.43333333333333335,ok,400.5
15,mutation_3,12,0.725,ok,390.0
15,mutation_3,13,0.5666666666666667,ok,409.0
15,mutation_3,14,0.3333333333333333,ok,399.5
15,mutation_4,0,0.31666666666666665,ok,409.0
15,mutation_4,1,0.175,ok,405.5
15,mutation_4,2,0.125,ok,405.5
15,mutation_4,3,0.36666666666666664,ok,404.5
15,mutation_4,4,0.8166666666666667,ok,399.0
15,mutation_4,5,0.375,ok,400.0
15,mutation_4,6,0.2833333333333333,ok,408.5
15,mutation_4,7,0.3,ok,402.0
15,mutation_4,8,0.15833333333333333,ok,403.5
15,mutation_4,9,0.8916666666666667,ok,400.5
15,mutation_4,10,0.225,ok,426.5
15,mutation_4,11,0.7916666666666666,ok,410.0
15,mutation_4,12,0.5,ok,411.5
15,mutation_4,13,0.5083333333333333,ok,410.5
15,mutation_4,14,0.55,ok,393.5
15,mutation_6,0,0.875,ok,405.5
15,mutation_6,1,0.35,ok,412.0
15,mutation_6,2,0.8083333333333333,ok,399.0
15,mutation_6,3,0.21666666666666667,ok,396.0
15,mutation_6,4,0.09166666666666666,ok,414.5
15,mutation_6,5,0.24166666666666667,ok,411.0
15,mutation_6,6,0.9916666666666667,ok,388.5
15,mutation_6,7,0.13333333333333333,ok,403.0
15,mutation_6,8,0.7666666666666667,ok,411.5
15,mutation_6,9,0.008333333333333333,ok,396.5
15,mutation_6,10,0.6666666666666666,ok,407.5
15,mutation_6,11,0.9083333333333333,ok,396.0
15,mutation_6,12,0.058333333333333334,ok,405.0
15,mutation_6,13,0.1,ok,403.5
15,mutation_6,14,0.7583333333333333,ok,397.5
15,mutation_7,0,0.44166666666666665,ok,409.0
15,mutation_7,1,0.775,ok,406.0
15,mutation_7,2,0.03333333333333333,ok,413.5
15,mutation_7,3,0.05,ok,418.5
15,mutation_7,4,0.9666666666666667,ok,416.0
15,mutation_7,5,0.016666666666666666,ok,413.0
15,mutation_7,6,0.06666666666666667,ok,414.0
15,mutation_7,7,0.14166666666666666,ok,412.5
15,mutation_7,8,0.18333333333333332,ok,404.5
15,mutation_7,9,0.4,ok,415.0
15,mutation_7,10,0.65,ok,416.5
15,mutation_7,11,0.625,ok,416.0
15,mutation_7,12,0.8,ok,417.5
15,mutation_7,13,0.49166666666666664,ok,405.0
15,mutation_7,14,0.6833333333333333,ok,415.5
15,mutation_8,0,0.7166666666666667,ok,760.5
15,mutation_8,1,0.8416666666666667,ok,759.0
15,mutation_8,2,0.75,ok,734.0
15,mutation_8,3,0.19166666666666668,ok,751.0
15,mutation_8,4,0.075,ok,742.0
15,mutation_8,5,0.6333333333333333,ok,742.0
15,mutation_8,6,0.9,ok,743.0
15,mutation_8,7,0.4083333333333333,ok,763.5
15,mutation_8,8,0.7333333333333333,ok,735.0
15,mutation_8,9,0.025,ok,750.0
15,mutation_8,10,0.7083333333333334,ok,761.5
15,mutation_8,11,0.925,ok,745.0
15,mutation_8,12,0.85,ok,736.0
15,mutation_8,13,0.4666666666666667,ok,743.5
15,mutation_8,14,0.6416666666666667,ok,743.5
16,base,0,0.6833333333333333,ok,1690.0
16,base,1,0.2,ok,1655.0
16,base,2,0.4666666666666667,ok,1634.5
16,base,3,0.9583333333333334,ok,1655.5
16,base,4,0.8416666666666667,ok,1621.5
16,base,5,0.5583333333333333,ok,1619.0
16,base,6,0.4083333333333333,ok,1635.0
16,base,7,0.19166666666666668,ok,1662.5
16,base,8,0.16666666666666666,ok,1610.5
16,base,9,0.0,ok,1628.0
16,base,10,0.525,ok,1665.0
16,base,11,0.8666666666666667,ok,1615.5
16,base,12,0.5916666666666667,ok,1620.0
16,base,13,0.9,ok,1638.0
16,base,14,0.9666666666666667,ok,1641.5
16,mutation_1,0,0.5416666666666666,ok,1634.5
16,mutation_1,1,0.11666666666666667,ok,1650.0
16,mutation_1,2,0.9166666666666666,ok,1648.0
16,mutation_1,3,0.43333333333333335,ok,1651.0
16,mutation_1,4,0.6416666666666667,ok,1629.0
16,mutation_1,5,0.675,ok,1634.0
16,mutation_1,6,0.24166666666666667,ok,1642.0
16,mutation_1,7,0.3416666666666667,ok,1654.0
16,mutation_1,8,0.36666666666666664,ok,1644.0
16,mutation_1,9,0.4,ok,1639.5
16,mutation_1,10,0.7666666666666667,ok,1639.0
16,mutation_1,11,0.225,ok,1648.5
16,mutation_1,12,0.8166666666666667,ok,1648.0
16,mutation_1,13,0.925,ok,1655.5
16,mutation_1,14,0.8083333333333333,ok,1631.0
16,mutation_2,0,0.041666666666666664,ok,1616.5
16,mutation_2,1,0.9333333333333333,ok,1620.0
16,mutation_2,2,0.10833333333333334,ok,1708.0
16,mutation_2,3,0.5666666666666667,ok,1649.0
16,mutation_2,4,0.2916666666666667,ok,1630.0
16,mutation_2,5,0.9416666666666667,ok,1613.5
16,mutation_2,6,0.5,ok,1652.0
16,mutation_2,7,0.5166666666666667,ok,1670.5
16,mutation_2,8,0.30833333333333335,ok,1635.5
16,mutation_2,9,0.275,ok,1610.0
16,mutation_2,10,0.375,ok,1704.5
16,mutation_2,11,0.25,ok,1625.5
16,mutation_2,12,0.4583333333333333,ok,1694.5
16,mutation_2,13,0.6583333333333333,ok,1621.0
16,mutation_2,14,0.575,ok,1590.5
16,mutation_3,0,0.5833333333333334,ok,1702.0
16,mutation_3,1,0.5083333333333333,ok,1656.5
16,mutation_3,2,0.08333333333333333,ok,1642.0
16,mutation_3,3,0.6,ok,1634.5
16,mutation_3,4,0.44166666666666665,ok,1679.0
16,mutation_3,5,0.25833333333333336,ok,1646.0
16,mutation_3,6,0.15,ok,1738.5
16,mutation_3,7,0.9916666666666667,ok,1661.5
16,mutation_3,8,0.725,ok,1698.5
16,mutation_3,9,0.85,ok,1698.0
16,mutation_3,10,0.325,ok,1654.5
16,mutation_3,11,0.4166666666666667,ok,1653.0
16,mutation_3,12,0.7083333333333334,ok,1648.0
16,mutation_3,13,0.55,ok,1697.5
16,mutation_3,14,0.31666666666666665,ok,1664.5
16,mutation_4,0,0.3,ok,1642.0
16,mutation_4,1,0.9833333333333333,ok,1649.5
16,mutation_4,2,0.125,ok,1628.5
16,mutation_4,3,0.35,ok,1606.5
16,mutation_4,4,0.8,ok,1626.0
16,mutation_4,5,0.35833333333333334,ok,1638.0
16,mutation_4,6,0.26666666666666666,ok,1645.5
16,mutation_4,7,0.2833333333333333,ok,1650.0
16,mutation_4,8,0.15833333333333333,ok,1624.0
16,mutation_4,9,0.875,ok,1635.0
16,mutation_4,10,0.21666666666666667,ok,1627.5
16,mutation_4,11,0.775,ok,1622.0
16,mutation_4,12,0.48333333333333334,ok,1629.0
16,mutation_4,13,0.49166666666666664,ok,1724.0
16,mutation_4,14,0.5333333333333333,ok,1609.5
16,mutation_5,0,0.8583333333333333,ok,1635.5
16,mutation_5,1,0.3333333333333333,ok,1621.5
16,mutation_5,2,0.7916666666666666,ok,1644.5
16,mutation_5,3,0.20833333333333334,ok,1632.5
16,mutation_5,4,0.09166666666666666,ok,1640.0
16,mutation_5,5,0.23333333333333334,ok,1706.0
16,mutation_5,6,0.975,ok,1634.0
16,mutation_5,7,0.13333333333333333,ok,1681.5
16,mutation_5,8,0.75,ok,1638.0
16,mutation_5,9,0.008333333333333333,ok,1655.5
16,mutation_5,10,0.65,ok,1637.0
16,mutation_5,11,0.8916666666666667,ok,1654.5
16,mutation_5,12,0.058333333333333334,ok,1632.5
16,mutation_5,13,0.1,ok,1637.0
16,mutation_5,14,0.7416666666666667,ok,1638.5
16,mutation_7,0,0.425,ok,3496.5
16,mutation_7,1,0.7583333333333333,ok,3512.0
16,mutation_7,2,0.03333333333333333,ok,3560.5
16,mutation_7,3,0.05,ok,3446.0
16,mutation_7,4,0.95,ok,3446.0
16,mutation_7,5,0.016666666666666666,ok,3465.5
16,mutation_7,6,0.06666666666666667,ok,3536.0
16,mutation_7,7,0.14166666666666666,ok,3460.0
16,mutation_7,8,0.175,ok,3503.0
16,mutation_7,9,0.38333333333333336,ok,3468.0
16,mutation_7,10,0.6333333333333333,ok,3467.5
16,mutation_7,11,0.6083333333333333,ok,3461.0
16,mutation_7,12,0.7833333333333333,ok,3459.0
16,mutation_7,13,0.475,ok,3403.5
16,mutation_7,14,0.6666666666666666,ok,3594.0
16,mutation_8,0,0.7,ok,1715.0
16,mutation_8,1,0.825,ok,1651.5
16,mutation_8,2,0.7333333333333333,ok,1681.0
16,mutation_8,3,0.18333333333333332,ok,1658.5
16,mutation_8,4,0.075,ok,1659.0
16,mutation_8,5,0.6166666666666667,ok,1649.0
16,mutation_8,6,0.8833333333333333,ok,1628.5
16,mutation_8,7,0.39166666666666666,ok,1661.5
16,mutation_8,8,0.7166666666666667,ok,1713.0
16,mutation_8,9,0.025,ok,1679.0
16,mutation_8,10,0.6916666666666667,ok,1671.5
16,mutation_8,11,0.9083333333333333,ok,1684.5
16,mutation_8,12,0.8333333333333334,ok,1638.0
16,mutation_8,13,0.45,ok,1695.5
16,mutation_8,14,0.625,ok,1680.0
17,base,0,0.7703703703703704,ok,2184.5
17,base,1,0.07407407407407407,ok,2280.5
17,base,2,0.2814814814814815,ok,2182.5
17,base,3,0.9111111111111111,ok,2179.0
17,base,4,0.9185185185185185,ok,2171.5
17,base,5,0.6370370370370371,ok,2261.5
17,base,6,0.9851851851851852,ok,2212.5
17,base,7,0.16296296296296298,ok,2182.0
17,base,8,0.5555555555555556,ok,2248.5
17,base,9,0.022222222222222223,ok,2222.0
17,base,10,0.6,ok,2170.0
17,base,11,0.9037037037037037,ok,2190.0
17,base,12,0.674074074074074,ok,2316.0
17,base,13,0.6962962962962963,ok,2188.5
17,base,14,0.3111111111111111,ok,2227.0
17,mutation_1,0,0.6148148148148148,ok,2211.5
17,mutation_1,1,0.037037037037037035,ok,2209.5
17,mutation_1,2,0.43703703703703706,ok,2223.0
17,mutation_1,3,0.13333333333333333,ok,2197.0
17,mutation_1,4,0.7185185185185186,ok,2258.0
17,mutation_1,5,0.7555555555555555,ok,2207.0
17,mutation_1,6,0.14814814814814814,ok,2186.5
17,mutation_1,7,0.9407407407407408,ok,2190.0
17,mutation_1,8,0.0,ok,2168.0
17,mutation_1,9,0.562962962962963,ok,2213.5
17,mutation_1,10,0.8518518518518519,ok,2217.0
17,mutation_1,11,0.9481481481481482,ok,2208.5
17,mutation_1,12,0.8962962962962963,ok,2197.5
17,mutation_1,13,0.9925925925925926,ok,2198.5
17,mutation_1,14,0.8888888888888888,ok,2217.0
17,mutation_2,0,0.2,ok,2193.5
17,mutation_2,1,0.1259259259259259,ok,2173.0
17,mutation_2,2,0.2222222222222222,ok,2168.0
17,mutation_2,3,0.6444444444444445,ok,2218.5
17,mutation_2,4,0.37777777777777777,ok,2272.5
17,mutation_2,5,0.9555555555555556,ok,2154.0
17,mutation_2,6,0.17037037037037037,ok,2216.5
17,mutation_2,7,0.5851851851851851,ok,2169.5
17,mutation_2,8,0.4,ok,2167.0
17,mutation_2,9,0.1925925925925926,ok,2194.0
17,mutation_2,10,0.3925925925925926,ok,2204.5
17,mutation_2,11,0.4148148148148148,ok,2224.0
17,mutation_2,12,0.4444444444444444,ok,2188.0
17,mutation_2,13,0.7333333333333333,ok,2182.0
17,mutation_2,14,0.6592592592592592,ok,2155.5
17,mutation_3,0,0.6666666666666666,ok,2180.5
17,mutation_3,1,0.5777777777777777,ok,2194.0
17,mutation_3,2,0.4666666666666667,ok,2227.0
17,mutation_3,3,0.6814814814814815,ok,2196.5
17,mutation_3,4,0.21481481481481482,ok,2198.5
17,mutation_3,5,0.14074074074074075,ok,2174.0
17,mutation_3,6,0.18518518518518517,ok,2170.5
17,mutation_3,7,0.35555555555555557,ok,2163.5
17,mutation_3,8,0.8148148148148148,ok,2203.0
17,mutation_3,9,0.9259259259259259,ok,2167.0
17,mutation_3,10,0.2518518518518518,ok,2188.5
17,mutation_3,11,0.2740740740740741,ok,2246.0
17,mutation_3,12,0.9629629629629629,ok,2184.0
17,mutation_3,13,0.6296296296296297,ok,2169.5
17,mutation_3,14,0.3333333333333333,ok,2165.5
17,mutation_4,0,0.28888888888888886,ok,2196.5
17,mutation_4,1,0.24444444444444444,ok,2214.0
17,mutation_4,2,0.9703703703703703,ok,2191.0
17,mutation_4,3,0.007407407407407408,ok,2182.0
17,mutation_4,4,0.8814814814814815,ok,2180.0
17,mutation_4,5,0.37037037037037035,ok,2213.0
17,mutation_4,6,0.1037037037037037,ok,2174.5
17,mutation_4,7,0.31851851851851853,ok,2218.5
17,mutation_4,8,0.6222222222222222,ok,2186.5
17,mutation_4,9,0.8222222222222222,ok,2201.0
17,mutation_4,10,0.9777777777777777,ok,2186.5
17,mutation_4,11,0.8592592592592593,ok,2210.0
17,mutation_4,12,0.23703703703703705,ok,2184.5
17,mutation_4,13,0.5703703703703704,ok,2220.0
17,mutation_4,14,0.044444444444444446,ok,2265.0
17,mutation_5,0,0.9333333333333333,ok,1880.0
17,mutation_5,1,0.34074074074074073,ok,1917.5
17,mutation_5,2,0.8740740740740741,ok,1874.0
17,mutation_5,3,0.48148148148148145,ok,1902.0
17,mutation_5,4,0.5333333333333333,ok,1882.0
17,mutation_5,5,0.34814814814814815,ok,1893.5
17,mutation_5,6,0.5259259259259259,ok,1886.5
17,mutation_5,7,0.5037037037037037,ok,1886.0
17,mutation_5,8,0.837037037037037,ok,1915.5
17,mutation_5,9,0.05925925925925926,ok,1869.0
17,mutation_5,10,0.4888888888888889,ok,1889.0
17,mutation_5,11,0.5481481481481482,ok,1876.5
17,mutation_5,12,0.22962962962962963,ok,1856.0
17,mutation_5,13,0.5185185185185185,ok,1867.5
17,mutation_5,14,0.8296296296296296,ok,1915.5
17,mutation_6,0,0.25925925925925924,ok,2234.5
17,mutation_6,1,0.8444444444444444,ok,2194.0
17,mutation_6,2,0.6074074074074074,ok,2206.0
17,mutation_6,3,0.1111111111111111,ok,2184.0
17,mutation_6,4,0.45185185185185184,ok,2205.5
17,mutation_6,5,0.4222222222222222,ok,2179.5
17,mutation_6,6,0.05185185185185185,ok,2220.0
17,mutation_6,7,0.762962962962963,ok,2256.0
17,mutation_6,8,0.4962962962962963,ok,2201.0
17,mutation_6,9,0.7037037037037037,ok,2164.5
17,mutation_6,10,0.0962962962962963,ok,2190.5
17,mutation_6,11,0.42962962962962964,ok,2187.0
17,mutation_6,12,0.4740740740740741,ok,2178.0
17,mutation_6,13,0.7777777777777778,ok,2147.5
17,mutation_6,14,0.06666666666666667,ok,2188.5
17,mutation_7,0,0.08888888888888889,ok,2364.5
17,mutation_7,1,0.725925925925926,ok,2353.5
17,mutation_7,2,0.17777777777777778,ok,2344.0
17,mutation_7,3,0.15555555555555556,ok,2288.0
17,mutation_7,4,0.11851851851851852,ok,2283.5
17,mutation_7,5,0.32592592592592595,ok,2339.0
17,mutation_7,6,0.2074074074074074,ok,2310.0
17,mutation_7,7,0.7481481481481481,ok,2334.0
17,mutation_7,8,0.362962962962963,ok,2420.5
17,mutation_7,9,0.5111111111111111,ok,2346.0
17,mutation_7,10,0.26666666666666666,ok,2443.0
17,mutation_7,11,0.3851851851851852,ok,2330.5
17,mutation_7,12,0.2962962962962963,ok,2357.0
17,mutation_7,13,0.6518518518518519,ok,2414.5
17,mutation_7,14,0.3037037037037037,ok,2316.5
17,mutation_8,0,0.5407407407407407,ok,2281.0
17,mutation_8,1,0.7111111111111111,ok,2257.0
17,mutation_8,2,0.6888888888888889,ok,2261.0
17,mutation_8,3,0.8666666666666667,ok,2266.0
17,mutation_8,4,0.4074074074074074,ok,2270.5
17,mutation_8,5,0.7407407407407407,ok,2277.0
17,mutation_8,6,0.7925925925925926,ok,2249.0
17,mutation_8,7,0.45925925925925926,ok,2269.5
17,mutation_8,8,0.02962962962962963,ok,2248.0
17,mutation_8,9,0.7851851851851852,ok,2306.0
17,mutation_8,10,0.8,ok,2252.0
17,mutation_8,11,0.08148148148148149,ok,2264.5
17,mutation_8,12,0.5925925925925926,ok,2246.0
17,mutation_8,13,0.014814814814814815,ok,2259.5
17,mutation_8,14,0.8074074074074075,ok,2243.5
18,base,0,0.7703703703703704,ok,1051.5
18,base,1,0.07407407407407407,ok,1042.0
18,base,2,0.2814814814814815,ok,1059.5
18,base,3,0.9111111111111111,ok,1042.0
18,base,4,0.9185185185185185,ok,1040.5
18,base,5,0.6370370370370371,ok,1041.0
18,base,6,0.9851851851851852,ok,1041.5
18,base,7,0.16296296296296298,ok,1085.5
18,base,8,0.5555555555555556,ok,1046.5
18,base,9,0.022222222222222223,ok,1026.5
18,base,10,0.6,ok,1035.5
18,base,11,0.9037037037037037,ok,1046.5
18,base,12,0.674074074074074,ok,1062.0
18,base,13,0.6962962962962963,ok,1037.5
18,base,14,0.3111111111111111,ok,1033.0
18,mutation_1,0,0.6148148148148148,ok,1051.5
18,mutation_1,1,0.037037037037037035,ok,1067.0
18,mutation_1,2,0.43703703703703706,ok,1063.0
18,mutation_1,3,0.13333333333333333,ok,1081.0
18,mutation_1,4,0.7185185185185186,ok,1050.0
18,mutation_1,5,0.7555555555555555,ok,1072.5
18,mutation_1,6,0.14814814814814814,ok,1062.5
18,mutation_1,7,0.9407407407407408,ok,1060.5
18,mutation_1,8,0.0,ok,1224.5
18,mutation_1,9,0.562962962962963,ok,1101.5
18,mutation_1,10,0.8518518518518519,ok,1068.5
18,mutation_1,11,0.9481481481481482,ok,1058.5
18,mutation_1,12,0.8962962962962963,ok,1096.0
18,mutation_1,13,0.9925925925925926,ok,1048.0
18,mutation_1,14,0.8888888888888888,ok,1054.5
18,mutation_2,0,0.2,ok,1048.0
18,mutation_2,1,0.1259259259259259,ok,1037.0
18,mutation_2,2,0.2222222222222222,ok,1047.0
18,mutation_2,3,0.6444444444444445,ok,1044.0
18,mutation_2,4,0.37777777777777777,ok,1039.0
18,mutation_2,5,0.9555555555555556,ok,1045.5
18,mutation_2,6,0.17037037037037037,ok,1059.5
18,mutation_2,7,0.5851851851851851,ok,1053.0
18,mutation_2,8,0.4,ok,1051.0
18,mutation_2,9,0.1925925925925926,ok,1041.5
18,mutation_2,10,0.3925925925925926,ok,1038.5
18,mutation_2,11,0.4148148148148148,ok,1046.5
18,mutation_2,12,0.4444444444444444,ok,1030.0
18,mutation_2,13,0.7333333333333333,ok,1061.5
18,mutation_2,14,0.6592592592592592,ok,1034.0
18,mutation_3,0,0.6666666666666666,ok,1036.5
18,mutation_3,1,0.5777777777777777,ok,1040.0
18,mutation_3,2,0.4666666666666667,ok,1044.5
18,mutation_3,3,0.6814814814814815,ok,1042.0
18,mutation_3,4,0.21481481481481482,ok,1052.5
18,mutation_3,5,0.14074074074074075,ok,1053.5
18,mutation_3,6,0.18518518518518517,ok,1041.0
18,mutation_3,7,0.35555555555555557,ok,1040.0
18,mutation_3,8,0.8148148148148148,ok,1058.5
18,mutation_3,9,0.9259259259259259,ok,1043.0
18,mutation_3,10,0.2518518518518518,ok,1044.5
18,mutation_3,11,0.2740740740740741,ok,1047.0
18,mutation_3,12,0.9629629629629629,ok,1044.5
18,mutation_3,13,0.6296296296296297,ok,1052.5
18,mutation_3,14,0.3333333333333333,ok,1029.0
18,mutation_4,0,0.28888888888888886,ok,571.0
18,mutation_4,1,0.24444444444444444,ok,574.0
18,mutation_4,2,0.9703703703703703,ok,576.0
18,mutation_4,3,0.007407407407407408,ok,634.0
18,mutation_4,4,0.8814814814814815,ok,565.5
18,mutation_4,5,0.37037037037037035,ok,612.0
18,mutation_4,6,0.1037037037037037,ok,592.0
18,mutation_4,7,0.31851851851851853,ok,565.5
18,mutation_4,8,0.6222222222222222,ok,563.0
18,mutation_4,9,0.8222222222222222,ok,558.5
18,mutation_4,10,0.9777777777777777,ok,559.0
18,mutation_4,11,0.8592592592592593,ok,584.0
18,mutation_4,12,0.23703703703703705,ok,579.5
18,mutation_4,13,0.5703703703703704,ok,603.5
18,mutation_4,14,0.044444444444444446,ok,606.5
18,mutation_5,0,0.9333333333333333,ok,1048.0
18,mutation_5,1,0.34074074074074073,ok,1073.5
18,mutation_5,2,0.8740740740740741,ok,1048.0
18,mutation_5,3,0.48148148148148145,ok,1046.0
18,mutation_5,4,0.5333333333333333,ok,1048.0
18,mutation_5,5,0.34814814814814815,ok,1038.0
18,mutation_5,6,0.5259259259259259,ok,1055.0
18,mutation_5,7,0.5037037037037037,ok,1045.0
18,mutation_5,8,0.837037037037037,ok,1052.5
18,mutation_5,9,0.05925925925925926,ok,1049.0
18,mutation_5,10,0.4888888888888889,ok,1048.0
18,mutation_5,11,0.5481481481481482,ok,1029.0
18,mutation_5,12,0.22962962962962963,ok,1047.5
18,mutation_5,13,0.5185185185185185,ok,1060.0
18,mutation_5,14,0.8296296296296296,ok,1039.5
18,mutation_6,0,0.25925925925925924,ok,1032.0
18,mutation_6,1,0.8444444444444444,ok,1066.0
18,mutation_6,2,0.6074074074074074,ok,1048.0
18,mutation_6,3,0.1111111111111111,ok,1030.5
18,mutation_6,4,0.45185185185185184,ok,1066.0
18,mutation_6,5,0.4222222222222222,ok,1018.5
18,mutation_6,6,0.05185185185185185,ok,1034.5
18,mutation_6,7,0.762962962962963,ok,1031.5
18,mutation_6,8,0.4962962962962963,ok,1030.5
18,mutation_6,9,0.7037037037037037,ok,1056.0
18,mutation_6,10,0.0962962962962963,ok,1036.5
18,mutation_6,11,0.42962962962962964,ok,1048.0
18,mutation_6,12,0.4740740740740741,ok,1035.5
18,mutation_6,13,0.7777777777777778,ok,1025.5
18,mutation_6,14,0.06666666666666667,ok,1036.5
18,mutation_7,0,0.08888888888888889,ok,1508.5
18,mutation_7,1,0.725925925925926,ok,1481.5
18,mutation_7,2,0.17777777777777778,ok,1502.0
18,mutation_7,3,0.15555555555555556,ok,1511.5
18,mutation_7,4,0.11851851851851852,ok,1514.0
18,mutation_7,5,0.32592592592592595,ok,1550.5
18,mutation_7,6,0.2074074074074074,ok,1519.0
18,mutation_7,7,0.7481481481481481,ok,1516.5
18,mutation_7,8,0.362962962962963,ok,1500.5
18,mutation_7,9,0.5111111111111111,ok,1503.0
18,mutation_7,10,0.26666666666666666,ok,1528.0
18,mutation_7,11,0.3851851851851852,ok,1521.0
18,mutation_7,12,0.2962962962962963,ok,1500.5
18,mutation_7,13,0.6518518518518519,ok,1496.5
18,mutation_7,14,0.3037037037037037,ok,1516.5
18,mutation_8,0,0.5407407407407407,ok,1104.5
18,mutation_8,1,0.7111111111111111,ok,1118.0
18,mutation_8,2,0.6888888888888889,ok,1083.5
18,mutation_8,3,0.8666666666666667,ok,1111.5
18,mutation_8,4,0.4074074074074074,ok,1081.0
18,mutation_8,5,0.7407407407407407,ok,1103.5
18,mutation_8,6,0.7925925925925926,ok,1096.5
18,mutation_8,7,0.45925925925925926,ok,1085.5
18,mutation_8,8,0.02962962962962963,ok,1084.5
18,mutation_8,9,0.7851851851851852,ok,1087.0
18,mutation_8,10,0.8,ok,1107.0
18,mutation_8,11,0.08148148148148149,ok,1096.0
18,mutation_8,12,0.5925925925925926,ok,1098.5
18,mutation_8,13,0.014814814814814815,ok,1091.5
18,mutation_8,14,0.8074074074074075,ok,1084.5
19,base,0,0.7703703703703704,ok,1284.0
19,base,1,0.07407407407407407,ok,1304.5
19,base,2,0.2814814814814815,ok,1274.0
19,base,3,0.9111111111111111,ok,1251.5
19,base,4,0.9185185185185185,ok,1282.0
19,base,5,0.6370370370370371,ok,1276.5
19,base,6,0.9851851851851852,ok,1263.5
19,base,7,0.16296296296296298,ok,1276.5
19,base,8,0.5555555555555556,ok,1277.5
19,base,9,0.022222222222222223,ok,1292.0
19,base,10,0.6,ok,1269.5
19,base,11,0.9037037037037037,ok,1277.5
19,base,12,0.674074074074074,ok,1288.5
19,base,13,0.6962962962962963,ok,1272.5
19,base,14,0.3111111111111111,ok,1262.0
19,mutation_1,0,0.6148148148148148,ok,1306.0
19,mutation_1,1,0.037037037037037035,ok,1299.5
19,mutation_1,2,0.43703703703703706,ok,1293.5
19,mutation_1,3,0.13333333333333333,ok,1303.5
19,mutation_1,4,0.7185185185185186,ok,1306.5
19,mutation_1,5,0.7555555555555555,ok,1295.0
19,mutation_1,6,0.14814814814814814,ok,1308.5
19,mutation_1,7,0.9407407407407408,ok,1306.5
19,mutation_1,8,0.0,ok,1301.0
19,mutation_1,9,0.562962962962963,ok,1298.0
19,mutation_1,10,0.8518518518518519,ok,1342.0
19,mutation_1,11,0.9481481481481482,ok,1313.5
19,mutation_1,12,0.8962962962962963,ok,1307.0
19,mutation_1,13,0.9925925925925926,ok,1306.5
19,mutation_1,14,0.8888888888888888,ok,1304.5
19,mutation_2,0,0.2,ok,1275.0
19,mutation_2,1,0.1259259259259259,ok,1284.5
19,mutation_2,2,0.2222222222222222,ok,1282.5
19,mutation_2,3,0.6444444444444445,ok,1264.5
19,mutation_2,4,0.37777777777777777,ok,1249.0
19,mutation_2,5,0.9555555555555556,ok,1293.5
19,mutation_2,6,0.17037037037037037,ok,1304.0
19,mutation_2,7,0.5851851851851851,ok,1276.0
19,mutation_2,8,0.4,ok,1276.5
19,mutation_2,9,0.1925925925925926,ok,1263.0
19,mutation_2,10,0.3925925925925926,ok,1296.5
19,mutation_2,11,0.4148148148148148,ok,1264.0
19,mutation_2,12,0.4444444444444444,ok,1251.5
19,mutation_2,13,0.7333333333333333,ok,1261.5
19,mutation_2,14,0.6592592592592592,ok,1252.0
19,mutation_3,0,0.6666666666666666,ok,1327.5
19,mutation_3,1,0.5777777777777777,ok,1276.5
19,mutation_3,2,0.4666666666666667,ok,1290.0
19,mutation_3,3,0.6814814814814815,ok,1278.5
19,mutation_3,4,0.21481481481481482,ok,1255.0
19,mutation_3,5,0.14074074074074075,ok,1278.5
19,mutation_3,6,0.18518518518518517,ok,1245.5
19,mutation_3,7,0.35555555555555557,ok,1258.5
19,mutation_3,8,0.8148148148148148,ok,1280.0
19,mutation_3,9,0.9259259259259259,ok,1300.0
19,mutation_3,10,0.2518518518518518,ok,1273.5
19,mutation_3,11,0.2740740740740741,ok,1280.5
19,mutation_3,12,0.9629629629629629,ok,1282.0
19,mutation_3,13,0.6296296296296297,ok,1259.0
19,mutation_3,14,0.3333333333333333,ok,1272.5
19,mutation_4,0,0.28888888888888886,ok,1297.0
19,mutation_4,1,0.24444444444444444,ok,1285.0
19,mutation_4,2,0.9703703703703703,ok,1294.5
19,mutation_4,3,0.007407407407407408,ok,1301.0
19,mutation_4,4,0.8814814814814815,ok,1304.0
19,mutation_4,5,0.37037037037037035,ok,1305.0
19,mutation_4,6,0.1037037037037037,ok,1296.5
19,mutation_4,7,0.31851851851851853,ok,1340.0
19,mutation_4,8,0.6222222222222222,ok,1312.5
19,mutation_4,9,0.8222222222222222,ok,1284.5
19,mutation_4,10,0.9777777777777777,ok,1298.0
19,mutation_4,11,0.8592592592592593,ok,1301.5
19,mutation_4,12,0.23703703703703705,ok,1319.0
19,mutation_4,13,0.5703703703703704,ok,1314.0
19,mutation_4,14,0.044444444444444446,ok,1324.0
19,mutation_5,0,0.9333333333333333,ok,1286.0
19,mutation_5,1,0.34074074074074073,ok,1271.0
19,mutation_5,2,0.8740740740740741,ok,1288.0
19,mutation_5,3,0.48148148148148145,ok,1293.5
19,mutation_5,4,0.5333333333333333,ok,1282.5
19,mutation_5,5,0.34814814814814815,ok,1247.0
19,mutation_5,6,0.5259259259259259,ok,1281.5
19,mutation_5,7,0.5037037037037037,ok,1267.0
19,mutation_5,8,0.837037037037037,ok,1255.0
19,mutation_5,9,0.05925925925925926,ok,1280.5
19,mutation_5,10,0.4888888888888889,ok,1276.0
19,mutation_5,11,0.5481481481481482,ok,1273.0
19,mutation_5,12,0.22962962962962963,ok,1330.0
19,mutation_5,13,0.5185185185185185,ok,1282.5
19,mutation_5,14,0.8296296296296296,ok,1260.0
19,mutation_6,0,0.25925925925925924,ok,1257.0
19,mutation_6,1,0.8444444444444444,ok,1269.5
19,mutation_6,2,0.6074074074074074,ok,1264.0
19,mutation_6,3,0.1111111111111111,ok,1251.5
19,mutation_6,4,0.45185185185185184,ok,1274.5
19,mutation_6,5,0.4222222222222222,ok,1300.0
19,mutation_6,6,0.05185185185185185,ok,1255.0
19,mutation_6,7,0.762962962962963,ok,1315.0
19,mutation_6,8,0.4962962962962963,ok,1295.5
19,mutation_6,9,0.7037037037037037,ok,1256.5
19,mutation_6,10,0.0962962962962963,ok,1268.0
19,mutation_6,11,0.42962962962962964,ok,1279.0
19,mutation_6,12,0.4740740740740741,ok,1278.5
19,mutation_6,13,0.7777777777777778,ok,1270.0
19,mutation_6,14,0.06666666666666667,ok,1260.5
19,mutation_7,0,0.08888888888888889,ok,2374.5
19,mutation_7,1,0.725925925925926,ok,2362.5
19,mutation_7,2,0.17777777777777778,ok,2374.0
19,mutation_7,3,0.15555555555555556,ok,2324.5
19,mutation_7,4,0.11851851851851852,ok,2364.5
19,mutation_7,5,0.32592592592592595,ok,2351.0
19,mutation_7,6,0.2074074074074074,ok,2368.5
19,mutation_7,7,0.7481481481481481,ok,2298.0
19,mutation_7,8,0.362962962962963,ok,2384.0
19,mutation_7,9,0.5111111111111111,ok,2343.0
19,mutation_7,10,0.26666666666666666,ok,2339.0
19,mutation_7,11,0.3851851851851852,ok,2358.5
19,mutation_7,12,0.2962962962962963,ok,2354.0
19,mutation_7,13,0.6518518518518519,ok,2334.5
19,mutation_7,14,0.3037037037037037,ok,2309.5
19,mutation_8,0,0.5407407407407407,ok,1330.5
19,mutation_8,1,0.7111111111111111,ok,1324.5
19,mutation_8,2,0.6888888888888889,ok,1315.5
19,mutation_8,3,0.8666666666666667,ok,1318.5
19,mutation_8,4,0.4074074074074074,ok,1316.5
19,mutation_8,5,0.7407407407407407,ok,1320.5
19,mutation_8,6,0.7925925925925926,ok,1333.5
19,mutation_8,7,0.45925925925925926,ok,1345.0
19,mutation_8,8,0.02962962962962963,ok,1322.5
19,mutation_8,9,0.7851851851851852,ok,1317.5
19,mutation_8,10,0.8,ok,1347.5
19,mutation_8,11,0.08148148148148149,ok,1360.5
19,mutation_8,12,0.5925925925925926,ok,1336.0
19,mutation_8,13,0.014814814814814815,ok,1317.5
19,mutation_8,14,0.8074074074074075,ok,1338.0
20,base,0,0.7703703703703704,ok,402.5
20,base,1,0.07407407407407407,ok,409.5
20,base,2,0.2814814814814815,ok,386.5
20,base,3,0.9111111111111111,ok,416.0
20,base,4,0.9185185185185185,ok,403.0
20,base,5,0.6370370370370371,ok,407.5
20,base,6,0.9851851851851852,ok,466.5
20,base,7,0.16296296296296298,ok,417.5
20,base,8,0.5555555555555556,ok,466.5
20,base,9,0.022222222222222223,ok,403.5
20,base,10,0.6,ok,410.0
20,base,11,0.9037037037037037,ok,402.0
20,base,12,0.674074074074074,ok,441.5
20,base,13,0.6962962962962963,ok,431.0
20,base,14,0.3111111111111111,ok,444.5
20,mutation_1,0,0.6148148148148148,ok,478.0
20,mutation_1,1,0.037037037037037035,ok,417.5
20,mutation_1,2,0.43703703703703706,ok,412.0
20,mutation_1,3,0.13333333333333333,ok,480.5
20,mutation_1,4,0.7185185185185186,ok,413.5
20,mutation_1,5,0.7555555555555555,ok,421.5
20,mutation_1,6,0.14814814814814814,ok,424.5
20,mutation_1,7,0.9407407407407408,ok,471.0
20,mutation_1,8,0.0,ok,458.5
20,mutation_1,9,0.562962962962963,ok,418.0
20,mutation_1,10,0.8518518518518519,ok,413.0
20,mutation_1,11,0.9481481481481482,ok,407.0
20,mutation_1,12,0.8962962962962963,ok,440.5
20,mutation_1,13,0.9925925925925926,ok,438.5
20,mutation_1,14,0.8888888888888888,ok,435.0
20,mutation_2,0,0.2,ok,390.0
20,mutation_2,1,0.1259259259259259,ok,390.0
20,mutation_2,2,0.2222222222222222,ok,376.0
20,mutation_2,3,0.6444444444444445,ok,370.5
20,mutation_2,4,0.37777777777777777,ok,371.0
20,mutation_2,5,0.9555555555555556,ok,370.0
20,mutation_2,6,0.17037037037037037,ok,386.0
20,mutation_2,7,0.5851851851851851,ok,368.5
20,mutation_2,8,0.4,ok,388.5
20,mutation_2,9,0.1925925925925926,ok,430.0
20,mutation_2,10,0.3925925925925926,ok,376.5
20,mutation_2,11,0.4148148148148148,ok,409.0
20,mutation_2,12,0.4444444444444444,ok,392.0
20,mutation_2,13,0.7333333333333333,ok,373.5
20,mutation_2,14,0.6592592592592592,ok,400.0
20,mutation_3,0,0.6666666666666666,ok,408.5
20,mutation_3,1,0.5777777777777777,ok,395.0
20,mutation_3,2,0.4666666666666667,ok,435.5
20,mutation_3,3,0.6814814814814815,ok,437.0
20,mutation_3,4,0.21481481481481482,ok,435.0
20,mutation_3,5,0.14074074074074075,ok,432.0
20,mutation_3,6,0.18518518518518517,ok,457.5
20,mutation_3,7,0.35555555555555557,ok,459.0
20,mutation_3,8,0.8148148148148148,ok,406.0
20,mutation_3,9,0.9259259259259259,ok,407.0
20,mutation_3,10,0.2518518518518518,ok,399.5
20,mutation_3,11,0.2740740740740741,ok,425.0
20,mutation_3,12,0.9629629629629629,ok,430.0
20,mutation_3,13,0.6296296296296297,ok,402.5
20,mutation_3,14,0.3333333333333333,ok,406.5
20,mutation_4,0,0.28888888888888886,ok,471.5
20,mutation_4,1,0.24444444444444444,ok,431.0
20,mutation_4,2,0.9703703703703703,ok,481.0
20,mutation_4,3,0.007407407407407408,ok,460.5
20,mutation_4,4,0.8814814814814815,ok,466.5
20,mutation_4,5,0.37037037037037035,ok,439.0
20,mutation_4,6,0.1037037037037037,ok,416.0
20,mutation_4,7,0.31851851851851853,ok,454.0
20,mutation_4,8,0.6222222222222222,ok,421.0
20,mutation_4,9,0.8222222222222222,ok,435.5
20,mutation_4,10,0.9777777777777777,ok,459.0
20,mutation_4,11,0.8592592592592593,ok,423.0
20,mutation_4,12,0.23703703703703705,ok,422.5
20,mutation_4,13,0.5703703703703704,ok,442.5
20,mutation_4,14,0.044444444444444446,ok,449.0
20,mutation_5,0,0.9333333333333333,ok,375.5
20,mutation_5,1,0.34074074074074073,ok,379.5
20,mutation_5,2,0.8740740740740741,ok,377.5
20,mutation_5,3,0.48148148148148145,ok,357.0
20,mutation_5,4,0.5333333333333333,ok,374.5
20,mutation_5,5,0.34814814814814815,ok,391.5
20,mutation_5,6,0.5259259259259259,ok,419.5
20,mutation_5,7,0.5037037037037037,ok,390.5
20,mutation_5,8,0.837037037037037,ok,405.5
20,mutation_5,9,0.05925925925925926,ok,427.0
20,mutation_5,10,0.4888888888888889,ok,372.5
20,mutation_5,11,0.5481481481481482,ok,366.0
20,mutation_5,12,0.22962962962962963,ok,363.0
20,mutation_5,13,0.5185185185185185,ok,382.0
20,mutation_5,14,0.8296296296296296,ok,409.5
20,mutation_6,0,0.25925925925925924,ok,462.0
20,mutation_6,1,0.8444444444444444,ok,461.5
20,mutation_6,2,0.6074074074074074,ok,440.0
20,mutation_6,3,0.1111111111111111,ok,424.5
20,mutation_6,4,0.45185185185185184,ok,404.5
20,mutation_6,5,0.4222222222222222,ok,400.5
20,mutation_6,6,0.05185185185185185,ok,429.5
20,mutation_6,7,0.762962962962963,ok,398.5
20,mutation_6,8,0.4962962962962963,ok,433.5
20,mutation_6,9,0.7037037037037037,ok,404.0
20,mutation_6,10,0.0962962962962963,ok,431.5
20,mutation_6,11,0.42962962962962964,ok,402.0
20,mutation_6,12,0.4740740740740741,ok,442.0
20,mutation_6,13,0.7777777777777778,ok,460.0
20,mutation_6,14,0.06666666666666667,ok,453.0
20,mutation_7,0,0.08888888888888889,ok,492.0
20,mutation_7,1,0.725925925925926,ok,502.5
20,mutation_7,2,0.17777777777777778,ok,490.0
20,mutation_7,3,0.15555555555555556,ok,440.5
20,mutation_7,4,0.11851851851851852,ok,502.5
20,mutation_7,5,0.32592592592592595,ok,507.0
20,mutation_7,6,0.2074074074074074,ok,484.5
20,mutation_7,7,0.7481481481481481,ok,461.0
20,mutation_7,8,0.362962962962963,ok,455.0
20,mutation_7,9,0.5111111111111111,ok,513.0
20,mutation_7,10,0.26666666666666666,ok,440.0
20,mutation_7,11,0.3851851851851852,ok,481.0
20,mutation_7,12,0.2962962962962963,ok,462.5
20,mutation_7,13,0.6518518518518519,ok,509.0
20,mutation_7,14,0.3037037037037037,ok,443.5
20,mutation_8,0,0.5407407407407407,ok,773.5
20,mutation_8,1,0.7111111111111111,ok,756.5
20,mutation_8,2,0.6888888888888889,ok,775.0
20,mutation_8,3,0.8666666666666667,ok,780.0
20,mutation_8,4,0.4074074074074074,ok,760.5
20,mutation_8,5,0.7407407407407407,ok,770.0
20,mutation_8,6,0.7925925925925926,ok,769.5
20,mutation_8,7,0.45925925925925926,ok,737.5
20,mutation_8,8,0.02962962962962963,ok,769.0
20,mutation_8,9,0.7851851851851852,ok,767.0
20,mutation_8,10,0.8,ok,785.0
20,mutation_8,11,0.08148148148148149,ok,816.0
20,mutation_8,12,0.5925925925925926,ok,744.0
20,mutation_8,13,0.014814814814814815,ok,774.0
20,mutation_8,14,0.8074074074074075,ok,743.0
21,base,0,0.7703703703703704,ok,727.0
21,base,1,0.07407407407407407,ok,736.5
21,base,2,0.2814814814814815,ok,729.0
21,base,3,0.9037037037037037,ok,722.0
21,base,4,0.9111111111111111,ok,740.0
21,base,5,0.6370370370370371,ok,721.5
21,base,6,0.9777777777777777,ok,739.5
21,base,7,0.16296296296296298,ok,726.0
21,base,8,0.5555555555555556,ok,726.5
21,base,9,0.022222222222222223,ok,733.5
21,base,10,0.6,ok,760.0
21,base,11,0.8962962962962963,ok,735.0
21,base,12,0.674074074074074,ok,739.0
21,base,13,0.6962962962962963,ok,735.5
21,base,14,0.3111111111111111,ok,731.5
21,mutation_1,0,0.6148148148148148,ok,742.5
21,mutation_1,1,0.037037037037037035,ok,742.0
21,mutation_1,2,0.43703703703703706,ok,750.5
21,mutation_1,3,0.13333333333333333,ok,745.0
21,mutation_1,4,0.7185185185185186,ok,741.0
21,mutation_1,5,0.7555555555555555,ok,734.0
21,mutation_1,6,0.14814814814814814,ok,744.0
21,mutation_1,7,0.9333333333333333,ok,753.5
21,mutation_1,8,0.0,ok,747.5
21,mutation_1,9,0.562962962962963,ok,743.5
21,mutation_1,10,0.8444444444444444,ok,762.0
21,mutation_1,11,0.9407407407407408,ok,790.0
21,mutation_1,12,0.8888888888888888,ok,747.5
21,mutation_1,13,0.9851851851851852,ok,750.5
21,mutation_1,14,0.8814814814814815,ok,743.5
21,mutation_2,0,0.2,ok,736.0
21,mutation_2,1,0.1259259259259259,ok,743.5
21,mutation_2,2,0.2222222222222222,ok,729.0
21,mutation_2,3,0.6444444444444445,ok,717.0
21,mutation_2,4,0.37777777777777777,ok,744.0
21,mutation_2,5,0.9481481481481482,ok,730.5
21,mutation_2,6,0.17037037037037037,ok,755.0
21,mutation_2,7,0.5851851851851851,ok,741.0
21,mutation_2,8,0.4,ok,763.0
21,mutation_2,9,0.1925925925925926,ok,749.0
21,mutation_2,10,0.3925925925925926,ok,738.0
21,mutation_2,11,0.4148148148148148,ok,730.0
21,mutation_2,12,0.4444444444444444,ok,724.5
21,mutation_2,13,0.7333333333333333,ok,732.5
21,mutation_2,14,0.6592592592592592,ok,772.0
21,mutation_3,0,0.6666666666666666,ok,735.5
21,mutation_3,1,0.5777777777777777,ok,766.5
21,mutation_3,2,0.4666666666666667,ok,726.0
21,mutation_3,3,0.6814814814814815,ok,728.5
21,mutation_3,4,0.21481481481481482,ok,743.0
21,mutation_3,5,0.14074074074074075,ok,763.5
21,mutation_3,6,0.18518518518518517,ok,733.5
21,mutation_3,7,0.35555555555555557,ok,733.5
21,mutation_3,8,0.9925925925925926,ok,759.0
21,mutation_3,9,0.9185185185185185,ok,742.5
21,mutation_3,10,0.2518518518518518,ok,722.5
21,mutation_3,11,0.2740740740740741,ok,751.0
21,mutation_3,12,0.9555555555555556,ok,727.0
21,mutation_3,13,0.6296296296296297,ok,744.0
21,mutation_3,14,0.3333333333333333,ok,745.5
21,mutation_4,0,0.28888888888888886,ok,738.0
21,mutation_4,1,0.24444444444444444,ok,748.5
21,mutation_4,2,0.9629629629629629,ok,739.5
21,mutation_4,3,0.007407407407407408,ok,735.0
21,mutation_4,4,0.8740740740740741,ok,730.5
21,mutation_4,5,0.37037037037037035,ok,745.0
21,mutation_4,6,0.1037037037037037,ok,738.5
21,mutation_4,7,0.31851851851851853,ok,733.0
21,mutation_4,8,0.6222222222222222,ok,742.0
21,mutation_4,9,0.8148148148148148,ok,715.5
21,mutation_4,10,0.9703703703703703,ok,753.0
21,mutation_4,11,0.8518518518518519,ok,711.5
21,mutation_4,12,0.23703703703703705,ok,747.0
21,mutation_4,13,0.5703703703703704,ok,732.5
21,mutation_4,14,0.044444444444444446,ok,741.0
21,mutation_5,0,0.9259259259259259,ok,731.5
21,mutation_5,1,0.34074074074074073,ok,744.0
21,mutation_5,2,0.8666666666666667,ok,745.5
21,mutation_5,3,0.48148148148148145,ok,759.5
21,mutation_5,4,0.5333333333333333,ok,735.0
21,mutation_5,5,0.34814814814814815,ok,747.5
21,mutation_5,6,0.5259259259259259,ok,747.0
21,mutation_5,7,0.5037037037037037,ok,738.5
21,mutation_5,8,0.8296296296296296,ok,739.5
21,mutation_5,9,0.05925925925925926,ok,742.0
21,mutation_5,10,0.4888888888888889,ok,739.5
21,mutation_5,11,0.5481481481481482,ok,756.5
21,mutation_5,12,0.22962962962962963,ok,788.5
21,mutation_5,13,0.5185185185185185,ok,748.5
21,mutation_5,14,0.8222222222222222,ok,733.5
21,mutation_6,0,0.25925925925925924,ok,749.5
21,mutation_6,1,0.837037037037037,ok,766.0
21,mutation_6,2,0.6074074074074074,ok,743.0
21,mutation_6,3,0.1111111111111111,ok,739.0
21,mutation_6,4,0.45185185185185184,ok,727.0
21,mutation_6,5,0.4222222222222222,ok,736.0
21,mutation_6,6,0.05185185185185185,ok,735.0
21,mutation_6,7,0.762962962962963,ok,732.5
21,mutation_6,8,0.4962962962962963,ok,741.0
21,mutation_6,9,0.7037037037037037,ok,738.0
21,mutation_6,10,0.0962962962962963,ok,752.0
21,mutation_6,11,0.42962962962962964,ok,741.0
21,mutation_6,12,0.4740740740740741,ok,731.0
21,mutation_6,13,0.7777777777777778,ok,728.0
21,mutation_6,14,0.06666666666666667,ok,727.0
21,mutation_7,0,0.08888888888888889,ok,796.5
21,mutation_7,1,0.725925925925926,ok,798.5
21,mutation_7,2,0.17777777777777778,ok,803.5
21,mutation_7,3,0.15555555555555556,ok,797.5
21,mutation_7,4,0.11851851851851852,ok,798.5
21,mutation_7,5,0.32592592592592595,ok,839.5
21,mutation_7,6,0.2074074074074074,ok,810.0
21,mutation_7,7,0.7481481481481481,ok,794.0
21,mutation_7,8,0.362962962962963,ok,827.0
21,mutation_7,9,0.5111111111111111,ok,809.0
21,mutation_7,10,0.26666666666666666,ok,811.5
21,mutation_7,11,0.3851851851851852,ok,788.0
21,mutation_7,12,0.2962962962962963,ok,795.5
21,mutation_7,13,0.6518518518518519,ok,820.0
21,mutation_7,14,0.3037037037037037,ok,802.0
21,mutation_8,0,0.5407407407407407,ok,1117.0
21,mutation_8,1,0.7111111111111111,ok,1268.5
21,mutation_8,2,0.6888888888888889,ok,1104.0
21,mutation_8,3,0.8592592592592593,ok,1100.5
21,mutation_8,4,0.4074074074074074,ok,1118.0
21,mutation_8,5,0.7407407407407407,ok,1127.0
21,mutation_8,6,0.7925925925925926,ok,1100.0
21,mutation_8,7,0.45925925925925926,ok,1196.5
21,mutation_8,8,0.02962962962962963,ok,1197.5
21,mutation_8,9,0.7851851851851852,ok,1107.5
21,mutation_8,10,0.8,ok,1270.5
21,mutation_8,11,0.08148148148148149,ok,1243.5
21,mutation_8,12,0.5925925925925926,ok,1105.0
21,mutation_8,13,0.014814814814814815,ok,1098.5
21,mutation_8,14,0.8074074074074075,ok,1196.5
22,base,0,0.762962962962963,ok,2625.0
22,base,1,0.07407407407407407,ok,2644.5
22,base,2,0.2740740740740741,ok,2659.0
22,base,3,0.9037037037037037,ok,2633.0
22,base,4,0.9111111111111111,ok,2650.0
22,base,5,0.6296296296296297,ok,2667.5
22,base,6,0.9851851851851852,ok,2504.0
22,base,7,0.16296296296296298,ok,2622.5
22,base,8,0.5481481481481482,ok,2666.5
22,base,9,0.022222222222222223,ok,2632.5
22,base,10,0.5925925925925926,ok,2620.5
22,base,11,0.8962962962962963,ok,2654.5
22,base,12,0.6666666666666666,ok,2635.5
22,base,13,0.6888888888888889,ok,2626.0
22,base,14,0.3037037037037037,ok,2652.0
22,mutation_1,0,0.6074074074074074,ok,2653.0
22,mutation_1,1,0.037037037037037035,ok,2651.5
22,mutation_1,2,0.42962962962962964,ok,2654.5
22,mutation_1,3,0.13333333333333333,ok,2652.5
22,mutation_1,4,0.7111111111111111,ok,2654.5
22,mutation_1,5,0.7481481481481481,ok,2651.0
22,mutation_1,6,0.14814814814814814,ok,2642.0
22,mutation_1,7,0.9407407407407408,ok,2465.5
22,mutation_1,8,0.0,ok,2692.0
22,mutation_1,9,0.5555555555555556,ok,2642.5
22,mutation_1,10,0.8444444444444444,ok,2664.0
22,mutation_1,11,0.9481481481481482,ok,2576.5
22,mutation_1,12,0.8888888888888888,ok,2654.0
22,mutation_1,13,0.9925925925925926,ok,2495.0
22,mutation_1,14,0.8814814814814815,ok,2642.0
22,mutation_2,0,0.1925925925925926,ok,2622.5
22,mutation_2,1,0.1259259259259259,ok,2630.0
22,mutation_2,2,0.21481481481481482,ok,2654.0
22,mutation_2,3,0.6370370370370371,ok,2615.5
22,mutation_2,4,0.37037037037037035,ok,2628.0
22,mutation_2,5,0.9555555555555556,ok,2534.0
22,mutation_2,6,0.17037037037037037,ok,2639.0
22,mutation_2,7,0.5777777777777777,ok,2632.0
22,mutation_2,8,0.3925925925925926,ok,2613.5
22,mutation_2,9,0.18518518518518517,ok,2613.0
22,mutation_2,10,0.3851851851851852,ok,2653.0
22,mutation_2,11,0.4074074074074074,ok,2621.5
22,mutation_2,12,0.43703703703703706,ok,2590.0
22,mutation_2,13,0.725925925925926,ok,2663.0
22,mutation_2,14,0.6518518518518519,ok,2613.5
22,mutation_3,0,0.6592592592592592,ok,2601.5
22,mutation_3,1,0.5703703703703704,ok,2660.0
22,mutation_3,2,0.45925925925925926,ok,2645.0
22,mutation_3,3,0.674074074074074,ok,2644.0
22,mutation_3,4,0.2074074074074074,ok,2619.0
22,mutation_3,5,0.14074074074074075,ok,2627.5
22,mutation_3,6,0.9185185185185185,ok,2474.0
22,mutation_3,7,0.34814814814814815,ok,2632.0
22,mutation_3,8,0.8074074074074075,ok,2638.5
22,mutation_3,9,0.9259259259259259,ok,2432.0
22,mutation_3,10,0.24444444444444444,ok,2651.0
22,mutation_3,11,0.26666666666666666,ok,2640.5
22,mutation_3,12,0.9629629629629629,ok,2490.5
22,mutation_3,13,0.6222222222222222,ok,2618.0
22,mutation_3,14,0.32592592592592595,ok,2643.0
22,mutation_4,0,0.2814814814814815,ok,2642.5
22,mutation_4,1,0.23703703703703705,ok,2609.0
22,mutation_4,2,0.9703703703703703,ok,2472.5
22,mutation_4,3,0.007407407407407408,ok,2613.5
22,mutation_4,4,0.8740740740740741,ok,2630.0
22,mutation_4,5,0.362962962962963,ok,2613.0
22,mutation_4,6,0.1037037037037037,ok,2624.5
22,mutation_4,7,0.3111111111111111,ok,2631.0
22,mutation_4,8,0.6148148148148148,ok,2616.5
22,mutation_4,9,0.8148148148148148,ok,2627.0
22,mutation_4,10,0.9777777777777777,ok,2486.0
22,mutation_4,11,0.8518518518518519,ok,2632.0
22,mutation_4,12,0.22962962962962963,ok,2627.0
22,mutation_4,13,0.562962962962963,ok,2630.5
22,mutation_4,14,0.044444444444444446,ok,2621.0
22,mutation_5,0,0.9333333333333333,ok,2487.0
22,mutation_5,1,0.3333333333333333,ok,2644.0
22,mutation_5,2,0.8666666666666667,ok,2653.5
22,mutation_5,3,0.4740740740740741,ok,2640.5
22,mutation_5,4,0.5259259259259259,ok,2661.0
22,mutation_5,5,0.34074074074074073,ok,2657.5
22,mutation_5,6,0.5185185185185185,ok,2656.5
22,mutation_5,7,0.4962962962962963,ok,2655.5
22,mutation_5,8,0.8296296296296296,ok,2639.5
22,mutation_5,9,0.05925925925925926,ok,2637.0
22,mutation_5,10,0.48148148148148145,ok,2695.5
22,mutation_5,11,0.5407407407407407,ok,2636.5
22,mutation_5,12,0.2222222222222222,ok,2655.5
22,mutation_5,13,0.5111111111111111,ok,2660.0
22,mutation_5,14,0.8222222222222222,ok,2622.5
22,mutation_6,0,0.2518518518518518,ok,2663.5
22,mutation_6,1,0.837037037037037,ok,2631.0
22,mutation_6,2,0.6,ok,2689.0
22,mutation_6,3,0.1111111111111111,ok,2625.0
22,mutation_6,4,0.4444444444444444,ok,2643.0
22,mutation_6,5,0.4148148148148148,ok,2638.5
22,mutation_6,6,0.05185185185185185,ok,2635.5
22,mutation_6,7,0.7555555555555555,ok,2611.0
22,mutation_6,8,0.4888888888888889,ok,2624.5
22,mutation_6,9,0.6962962962962963,ok,2606.0
22,mutation_6,10,0.0962962962962963,ok,2637.0
22,mutation_6,11,0.4222222222222222,ok,2646.5
22,mutation_6,12,0.4666666666666667,ok,2617.5
22,mutation_6,13,0.7703703703703704,ok,2680.5
22,mutation_6,14,0.06666666666666667,ok,2626.5
22,mutation_7,0,0.08888888888888889,ok,1285.0
22,mutation_7,1,0.7185185185185186,ok,1274.5
22,mutation_7,2,0.17777777777777778,ok,1301.0
22,mutation_7,3,0.15555555555555556,ok,1296.5
22,mutation_7,4,0.11851851851851852,ok,1271.0
22,mutation_7,5,0.31851851851851853,ok,1297.5
22,mutation_7,6,0.2,ok,1288.5
22,mutation_7,7,0.7407407407407407,ok,1284.0
22,mutation_7,8,0.35555555555555557,ok,1264.5
22,mutation_7,9,0.5037037037037037,ok,1324.0
22,mutation_7,10,0.25925925925925924,ok,1292.5
22,mutation_7,11,0.37777777777777777,ok,1276.0
22,mutation_7,12,0.28888888888888886,ok,1311.0
22,mutation_7,13,0.6444444444444445,ok,1323.5
22,mutation_7,14,0.2962962962962963,ok,1283.5
22,mutation_8,0,0.5333333333333333,ok,2714.0
22,mutation_8,1,0.7037037037037037,ok,2705.5
22,mutation_8,2,0.6814814814814815,ok,2720.5
22,mutation_8,3,0.8592592592592593,ok,2698.5
22,mutation_8,4,0.4,ok,2721.5
22,mutation_8,5,0.7333333333333333,ok,2712.5
22,mutation_8,6,0.7851851851851852,ok,2720.5
22,mutation_8,7,0.45185185185185184,ok,2716.0
22,mutation_8,8,0.02962962962962963,ok,2725.0
22,mutation_8,9,0.7777777777777778,ok,2728.5
22,mutation_8,10,0.7925925925925926,ok,2734.5
22,mutation_8,11,0.08148148148148149,ok,2719.5
22,mutation_8,12,0.5851851851851851,ok,2716.0
22,mutation_8,13,0.014814814814814815,ok,2732.5
22,mutation_8,14,0.8,ok,2685.0
23,base,0,0.7703703703703704,ok,2386.0
23,base,1,0.07407407407407407,ok,2424.5
23,base,2,0.2814814814814815,ok,2518.0
23,base,3,0.9111111111111111,ok,2388.5
23,base,4,0.9185185185185185,ok,2441.0
23,base,5,0.6370370370370371,ok,2472.5
23,base,6,0.9851851851851852,ok,2580.0
23,base,7,0.16296296296296298,ok,2444.5
23,base,8,0.5555555555555556,ok,2391.5
23,base,9,0.022222222222222223,ok,2542.5
23,base,10,0.6,ok,2401.5
23,base,11,0.9037037037037037,ok,2384.5
23,base,12,0.674074074074074,ok,2412.0
23,base,13,0.6962962962962963,ok,2548.5
23,base,14,0.3111111111111111,ok,2429.0
23,mutation_1,0,0.6148148148148148,ok,2488.5
23,mutation_1,1,0.037037037037037035,ok,2478.0
23,mutation_1,2,0.43703703703703706,ok,2506.0
23,mutation_1,3,0.13333333333333333,ok,2537.5
23,mutation_1,4,0.7185185185185186,ok,2472.0
23,mutation_1,5,0.7555555555555555,ok,2445.5
23,mutation_1,6,0.14814814814814814,ok,2521.0
23,mutation_1,7,0.9407407407407408,ok,2471.5
23,mutation_1,8,0.0,ok,2449.5
23,mutation_1,9,0.562962962962963,ok,2531.0
23,mutation_1,10,0.8518518518518519,ok,2453.5
23,mutation_1,11,0.9481481481481482,ok,2532.0
23,mutation_1,12,0.8962962962962963,ok,2500.0
23,mutation_1,13,0.9925925925925926,ok,2524.5
23,mutation_1,14,0.8888888888888888,ok,2605.5
23,mutation_2,0,0.2,ok,2416.0
23,mutation_2,1,0.1259259259259259,ok,2532.5
23,mutation_2,2,0.2222222222222222,ok,2385.5
23,mutation_2,3,0.6444444444444445,ok,2415.0
23,mutation_2,4,0.37777777777777777,ok,2413.0
23,mutation_2,5,0.9555555555555556,ok,2370.0
23,mutation_2,6,0.17037037037037037,ok,2460.0
23,mutation_2,7,0.5851851851851851,ok,2431.5
23,mutation_2,8,0.4,ok,2444.0
23,mutation_2,9,0.1925925925925926,ok,2373.0
23,mutation_2,10,0.3925925925925926,ok,2454.5
23,mutation_2,11,0.4148148148148148,ok,2444.0
23,mutation_2,12,0.4444444444444444,ok,2379.0
23,mutation_2,13,0.7333333333333333,ok,2467.5
23,mutation_2,14,0.6592592592592592,ok,2495.0
23,mutation_3,0,0.6666666666666666,ok,2456.5
23,mutation_3,1,0.5777777777777777,ok,2565.0
23,mutation_3,2,0.4666666666666667,ok,2469.0
23,mutation_3,3,0.6814814814814815,ok,2470.5
23,mutation_3,4,0.21481481481481482,ok,2511.0
23,mutation_3,5,0.14074074074074075,ok,2390.0
23,mutation_3,6,0.18518518518518517,ok,2422.5
23,mutation_3,7,0.35555555555555557,ok,2529.5
23,mutation_3,8,0.8148148148148148,ok,2435.0
23,mutation_3,9,0.9259259259259259,ok,2461.0
23,mutation_3,10,0.2518518518518518,ok,2415.0
23,mutation_3,11,0.2740740740740741,ok,2516.5
23,mutation_3,12,0.9629629629629629,ok,2445.0
23,mutation_3,13,0.6296296296296297,ok,2387.0
23,mutation_3,14,0.3333333333333333,ok,2592.5
23,mutation_4,0,0.28888888888888886,ok,2616.0
23,mutation_4,1,0.24444444444444444,ok,2511.0
23,mutation_4,2,0.9703703703703703,ok,2612.5
23,mutation_4,3,0.007407407407407408,ok,2536.0
23,mutation_4,4,0.8814814814814815,ok,2721.0
23,mutation_4,5,0.37037037037037035,ok,2496.5
23,mutation_4,6,0.1037037037037037,ok,2505.0
23,mutation_4,7,0.31851851851851853,ok,2558.5
23,mutation_4,8,0.6222222222222222,ok,2540.5
23,mutation_4,9,0.8222222222222222,ok,2521.5
23,mutation_4,10,0.9777777777777777,ok,2551.5
23,mutation_4,11,0.8592592592592593,ok,2536.5
23,mutation_4,12,0.23703703703703705,ok,2564.5
23,mutation_4,13,0.5703703703703704,ok,2540.5
23,mutation_4,14,0.044444444444444446,ok,2541.5
23,mutation_5,0,0.9333333333333333,ok,2584.5
23,mutation_5,1,0.34074074074074073,ok,2400.0
23,mutation_5,2,0.8740740740740741,ok,2488.0
23,mutation_5,3,0.48148148148148145,ok,2478.5
23,mutation_5,4,0.5333333333333333,ok,2561.0
23,mutation_5,5,0.34814814814814815,ok,2549.0
23,mutation_5,6,0.5259259259259259,ok,2452.5
23,mutation_5,7,0.5037037037037037,ok,2522.0
23,mutation_5,8,0.837037037037037,ok,2462.5
23,mutation_5,9,0.05925925925925926,ok,2471.5
23,mutation_5,10,0.4888888888888889,ok,2427.5
23,mutation_5,11,0.5481481481481482,ok,2502.5
23,mutation_5,12,0.22962962962962963,ok,2482.0
23,mutation_5,13,0.5185185185185185,ok,2511.5
23,mutation_5,14,0.8296296296296296,ok,2433.0
23,mutation_6,0,0.25925925925925924,ok,2472.0
23,mutation_6,1,0.8444444444444444,ok,2448.0
23,mutation_6,2,0.6074074074074074,ok,2459.0
23,mutation_6,3,0.1111111111111111,ok,2492.0
23,mutation_6,4,0.45185185185185184,ok,2498.5
23,mutation_6,5,0.4222222222222222,ok,2489.0
23,mutation_6,6,0.05185185185185185,ok,2428.5
23,mutation_6,7,0.762962962962963,ok,2436.0
23,mutation_6,8,0.4962962962962963,ok,2464.5
23,mutation_6,9,0.7037037037037037,ok,2430.5
23,mutation_6,10,0.0962962962962963,ok,2488.0
23,mutation_6,11,0.42962962962962964,ok,2423.5
23,mutation_6,12,0.4740740740740741,ok,2486.5
23,mutation_6,13,0.7777777777777778,ok,2484.5
23,mutation_6,14,0.06666666666666667,ok,2533.5
23,mutation_7,0,0.08888888888888889,ok,2539.5
23,mutation_7,1,0.725925925925926,ok,2523.5
23,mutation_7,2,0.17777777777777778,ok,2451.5
23,mutation_7,3,0.15555555555555556,ok,2492.5
23,mutation_7,4,0.11851851851851852,ok,2509.5
23,mutation_7,5,0.32592592592592595,ok,2472.5
23,mutation_7,6,0.2074074074074074,ok,2484.0
23,mutation_7,7,0.7481481481481481,ok,2531.5
23,mutation_7,8,0.362962962962963,ok,2504.0
23,mutation_7,9,0.5111111111111111,ok,2481.0
23,mutation_7,10,0.26666666666666666,ok,2493.5
23,mutation_7,11,0.3851851851851852,ok,2516.5
23,mutation_7,12,0.2962962962962963,ok,2488.5
23,mutation_7,13,0.6518518518518519,ok,2487.5
23,mutation_7,14,0.3037037037037037,ok,2487.0
23,mutation_8,0,0.5407407407407407,ok,2506.5
23,mutation_8,1,0.7111111111111111,ok,2583.5
23,mutation_8,2,0.6888888888888889,ok,2534.0
23,mutation_8,3,0.8666666666666667,ok,2511.5
23,mutation_8,4,0.4074074074074074,ok,2510.0
23,mutation_8,5,0.7407407407407407,ok,2553.0
23,mutation_8,6,0.7925925925925926,ok,2504.0
23,mutation_8,7,0.45925925925925926,ok,2577.5
23,mutation_8,8,0.02962962962962963,ok,2533.0
23,mutation_8,9,0.7851851851851852,ok,2491.0
23,mutation_8,10,0.8,ok,2515.5
23,mutation_8,11,0.08148148148148149,ok,2449.0
23,mutation_8,12,0.5925925925925926,ok,2446.0
23,mutation_8,13,0.014814814814814815,ok,2556.0
23,mutation_8,14,0.8074074074074075,ok,2473.0
24,base,0,0.7703703703703704,ok,892.5
24,base,1,0.07407407407407407,ok,902.0
24,base,2,0.2814814814814815,ok,865.0
24,base,3,0.9111111111111111,ok,891.0
24,base,4,0.9185185185185185,ok,886.5
24,base,5,0.6370370370370371,ok,887.5
24,base,6,0.9851851851851852,ok,879.0
24,base,7,0.16296296296296298,ok,896.0
24,base,8,0.5555555555555556,ok,898.5
24,base,9,0.022222222222222223,ok,883.5
24,base,10,0.6,ok,914.5
24,base,11,0.9037037037037037,ok,898.5
24,base,12,0.674074074074074,ok,884.0
24,base,13,0.6962962962962963,ok,882.0
24,base,14,0.3111111111111111,ok,912.0
24,mutation_1,0,0.6148148148148148,ok,881.5
24,mutation_1,1,0.037037037037037035,ok,880.0
24,mutation_1,2,0.43703703703703706,ok,889.5
24,mutation_1,3,0.13333333333333333,ok,874.5
24,mutation_1,4,0.7185185185185186,ok,902.0
24,mutation_1,5,0.7555555555555555,ok,878.5
24,mutation_1,6,0.14814814814814814,ok,888.0
24,mutation_1,7,0.9407407407407408,ok,873.0
24,mutation_1,8,0.0,ok,887.5
24,mutation_1,9,0.562962962962963,ok,901.5
24,mutation_1,10,0.8518518518518519,ok,894.5
24,mutation_1,11,0.9481481481481482,ok,885.0
24,mutation_1,12,0.8962962962962963,ok,887.5
24,mutation_1,13,0.9925925925925926,ok,910.5
24,mutation_1,14,0.8888888888888888,ok,902.5
24,mutation_2,0,0.2,ok,895.5
24,mutation_2,1,0.1259259259259259,ok,871.5
24,mutation_2,2,0.2222222222222222,ok,874.5
24,mutation_2,3,0.6444444444444445,ok,871.0
24,mutation_2,4,0.37777777777777777,ok,887.0
24,mutation_2,5,0.9555555555555556,ok,873.0
24,mutation_2,6,0.17037037037037037,ok,886.0
24,mutation_2,7,0.5851851851851851,ok,863.0
24,mutation_2,8,0.4,ok,883.5
24,mutation_2,9,0.1925925925925926,ok,902.5
24,mutation_2,10,0.3925925925925926,ok,894.0
24,mutation_2,11,0.4148148148148148,ok,870.5
24,mutation_2,12,0.4444444444444444,ok,862.5
24,mutation_2,13,0.7333333333333333,ok,862.0
24,mutation_2,14,0.6592592592592592,ok,885.5
24,mutation_3,0,0.6666666666666666,ok,893.5
24,mutation_3,1,0.5777777777777777,ok,865.0
24,mutation_3,2,0.4666666666666667,ok,877.0
24,mutation_3,3,0.6814814814814815,ok,886.0
24,mutation_3,4,0.21481481481481482,ok,894.5
24,mutation_3,5,0.14074074074074075,ok,897.0
24,mutation_3,6,0.18518518518518517,ok,928.0
24,mutation_3,7,0.35555555555555557,ok,896.5
24,mutation_3,8,0.8148148148148148,ok,901.0
24,mutation_3,9,0.9259259259259259,ok,877.5
24,mutation_3,10,0.2518518518518518,ok,886.0
24,mutation_3,11,0.2740740740740741,ok,868.5
24,mutation_3,12,0.9629629629629629,ok,867.0
24,mutation_3,13,0.6296296296296297,ok,889.5
24,mutation_3,14,0.3333333333333333,ok,899.0
24,mutation_4,0,0.28888888888888886,ok,881.5
24,mutation_4,1,0.24444444444444444,ok,862.0
24,mutation_4,2,0.9703703703703703,ok,868.5
24,mutation_4,3,0.007407407407407408,ok,875.5
24,mutation_4,4,0.8814814814814815,ok,875.0
24,mutation_4,5,0.37037037037037035,ok,884.0
24,mutation_4,6,0.1037037037037037,ok,874.5
24,mutation_4,7,0.31851851851851853,ok,885.0
24,mutation_4,8,0.6222222222222222,ok,872.0
24,mutation_4,9,0.8222222222222222,ok,888.5
24,mutation_4,10,0.9777777777777777,ok,892.0
24,mutation_4,11,0.8592592592592593,ok,900.5
24,mutation_4,12,0.23703703703703705,ok,902.0
24,mutation_4,13,0.5703703703703704,ok,879.5
24,mutation_4,14,0.044444444444444446,ok,882.0
24,mutation_5,0,0.9333333333333333,ok,874.0
24,mutation_5,1,0.34074074074074073,ok,883.5
24,mutation_5,2,0.8740740740740741,ok,877.0
24,mutation_5,3,0.48148148148148145,ok,876.0
24,mutation_5,4,0.5333333333333333,ok,925.0
24,mutation_5,5,0.34814814814814815,ok,882.5
24,mutation_5,6,0.5259259259259259,ok,865.5
24,mutation_5,7,0.5037037037037037,ok,880.5
24,mutation_5,8,0.837037037037037,ok,875.5
24,mutation_5,9,0.05925925925925926,ok,890.5
24,mutation_5,10,0.4888888888888889,ok,868.5
24,mutation_5,11,0.5481481481481482,ok,886.0
24,mutation_5,12,0.22962962962962963,ok,887.0
24,mutation_5,13,0.5185185185185185,ok,888.5
24,mutation_5,14,0.8296296296296296,ok,856.0
24,mutation_6,0,0.25925925925925924,ok,891.5
24,mutation_6,1,0.8444444444444444,ok,882.0
24,mutation_6,2,0.6074074074074074,ok,889.0
24,mutation_6,3,0.1111111111111111,ok,905.0
24,mutation_6,4,0.45185185185185184,ok,883.0
24,mutation_6,5,0.4222222222222222,ok,879.5
24,mutation_6,6,0.05185185185185185,ok,928.5
24,mutation_6,7,0.762962962962963,ok,879.5
24,mutation_6,8,0.4962962962962963,ok,875.0
24,mutation_6,9,0.7037037037037037,ok,891.0
24,mutation_6,10,0.0962962962962963,ok,872.0
24,mutation_6,11,0.42962962962962964,ok,892.0
24,mutation_6,12,0.4740740740740741,ok,892.0
24,mutation_6,13,0.7777777777777778,ok,885.5
24,mutation_6,14,0.06666666666666667,ok,890.0
24,mutation_7,0,0.08888888888888889,ok,1831.5
24,mutation_7,1,0.725925925925926,ok,1860.5
24,mutation_7,2,0.17777777777777778,ok,1846.5
24,mutation_7,3,0.15555555555555556,ok,1817.0
24,mutation_7,4,0.11851851851851852,ok,1865.0
24,mutation_7,5,0.32592592592592595,ok,1809.0
24,mutation_7,6,0.2074074074074074,ok,1880.0
24,mutation_7,7,0.7481481481481481,ok,1808.5
24,mutation_7,8,0.362962962962963,ok,1826.0
24,mutation_7,9,0.5111111111111111,ok,1820.0
24,mutation_7,10,0.26666666666666666,ok,1792.0
24,mutation_7,11,0.3851851851851852,ok,1823.0
24,mutation_7,12,0.2962962962962963,ok,1827.5
24,mutation_7,13,0.6518518518518519,ok,1874.5
24,mutation_7,14,0.3037037037037037,ok,1885.5
24,mutation_8,0,0.5407407407407407,ok,1254.5
24,mutation_8,1,0.7111111111111111,ok,1303.5
24,mutation_8,2,0.6888888888888889,ok,1276.5
24,mutation_8,3,0.8666666666666667,ok,1235.5
24,mutation_8,4,0.4074074074074074,ok,1294.5
24,mutation_8,5,0.7407407407407407,ok,1308.0
24,mutation_8,6,0.7925925925925926,ok,1274.0
24,mutation_8,7,0.45925925925925926,ok,1267.0
24,mutation_8,8,0.02962962962962963,ok,1251.5
24,mutation_8,9,0.7851851851851852,ok,1250.5
24,mutation_8,10,0.8,ok,1256.0
24,mutation_8,11,0.08148148148148149,ok,1269.0
24,mutation_8,12,0.5925925925925926,ok,1302.0
24,mutation_8,13,0.014814814814814815,ok,1263.0
24,mutation_8,14,0.8074074074074075,ok,1252.5
25,base,0,0.8222222222222222,ok,604.5
25,base,1,0.07407407407407407,ok,385.0
25,base,2,0.2814814814814815,ok,598.5
25,base,3,0.9629629629629629,ok,557.5
25,base,4,0.9703703703703703,ok,600.0
25,base,5,0.6888888888888889,ok,568.0
25,base,6,0.4444444444444444,ok,529.5
25,base,7,0.16296296296296298,ok,508.0
25,base,8,0.6074074074074074,ok,604.0
25,base,9,0.022222222222222223,ok,379.0
25,base,10,0.6518518518518519,ok,545.0
25,base,11,0.9555555555555556,ok,580.0
25,base,12,0.725925925925926,ok,594.5
25,base,13,0.7481481481481481,ok,586.0
25,base,14,0.3111111111111111,ok,595.0
25,mutation_1,0,0.6666666666666666,ok,625.5
25,mutation_1,1,0.037037037037037035,ok,397.5
25,mutation_1,2,0.4888888888888889,ok,601.0
25,mutation_1,3,0.13333333333333333,ok,611.0
25,mutation_1,4,0.7703703703703704,ok,567.0
25,mutation_1,5,0.8074074074074075,ok,582.5
25,mutation_1,6,0.14814814814814814,ok,593.5
25,mutation_1,7,0.9925925925925926,ok,583.5
25,mutation_1,8,0.0,ok,404.5
25,mutation_1,9,0.6148148148148148,ok,619.5
25,mutation_1,10,0.9037037037037037,ok,580.5
25,mutation_1,11,0.4074074074074074,ok,577.0
25,mutation_1,12,0.9481481481481482,ok,616.0
25,mutation_1,13,0.45185185185185184,ok,602.5
25,mutation_1,14,0.9407407407407408,ok,583.0
25,mutation_2,0,0.2,ok,580.0
25,mutation_2,1,0.1259259259259259,ok,576.0
25,mutation_2,2,0.2222222222222222,ok,561.0
25,mutation_2,3,0.6962962962962963,ok,510.5
25,mutation_2,4,0.37777777777777777,ok,598.0
25,mutation_2,5,0.4148148148148148,ok,600.0
25,mutation_2,6,0.17037037037037037,ok,523.5
25,mutation_2,7,0.6370370370370371,ok,607.5
25,mutation_2,8,0.4,ok,550.0
25,mutation_2,9,0.1925925925925926,ok,578.5
25,mutation_2,10,0.3925925925925926,ok,552.5
25,mutation_2,11,0.4666666666666667,ok,546.0
25,mutation_2,12,0.4962962962962963,ok,539.5
25,mutation_2,13,0.7851851851851852,ok,562.5
25,mutation_2,14,0.7111111111111111,ok,580.5
25,mutation_3,0,0.7185185185185186,ok,560.5
25,mutation_3,1,0.6296296296296297,ok,589.0
25,mutation_3,2,0.5185185185185185,ok,589.5
25,mutation_3,3,0.7333333333333333,ok,600.5
25,mutation_3,4,0.21481481481481482,ok,578.0
25,mutation_3,5,0.14074074074074075,ok,512.5
25,mutation_3,6,0.18518518518518517,ok,559.0
25,mutation_3,7,0.35555555555555557,ok,548.0
25,mutation_3,8,0.8666666666666667,ok,585.0
25,mutation_3,9,0.9777777777777777,ok,571.5
25,mutation_3,10,0.2518518518518518,ok,564.5
25,mutation_3,11,0.2740740740740741,ok,568.0
25,mutation_3,12,0.4222222222222222,ok,556.0
25,mutation_3,13,0.6814814814814815,ok,590.5
25,mutation_3,14,0.3333333333333333,ok,613.5
25,mutation_4,0,0.28888888888888886,ok,588.5
25,mutation_4,1,0.24444444444444444,ok,562.0
25,mutation_4,2,0.42962962962962964,ok,581.5
25,mutation_4,3,0.007407407407407408,ok,394.0
25,mutation_4,4,0.9333333333333333,ok,586.0
25,mutation_4,5,0.37037037037037035,ok,596.0
25,mutation_4,6,0.1037037037037037,ok,619.5
25,mutation_4,7,0.31851851851851853,ok,600.5
25,mutation_4,8,0.674074074074074,ok,614.0
25,mutation_4,9,0.8740740740740741,ok,614.5
25,mutation_4,10,0.43703703703703706,ok,590.0
25,mutation_4,11,0.9111111111111111,ok,594.0
25,mutation_4,12,0.23703703703703705,ok,598.5
25,mutation_4,13,0.6222222222222222,ok,610.0
25,mutation_4,14,0.044444444444444446,ok,395.0
25,mutation_5,0,0.9851851851851852,ok,585.0
25,mutation_5,1,0.34074074074074073,ok,595.0
25,mutation_5,2,0.9259259259259259,ok,576.5
25,mutation_5,3,0.5333333333333333,ok,618.0
25,mutation_5,4,0.5851851851851851,ok,445.0
25,mutation_5,5,0.34814814814814815,ok,609.0
25,mutation_5,6,0.5777777777777777,ok,616.5
25,mutation_5,7,0.5555555555555556,ok,622.5
25,mutation_5,8,0.8888888888888888,ok,602.0
25,mutation_5,9,0.05925925925925926,ok,396.5
25,mutation_5,10,0.5407407407407407,ok,552.5
25,mutation_5,11,0.6,ok,576.0
25,mutation_5,12,0.22962962962962963,ok,560.5
25,mutation_5,13,0.5703703703703704,ok,536.0
25,mutation_5,14,0.8814814814814815,ok,593.5
25,mutation_6,0,0.25925925925925924,ok,602.5
25,mutation_6,1,0.8962962962962963,ok,577.5
25,mutation_6,2,0.6592592592592592,ok,536.5
25,mutation_6,3,0.1111111111111111,ok,586.5
25,mutation_6,4,0.5037037037037037,ok,580.5
25,mutation_6,5,0.4740740740740741,ok,574.0
25,mutation_6,6,0.05185185185185185,ok,392.0
25,mutation_6,7,0.8148148148148148,ok,584.5
25,mutation_6,8,0.5481481481481482,ok,609.5
25,mutation_6,9,0.7555555555555555,ok,581.5
25,mutation_6,10,0.0962962962962963,ok,384.0
25,mutation_6,11,0.48148148148148145,ok,608.0
25,mutation_6,12,0.5259259259259259,ok,523.0
25,mutation_6,13,0.8296296296296296,ok,559.5
25,mutation_6,14,0.06666666666666667,ok,381.0
25,mutation_7,0,0.08888888888888889,ok,430.5
25,mutation_7,1,0.7777777777777778,ok,649.0
25,mutation_7,2,0.17777777777777778,ok,599.5
25,mutation_7,3,0.15555555555555556,ok,583.5
25,mutation_7,4,0.11851851851851852,ok,618.0
25,mutation_7,5,0.32592592592592595,ok,637.5
25,mutation_7,6,0.2074074074074074,ok,671.0
25,mutation_7,7,0.8,ok,636.0
25,mutation_7,8,0.362962962962963,ok,628.0
25,mutation_7,9,0.562962962962963,ok,655.5
25,mutation_7,10,0.26666666666666666,ok,599.0
25,mutation_7,11,0.3851851851851852,ok,613.0
25,mutation_7,12,0.2962962962962963,ok,605.5
25,mutation_7,13,0.7037037037037037,ok,638.5
25,mutation_7,14,0.3037037037037037,ok,622.5
25,mutation_8,0,0.5925925925925926,ok,957.5
25,mutation_8,1,0.762962962962963,ok,1193.5
25,mutation_8,2,0.7407407407407407,ok,1088.5
25,mutation_8,3,0.9185185185185185,ok,1293.5
25,mutation_8,4,0.45925925925925926,ok,1037.5
25,mutation_8,5,0.7925925925925926,ok,1273.5
25,mutation_8,6,0.8444444444444444,ok,1167.5
25,mutation_8,7,0.5111111111111111,ok,791.0
25,mutation_8,8,0.02962962962962963,ok,724.0
25,mutation_8,9,0.837037037037037,ok,1123.5
25,mutation_8,10,0.8518518518518519,ok,1208.0
25,mutation_8,11,0.08148148148148149,ok,719.0
25,mutation_8,12,0.6444444444444445,ok,1133.0
25,mutation_8,13,0.014814814814814815,ok,734.0
25,mutation_8,14,0.8592592592592593,ok,1183.5
26,base,0,0.7703703703703704,ok,2383.5
26,base,1,0.07407407407407407,ok,2519.5
26,base,2,0.2814814814814815,ok,2377.0
26,base,3,0.9111111111111111,ok,2381.0
26,base,4,0.9185185185185185,ok,2459.5
26,base,5,0.6370370370370371,ok,2472.0
26,base,6,0.9851851851851852,ok,2513.5
26,base,7,0.16296296296296298,ok,2448.5
26,base,8,0.5555555555555556,ok,2390.0
26,base,9,0.022222222222222223,ok,2407.0
26,base,10,0.6,ok,2447.0
26,base,11,0.9037037037037037,ok,2530.5
26,base,12,0.674074074074074,ok,2461.5
26,base,13,0.6962962962962963,ok,2332.5
26,base,14,0.3111111111111111,ok,2436.5
26,mutation_1,0,0.6148148148148148,ok,2543.0
26,mutation_1,1,0.037037037037037035,ok,2383.5
26,mutation_1,2,0.43703703703703706,ok,2565.0
26,mutation_1,3,0.13333333333333333,ok,2362.5
26,mutation_1,4,0.7185185185185186,ok,2505.5
26,mutation_1,5,0.7555555555555555,ok,2396.5
26,mutation_1,6,0.14814814814814814,ok,2454.0
26,mutation_1,7,0.9407407407407408,ok,2526.5
26,mutation_1,8,0.0,ok,2353.0
26,mutation_1,9,0.562962962962963,ok,2413.5
26,mutation_1,10,0.8518518518518519,ok,2412.5
26,mutation_1,11,0.9481481481481482,ok,2446.5
26,mutation_1,12,0.8962962962962963,ok,2454.0
26,mutation_1,13,0.9925925925925926,ok,2513.5
26,mutation_1,14,0.8888888888888888,ok,2507.5
26,mutation_2,0,0.2,ok,2323.0
26,mutation_2,1,0.1259259259259259,ok,2373.0
26,mutation_2,2,0.2222222222222222,ok,2325.0
26,mutation_2,3,0.6444444444444445,ok,2343.0
26,mutation_2,4,0.37777777777777777,ok,2331.5
26,mutation_2,5,0.9555555555555556,ok,2359.5
26,mutation_2,6,0.17037037037037037,ok,2310.5
26,mutation_2,7,0.5851851851851851,ok,2363.5
26,mutation_2,8,0.4,ok,2314.0
26,mutation_2,9,0.1925925925925926,ok,2311.0
26,mutation_2,10,0.3925925925925926,ok,2341.5
26,mutation_2,11,0.4148148148148148,ok,2304.0
26,mutation_2,12,0.4444444444444444,ok,2339.0
26,mutation_2,13,0.7333333333333333,ok,2384.0
26,mutation_2,14,0.6592592592592592,ok,2311.5
26,mutation_3,0,0.6666666666666666,ok,2476.0
26,mutation_3,1,0.5777777777777777,ok,2432.5
26,mutation_3,2,0.4666666666666667,ok,2398.0
26,mutation_3,3,0.6814814814814815,ok,2485.0
26,mutation_3,4,0.21481481481481482,ok,2422.5
26,mutation_3,5,0.14074074074074075,ok,2390.5
26,mutation_3,6,0.18518518518518517,ok,2397.5
26,mutation_3,7,0.35555555555555557,ok,2353.5
26,mutation_3,8,0.8148148148148148,ok,2348.5
26,mutation_3,9,0.9259259259259259,ok,2519.5
26,mutation_3,10,0.2518518518518518,ok,2395.0
26,mutation_3,11,0.2740740740740741,ok,2409.0
26,mutation_3,12,0.9629629629629629,ok,2445.0
26,mutation_3,13,0.6296296296296297,ok,2476.5
26,mutation_3,14,0.3333333333333333,ok,2450.0
26,mutation_4,0,0.28888888888888886,ok,1680.5
26,mutation_4,1,0.24444444444444444,ok,1697.0
26,mutation_4,2,0.9703703703703703,ok,1743.0
26,mutation_4,3,0.007407407407407408,ok,1667.5
26,mutation_4,4,0.8814814814814815,ok,1706.0
26,mutation_4,5,0.37037037037037035,ok,1743.5
26,mutation_4,6,0.1037037037037037,ok,1725.0
26,mutation_4,7,0.31851851851851853,ok,1696.0
26,mutation_4,8,0.6222222222222222,ok,1708.5
26,mutation_4,9,0.8222222222222222,ok,1698.0
26,mutation_4,10,0.9777777777777777,ok,1702.0
26,mutation_4,11,0.8592592592592593,ok,1717.0
26,mutation_4,12,0.23703703703703705,ok,1693.5
26,mutation_4,13,0.5703703703703704,ok,1701.5
26,mutation_4,14,0.044444444444444446,ok,1732.0
26,mutation_5,0,0.9333333333333333,failed,
26,mutation_5,1,0.34074074074074073,failed,
26,mutation_5,2,0.8740740740740741,failed,
26,mutation_5,3,0.48148148148148145,failed,
26,mutation_5,4,0.5333333333333333,failed,
26,mutation_5,5,0.34814814814814815,failed,
26,mutation_5,6,0.5259259259259259,failed,
26,mutation_5,7,0.5037037037037037,failed,
26,mutation_5,8,0.837037037037037,failed,
26,mutation_5,9,0.05925925925925926,failed,
26,mutation_5,10,0.4888888888888889,failed,
26,mutation_5,11,0.5481481481481482,failed,
26,mutation_5,12,0.22962962962962963,failed,
26,mutation_5,13,0.5185185185185185,failed,
26,mutation_5,14,0.8296296296296296,failed,
26,mutation_6,0,0.25925925925925924,ok,2403.5
26,mutation_6,1,0.8444444444444444,ok,2372.0
26,mutation_6,2,0.6074074074074074,ok,2465.0
26,mutation_6,3,0.1111111111111111,ok,2532.0
26,mutation_6,4,0.45185185185185184,ok,2421.5
26,mutation_6,5,0.4222222222222222,ok,2404.5
26,mutation_6,6,0.05185185185185185,ok,2519.5
26,mutation_6,7,0.762962962962963,ok,2538.0
26,mutation_6,8,0.4962962962962963,ok,2360.0
26,mutation_6,9,0.7037037037037037,ok,2356.0
26,mutation_6,10,0.0962962962962963,ok,2328.0
26,mutation_6,11,0.42962962962962964,ok,2465.5
26,mutation_6,12,0.4740740740740741,ok,2368.5
26,mutation_6,13,0.7777777777777778,ok,2477.0
26,mutation_6,14,0.06666666666666667,ok,2312.0
26,mutation_7,0,0.08888888888888889,ok,3636.0
26,mutation_7,1,0.725925925925926,ok,3702.0
26,mutation_7,2,0.17777777777777778,ok,3569.0
26,mutation_7,3,0.15555555555555556,ok,3660.0
26,mutation_7,4,0.11851851851851852,ok,3624.0
26,mutation_7,5,0.32592592592592595,ok,3680.5
26,mutation_7,6,0.2074074074074074,ok,3737.5
26,mutation_7,7,0.7481481481481481,ok,3679.5
26,mutation_7,8,0.362962962962963,ok,3570.5
26,mutation_7,9,0.5111111111111111,ok,3661.0
26,mutation_7,10,0.26666666666666666,ok,3611.5
26,mutation_7,11,0.3851851851851852,ok,3639.5
26,mutation_7,12,0.2962962962962963,ok,3451.5
26,mutation_7,13,0.6518518518518519,ok,3652.0
26,mutation_7,14,0.3037037037037037,ok,3692.0
26,mutation_8,0,0.5407407407407407,ok,2539.0
26,mutation_8,1,0.7111111111111111,ok,2460.5
26,mutation_8,2,0.6888888888888889,ok,2479.0
26,mutation_8,3,0.8666666666666667,ok,2504.0
26,mutation_8,4,0.4074074074074074,ok,2522.0
26,mutation_8,5,0.7407407407407407,ok,2449.0
26,mutation_8,6,0.7925925925925926,ok,2497.5
26,mutation_8,7,0.45925925925925926,ok,2377.0
26,mutation_8,8,0.02962962962962963,ok,2412.5
26,mutation_8,9,0.7851851851851852,ok,2379.5
26,mutation_8,10,0.8,ok,2380.5
26,mutation_8,11,0.08148148148148149,ok,2655.0
26,mutation_8,12,0.5925925925925926,ok,2412.0
26,mutation_8,13,0.014814814814814815,ok,2621.0
26,mutation_8,14,0.8074074074074075,ok,2513.5
27,base,0,0.7,ok,2231.0
27,base,1,0.20833333333333334,ok,2266.0
27,base,2,0.48333333333333334,ok,2298.0
27,base,3,0.975,ok,2225.0
27,base,4,0.8583333333333333,ok,2227.5
27,base,5,0.575,ok,2237.5
27,base,6,0.425,ok,2292.5
27,base,7,0.2,ok,2262.0
27,base,8,0.16666666666666666,ok,2263.0
27,base,9,0.0,ok,2455.0
27,base,10,0.5416666666666666,ok,2223.5
27,base,11,0.8833333333333333,ok,2285.5
27,base,12,0.6083333333333333,ok,2281.0
27,base,13,0.9166666666666666,ok,2251.5
27,base,14,0.9833333333333333,ok,2206.5
27,mutation_1,0,0.5583333333333333,ok,2386.5
27,mutation_1,1,0.11666666666666667,ok,2391.5
27,mutation_1,2,0.9333333333333333,ok,2390.0
27,mutation_1,3,0.45,ok,2380.0
27,mutation_1,4,0.6583333333333333,ok,2400.5
27,mutation_1,5,0.6916666666666667,ok,2376.0
27,mutation_1,6,0.25,ok,2346.0
27,mutation_1,7,0.35833333333333334,ok,2353.5
27,mutation_1,8,0.38333333333333336,ok,2302.0
27,mutation_1,9,0.4166666666666667,ok,2329.5
27,mutation_1,10,0.7833333333333333,ok,2317.5
27,mutation_1,11,0.23333333333333334,ok,2308.0
27,mutation_1,12,0.8333333333333334,ok,2391.0
27,mutation_1,13,0.9416666666666667,ok,2316.0
27,mutation_1,14,0.825,ok,2382.0
27,mutation_3,0,0.041666666666666664,ok,2347.5
27,mutation_3,1,0.95,ok,2304.0
27,mutation_3,2,0.10833333333333334,ok,2326.0
27,mutation_3,3,0.5833333333333334,ok,2286.5
27,mutation_3,4,0.30833333333333335,ok,2241.0
27,mutation_3,5,0.9583333333333334,ok,2203.5
27,mutation_3,6,0.5166666666666667,ok,2274.5
27,mutation_3,7,0.5333333333333333,ok,2322.5
27,mutation_3,8,0.325,ok,2200.0
27,mutation_3,9,0.2916666666666667,ok,2223.5
27,mutation_3,10,0.39166666666666666,ok,2238.0
27,mutation_3,11,0.26666666666666666,ok,2208.0
27,mutation_3,12,0.475,ok,2290.5
27,mutation_3,13,0.675,ok,2226.0
27,mutation_3,14,0.5916666666666667,ok,2418.5
27,mutation_4,0,0.6,ok,2250.0
27,mutation_4,1,0.525,ok,2249.5
27,mutation_4,2,0.08333333333333333,ok,2266.5
27,mutation_4,3,0.6166666666666667,ok,2238.5
27,mutation_4,4,0.4583333333333333,ok,2280.0
27,mutation_4,5,0.275,ok,2222.5
27,mutation_4,6,0.15,ok,2239.5
27,mutation_4,7,0.25833333333333336,ok,2279.0
27,mutation_4,8,0.7416666666666667,ok,2246.5
27,mutation_4,9,0.8666666666666667,ok,2290.0
27,mutation_4,10,0.3416666666666667,ok,2381.5
27,mutation_4,11,0.43333333333333335,ok,2230.0
27,mutation_4,12,0.725,ok,2410.0
27,mutation_4,13,0.5666666666666667,ok,2257.5
27,mutation_4,14,0.3333333333333333,ok,2246.0
27,mutation_5,0,0.31666666666666665,ok,2232.0
27,mutation_5,1,0.175,ok,2233.5
27,mutation_5,2,0.125,ok,2250.0
27,mutation_5,3,0.36666666666666664,ok,2219.5
27,mutation_5,4,0.8166666666666667,ok,2250.0
27,mutation_5,5,0.375,ok,2234.5
27,mutation_5,6,0.2833333333333333,ok,2340.0
27,mutation_5,7,0.3,ok,2235.0
27,mutation_5,8,0.15833333333333333,ok,2244.0
27,mutation_5,9,0.8916666666666667,ok,2352.5
27,mutation_5,10,0.225,ok,2219.5
27,mutation_5,11,0.7916666666666666,ok,2243.5
27,mutation_5,12,0.5,ok,2342.5
27,mutation_5,13,0.5083333333333333,ok,2244.0
27,mutation_5,14,0.55,ok,2212.0
27,mutation_6,0,0.875,ok,2225.5
27,mutation_6,1,0.35,ok,2233.5
27,mutation_6,2,0.8083333333333333,ok,2231.5
27,mutation_6,3,0.21666666666666667,ok,2246.5
27,mutation_6,4,0.09166666666666666,ok,2298.5
27,mutation_6,5,0.24166666666666667,ok,2233.5
27,mutation_6,6,0.9916666666666667,ok,2262.0
27,mutation_6,7,0.13333333333333333,ok,2331.5
27,mutation_6,8,0.7666666666666667,ok,2260.0
27,mutation_6,9,0.008333333333333333,ok,2229.5
27,mutation_6,10,0.6666666666666666,ok,2233.5
27,mutation_6,11,0.9083333333333333,ok,2213.0
27,mutation_6,12,0.058333333333333334,ok,2248.0
27,mutation_6,13,0.1,ok,2388.5
27,mutation_6,14,0.7583333333333333,ok,2291.0
27,mutation_7,0,0.44166666666666665,ok,4139.0
27,mutation_7,1,0.775,ok,4132.0
27,mutation_7,2,0.03333333333333333,ok,4246.5
27,mutation_7,3,0.05,ok,4201.5
27,mutation_7,4,0.9666666666666667,ok,4089.5
27,mutation_7,5,0.016666666666666666,ok,4404.0
27,mutation_7,6,0.06666666666666667,ok,4235.0
27,mutation_7,7,0.14166666666666666,ok,4151.5
27,mutation_7,8,0.18333333333333332,ok,4139.5
27,mutation_7,9,0.4,ok,4177.0
27,mutation_7,10,0.65,ok,4085.5
27,mutation_7,11,0.625,ok,4139.0
27,mutation_7,12,0.8,ok,4057.0
27,mutation_7,13,0.49166666666666664,ok,4179.0
27,mutation_7,14,0.6833333333333333,ok,4131.5
27,mutation_8,0,0.7166666666666667,ok,2278.5
27,mutation_8,1,0.8416666666666667,ok,2256.0
27,mutation_8,2,0.75,ok,2290.5
27,mutation_8,3,0.19166666666666668,ok,2233.5
27,mutation_8,4,0.075,ok,2343.0
27,mutation_8,5,0.6333333333333333,ok,2266.0
27,mutation_8,6,0.9,ok,2249.0
27,mutation_8,7,0.4083333333333333,ok,2337.0
27,mutation_8,8,0.7333333333333333,ok,2277.0
27,mutation_8,9,0.025,ok,2317.5
27,mutation_8,10,0.7083333333333334,ok,2235.0
27,mutation_8,11,0.925,ok,2268.5
27,mutation_8,12,0.85,ok,2287.0
27,mutation_8,13,0.4666666666666667,ok,2321.5
27,mutation_8,14,0.6416666666666667,ok,2277.5
28,base,0,0.48148148148148145,ok,3630.5
28,base,1,0.07407407407407407,ok,3565.5
28,base,2,0.8962962962962963,ok,2242.0
28,base,3,0.6222222222222222,ok,3730.5
28,base,4,0.6296296296296297,ok,3752.5
28,base,5,0.34814814814814815,ok,3747.5
28,base,6,0.6962962962962963,ok,3760.0
28,base,7,0.7777777777777778,ok,2220.0
28,base,8,0.26666666666666666,ok,3655.5
28,base,9,0.022222222222222223,ok,3758.5
28,base,10,0.3111111111111111,ok,3755.5
28,base,11,0.6148148148148148,ok,3421.5
28,base,12,0.3851851851851852,ok,3746.5
28,base,13,0.4074074074074074,ok,3724.0
28,base,14,0.9259259259259259,ok,2235.0
28,mutation_1,0,0.32592592592592595,ok,3759.0
28,mutation_1,1,0.037037037037037035,ok,3920.5
28,mutation_1,2,0.14814814814814814,ok,3842.0
28,mutation_1,3,0.7481481481481481,ok,2322.5
28,mutation_1,4,0.42962962962962964,ok,3581.5
28,mutation_1,5,0.4666666666666667,ok,3627.5
28,mutation_1,6,0.762962962962963,ok,2272.5
28,mutation_1,7,0.6518518518518519,ok,3320.5
28,mutation_1,8,0.0,ok,3816.5
28,mutation_1,9,0.2740740740740741,ok,3894.5
28,mutation_1,10,0.562962962962963,ok,3448.0
28,mutation_1,11,0.6592592592592592,ok,3759.0
28,mutation_1,12,0.6074074074074074,ok,3896.0
28,mutation_1,13,0.7037037037037037,ok,3613.5
28,mutation_1,14,0.6,ok,3899.0
28,mutation_2,0,0.8148148148148148,ok,2228.0
28,mutation_2,1,0.7407407407407407,ok,2295.0
28,mutation_2,2,0.837037037037037,ok,2304.5
28,mutation_2,3,0.35555555555555557,ok,3308.0
28,mutation_2,4,0.9925925925925926,ok,2264.0
28,mutation_2,5,0.6666666666666666,ok,3245.0
28,mutation_2,6,0.7851851851851852,ok,2249.5
28,mutation_2,7,0.2962962962962963,ok,3784.5
28,mutation_2,8,0.1111111111111111,ok,3854.5
28,mutation_2,9,0.8074074074074075,ok,2276.5
28,mutation_2,10,0.1037037037037037,ok,3769.0
28,mutation_2,11,0.1259259259259259,ok,3032.0
28,mutation_2,12,0.15555555555555556,ok,3782.5
28,mutation_2,13,0.4444444444444444,ok,3817.0
28,mutation_2,14,0.37037037037037035,ok,3731.0
28,mutation_3,0,0.37777777777777777,ok,4000.5
28,mutation_3,1,0.28888888888888886,ok,4000.0
28,mutation_3,2,0.17777777777777778,ok,3975.0
28,mutation_3,3,0.3925925925925926,ok,3909.5
28,mutation_3,4,0.8296296296296296,ok,2458.0
28,mutation_3,5,0.7555555555555555,ok,2468.0
28,mutation_3,6,0.8,ok,2334.5
28,mutation_3,7,0.9703703703703703,ok,2368.0
28,mutation_3,8,0.5259259259259259,ok,3896.0
28,mutation_3,9,0.6370370370370371,ok,3998.5
28,mutation_3,10,0.8666666666666667,ok,2358.5
28,mutation_3,11,0.8888888888888888,ok,2338.5
28,mutation_3,12,0.674074074074074,ok,3512.0
28,mutation_3,13,0.34074074074074073,ok,3926.0
28,mutation_3,14,0.9481481481481482,ok,2563.0
28,mutation_4,0,0.9037037037037037,ok,2191.5
28,mutation_4,1,0.8592592592592593,ok,2211.0
28,mutation_4,2,0.6814814814814815,ok,3793.0
28,mutation_4,3,0.007407407407407408,ok,3791.5
28,mutation_4,4,0.5925925925925926,ok,3816.0
28,mutation_4,5,0.9851851851851852,ok,2200.5
28,mutation_4,6,0.7185185185185186,ok,2206.5
28,mutation_4,7,0.9333333333333333,ok,2247.0
28,mutation_4,8,0.3333333333333333,ok,3735.5
28,mutation_4,9,0.5333333333333333,ok,3825.0
28,mutation_4,10,0.6888888888888889,ok,3836.5
28,mutation_4,11,0.5703703703703704,ok,3780.5
28,mutation_4,12,0.8518518518518519,ok,2247.0
28,mutation_4,13,0.2814814814814815,ok,3727.5
28,mutation_4,14,0.044444444444444446,ok,3711.0
28,mutation_5,0,0.6444444444444445,ok,3758.0
28,mutation_5,1,0.9555555555555556,ok,2206.0
28,mutation_5,2,0.5851851851851851,ok,3790.5
28,mutation_5,3,0.1925925925925926,ok,3774.0
28,mutation_5,4,0.24444444444444444,ok,3121.0
28,mutation_5,5,0.9629629629629629,ok,2278.0
28,mutation_5,6,0.23703703703703705,ok,3851.5
28,mutation_5,7,0.21481481481481482,ok,3758.0
28,mutation_5,8,0.5481481481481482,ok,3816.0
28,mutation_5,9,0.05925925925925926,ok,3542.0
28,mutation_5,10,0.2,ok,3747.0
28,mutation_5,11,0.25925925925925924,ok,3746.0
28,mutation_5,12,0.8444444444444444,ok,2208.5
28,mutation_5,13,0.22962962962962963,ok,3818.0
28,mutation_5,14,0.5407407407407407,ok,3758.0
28,mutation_6,0,0.8740740740740741,ok,2231.0
28,mutation_6,1,0.5555555555555556,ok,3689.5
28,mutation_6,2,0.31851851851851853,ok,3814.5
28,mutation_6,3,0.725925925925926,ok,2210.5
28,mutation_6,4,0.16296296296296298,ok,3778.0
28,mutation_6,5,0.13333333333333333,ok,3736.0
28,mutation_6,6,0.05185185185185185,ok,3802.0
28,mutation_6,7,0.4740740740740741,ok,3721.0
28,mutation_6,8,0.2074074074074074,ok,3716.5
28,mutation_6,9,0.4148148148148148,ok,3731.5
28,mutation_6,10,0.7111111111111111,ok,2215.0
28,mutation_6,11,0.14074074074074075,ok,3769.0
28,mutation_6,12,0.18518518518518517,ok,3733.0
28,mutation_6,13,0.4888888888888889,ok,3108.5
28,mutation_6,14,0.06666666666666667,ok,3640.5
28,mutation_7,0,0.08888888888888889,ok,3854.0
28,mutation_7,1,0.43703703703703706,ok,3947.5
28,mutation_7,2,0.7925925925925926,ok,2289.0
28,mutation_7,3,0.7703703703703704,ok,2337.0
28,mutation_7,4,0.7333333333333333,ok,2363.0
28,mutation_7,5,0.9407407407407408,ok,2448.0
28,mutation_7,6,0.8222222222222222,ok,2399.5
28,mutation_7,7,0.45925925925925926,ok,3897.5
28,mutation_7,8,0.9777777777777777,ok,2427.0
28,mutation_7,9,0.2222222222222222,ok,3971.0
28,mutation_7,10,0.8814814814814815,ok,2331.0
28,mutation_7,11,0.0962962962962963,ok,3923.5
28,mutation_7,12,0.9111111111111111,ok,2393.0
28,mutation_7,13,0.362962962962963,ok,3910.5
28,mutation_7,14,0.9185185185185185,ok,2340.5
28,mutation_8,0,0.2518518518518518,ok,3809.5
28,mutation_8,1,0.4222222222222222,ok,3775.5
28,mutation_8,2,0.4,ok,3833.0
28,mutation_8,3,0.5777777777777777,ok,3721.0
28,mutation_8,4,0.11851851851851852,ok,3782.0
28,mutation_8,5,0.45185185185185184,ok,3895.5
28,mutation_8,6,0.5037037037037037,ok,3824.5
28,mutation_8,7,0.17037037037037037,ok,3883.5
28,mutation_8,8,0.02962962962962963,ok,3809.0
28,mutation_8,9,0.4962962962962963,ok,3535.0
28,mutation_8,10,0.5111111111111111,ok,3865.0
28,mutation_8,11,0.08148148148148149,ok,3771.0
28,mutation_8,12,0.3037037037037037,ok,3804.0
28,mutation_8,13,0.014814814814814815,ok,3821.5
28,mutation_8,14,0.5185185185185185,ok,3563.0
29,base,0,0.7703703703703704,ok,2134.5
29,base,1,0.07407407407407407,ok,2098.0
29,base,2,0.2814814814814815,ok,2088.5
29,base,3,0.9111111111111111,ok,2109.0
29,base,4,0.9185185185185185,ok,2143.5
29,base,5,0.6370370370370371,ok,2098.5
29,base,6,0.9851851851851852,ok,2171.0
29,base,7,0.16296296296296298,ok,2104.5
29,base,8,0.5555555555555556,ok,2105.0
29,base,9,0.022222222222222223,ok,2113.0
29,base,10,0.6,ok,2102.0
29,base,11,0.9037037037037037,ok,2110.0
29,base,12,0.674074074074074,ok,2097.5
29,base,13,0.6962962962962963,ok,2097.5
29,base,14,0.3111111111111111,ok,2127.0
29,mutation_1,0,0.6148148148148148,ok,2125.5
29,mutation_1,1,0.037037037037037035,ok,2106.5
29,mutation_1,2,0.43703703703703706,ok,2129.5
29,mutation_1,3,0.13333333333333333,ok,2161.0
29,mutation_1,4,0.7185185185185186,ok,2250.5
29,mutation_1,5,0.7555555555555555,ok,2155.5
29,mutation_1,6,0.14814814814814814,ok,2159.5
29,mutation_1,7,0.9407407407407408,ok,2136.5
29,mutation_1,8,0.0,ok,2194.0
29,mutation_1,9,0.562962962962963,ok,2162.5
29,mutation_1,10,0.8518518518518519,ok,2153.0
29,mutation_1,11,0.9481481481481482,ok,2164.5
29,mutation_1,12,0.8962962962962963,ok,2133.0
29,mutation_1,13,0.9925925925925926,ok,2130.5
29,mutation_1,14,0.8888888888888888,ok,2146.5
29,mutation_2,0,0.2,ok,2142.5
29,mutation_2,1,0.1259259259259259,ok,2186.0
29,mutation_2,2,0.2222222222222222,ok,2144.5
29,mutation_2,3,0.6444444444444445,ok,2135.5
29,mutation_2,4,0.37777777777777777,ok,2114.0
29,mutation_2,5,0.9555555555555556,ok,2120.0
29,mutation_2,6,0.17037037037037037,ok,2141.0
29,mutation_2,7,0.5851851851851851,ok,2135.5
29,mutation_2,8,0.4,ok,2213.5
29,mutation_2,9,0.1925925925925926,ok,2150.5
29,mutation_2,10,0.3925925925925926,ok,2186.5
29,mutation_2,11,0.4148148148148148,ok,2143.0
29,mutation_2,12,0.4444444444444444,ok,2104.5
29,mutation_2,13,0.7333333333333333,ok,2124.5
29,mutation_2,14,0.6592592592592592,ok,2194.0
29,mutation_3,0,0.6666666666666666,ok,2219.0
29,mutation_3,1,0.5777777777777777,ok,2142.0
29,mutation_3,2,0.4666666666666667,ok,2143.5
29,mutation_3,3,0.6814814814814815,ok,2093.5
29,mutation_3,4,0.21481481481481482,ok,2157.0
29,mutation_3,5,0.14074074074074075,ok,2185.5
29,mutation_3,6,0.18518518518518517,ok,2103.0
29,mutation_3,7,0.35555555555555557,ok,2167.0
29,mutation_3,8,0.8148148148148148,ok,2122.5
29,mutation_3,9,0.9259259259259259,ok,2124.5
29,mutation_3,10,0.2518518518518518,ok,2131.5
29,mutation_3,11,0.2740740740740741,ok,2120.0
29,mutation_3,12,0.9629629629629629,ok,2177.0
29,mutation_3,13,0.6296296296296297,ok,2102.5
29,mutation_3,14,0.3333333333333333,ok,2118.0
29,mutation_4,0,0.28888888888888886,ok,2143.0
29,mutation_4,1,0.24444444444444444,ok,2143.0
29,mutation_4,2,0.9703703703703703,ok,2200.0
29,mutation_4,3,0.007407407407407408,ok,2205.5
29,mutation_4,4,0.8814814814814815,ok,2109.5
29,mutation_4,5,0.37037037037037035,ok,2179.0
29,mutation_4,6,0.1037037037037037,ok,2159.5
29,mutation_4,7,0.31851851851851853,ok,2134.5
29,mutation_4,8,0.6222222222222222,ok,2129.5
29,mutation_4,9,0.8222222222222222,ok,2097.5
29,mutation_4,10,0.9777777777777777,ok,2140.0
29,mutation_4,11,0.8592592592592593,ok,2215.0
29,mutation_4,12,0.23703703703703705,ok,2119.5
29,mutation_4,13,0.5703703703703704,ok,2134.0
29,mutation_4,14,0.044444444444444446,ok,2166.0
29,mutation_5,0,0.9333333333333333,ok,2171.0
29,mutation_5,1,0.34074074074074073,ok,2185.5
29,mutation_5,2,0.8740740740740741,ok,2175.0
29,mutation_5,3,0.48148148148148145,ok,2121.0
29,mutation_5,4,0.5333333333333333,ok,2123.0
29,mutation_5,5,0.34814814814814815,ok,2138.0
29,mutation_5,6,0.5259259259259259,ok,2134.0
29,mutation_5,7,0.5037037037037037,ok,2124.0
29,mutation_5,8,0.837037037037037,ok,2161.5
29,mutation_5,9,0.05925925925925926,ok,2102.5
29,mutation_5,10,0.4888888888888889,ok,2099.5
29,mutation_5,11,0.5481481481481482,ok,2110.0
29,mutation_5,12,0.22962962962962963,ok,2114.0
29,mutation_5,13,0.5185185185185185,ok,2107.0
29,mutation_5,14,0.8296296296296296,ok,2158.0
29,mutation_6,0,0.25925925925925924,ok,2053.5
29,mutation_6,1,0.8444444444444444,ok,2075.0
29,mutation_6,2,0.6074074074074074,ok,2110.0
29,mutation_6,3,0.1111111111111111,ok,2051.0
29,mutation_6,4,0.45185185185185184,ok,2124.0
29,mutation_6,5,0.4222222222222222,ok,2093.0
29,mutation_6,6,0.05185185185185185,ok,2067.5
29,mutation_6,7,0.762962962962963,ok,2112.0
29,mutation_6,8,0.4962962962962963,ok,2090.0
29,mutation_6,9,0.7037037037037037,ok,2063.0
29,mutation_6,10,0.0962962962962963,ok,2065.0
29,mutation_6,11,0.42962962962962964,ok,2101.5
29,mutation_6,12,0.4740740740740741,ok,2062.0
29,mutation_6,13,0.7777777777777778,ok,2116.5
29,mutation_6,14,0.06666666666666667,ok,2085.0
29,mutation_7,0,0.08888888888888889,ok,6455.0
29,mutation_7,1,0.725925925925926,ok,6485.5
29,mutation_7,2,0.17777777777777778,ok,6441.0
29,mutation_7,3,0.15555555555555556,ok,6570.5
29,mutation_7,4,0.11851851851851852,ok,6615.0
29,mutation_7,5,0.32592592592592595,ok,6438.5
29,mutation_7,6,0.2074074074074074,ok,6586.5
29,mutation_7,7,0.7481481481481481,ok,6498.5
29,mutation_7,8,0.362962962962963,ok,6607.0
29,mutation_7,9,0.5111111111111111,ok,6690.5
29,mutation_7,10,0.26666666666666666,ok,6566.5
29,mutation_7,11,0.3851851851851852,ok,6757.0
29,mutation_7,12,0.2962962962962963,ok,6516.0
29,mutation_7,13,0.6518518518518519,ok,6666.0
29,mutation_7,14,0.3037037037037037,ok,6506.5
29,mutation_8,0,0.5407407407407407,ok,2138.5
29,mutation_8,1,0.7111111111111111,ok,2232.0
29,mutation_8,2,0.6888888888888889,ok,2224.0
29,mutation_8,3,0.8666666666666667,ok,2182.5
29,mutation_8,4,0.4074074074074074,ok,2187.0
29,mutation_8,5,0.7407407407407407,ok,2142.0
29,mutation_8,6,0.7925925925925926,ok,2147.0
29,mutation_8,7,0.45925925925925926,ok,2187.0
29,mutation_8,8,0.02962962962962963,ok,2201.5
29,mutation_8,9,0.7851851851851852,ok,2224.5
29,mutation_8,10,0.8,ok,2147.5
29,mutation_8,11,0.08148148148148149,ok,2166.0
29,mutation_8,12,0.5925925925925926,ok,2180.0
29,mutation_8,13,0.014814814814814815,ok,2200.5
29,mutation_8,14,0.8074074074074075,ok,2166.0
30,base,0,0.7703703703703704,ok,347.0
30,base,1,0.07407407407407407,ok,360.0
30,base,2,0.2814814814814815,ok,371.5
30,base,3,0.9111111111111111,ok,375.0
30,base,4,0.9185185185185185,ok,368.5
30,base,5,0.6370370370370371,ok,349.5
30,base,6,0.9851851851851852,ok,346.0
30,base,7,0.16296296296296298,ok,346.0
30,base,8,0.5555555555555556,ok,344.5
30,base,9,0.022222222222222223,ok,369.0
30,base,10,0.6,ok,350.0
30,base,11,0.9037037037037037,ok,340.0
30,base,12,0.674074074074074,ok,359.0
30,base,13,0.6962962962962963,ok,362.0
30,base,14,0.3111111111111111,ok,363.5
30,mutation_1,0,0.6148148148148148,ok,356.5
30,mutation_1,1,0.037037037037037035,ok,362.0
30,mutation_1,2,0.43703703703703706,ok,375.0
30,mutation_1,3,0.13333333333333333,ok,358.5
30,mutation_1,4,0.7185185185185186,ok,381.5
30,mutation_1,5,0.7555555555555555,ok,369.5
30,mutation_1,6,0.14814814814814814,ok,370.0
30,mutation_1,7,0.9407407407407408,ok,351.5
30,mutation_1,8,0.0,ok,352.0
30,mutation_1,9,0.562962962962963,ok,368.0
30,mutation_1,10,0.8518518518518519,ok,370.5
30,mutation_1,11,0.9481481481481482,ok,368.0
30,mutation_1,12,0.8962962962962963,ok,351.5
30,mutation_1,13,0.9925925925925926,ok,365.5
30,mutation_1,14,0.8888888888888888,ok,369.0
30,mutation_2,0,0.2,ok,310.0
30,mutation_2,1,0.1259259259259259,ok,285.5
30,mutation_2,2,0.2222222222222222,ok,298.5
30,mutation_2,3,0.6444444444444445,ok,299.5
30,mutation_2,4,0.37777777777777777,ok,284.0
30,mutation_2,5,0.9555555555555556,ok,281.5
30,mutation_2,6,0.17037037037037037,ok,307.0
30,mutation_2,7,0.5851851851851851,ok,299.0
30,mutation_2,8,0.4,ok,286.5
30,mutation_2,9,0.1925925925925926,ok,289.0
30,mutation_2,10,0.3925925925925926,ok,291.0
30,mutation_2,11,0.4148148148148148,ok,306.0
30,mutation_2,12,0.4444444444444444,ok,301.5
30,mutation_2,13,0.7333333333333333,ok,314.5
30,mutation_2,14,0.6592592592592592,ok,327.5
30,mutation_3,0,0.6666666666666666,ok,378.0
30,mutation_3,1,0.5777777777777777,ok,363.0
30,mutation_3,2,0.4666666666666667,ok,351.0
30,mutation_3,3,0.6814814814814815,ok,373.0
30,mutation_3,4,0.21481481481481482,ok,364.5
30,mutation_3,5,0.14074074074074075,ok,346.0
30,mutation_3,6,0.18518518518518517,ok,350.0
30,mutation_3,7,0.35555555555555557,ok,353.0
30,mutation_3,8,0.8148148148148148,ok,353.5
30,mutation_3,9,0.9259259259259259,ok,369.5
30,mutation_3,10,0.2518518518518518,ok,351.0
30,mutation_3,11,0.2740740740740741,ok,335.5
30,mutation_3,12,0.9629629629629629,ok,356.0
30,mutation_3,13,0.6296296296296297,ok,336.0
30,mutation_3,14,0.3333333333333333,ok,364.0
30,mutation_4,0,0.28888888888888886,ok,385.0
30,mutation_4,1,0.24444444444444444,ok,349.0
30,mutation_4,2,0.9703703703703703,ok,357.0
30,mutation_4,3,0.007407407407407408,ok,346.0
30,mutation_4,4,0.8814814814814815,ok,361.0
30,mutation_4,5,0.37037037037037035,ok,348.0
30,mutation_4,6,0.1037037037037037,ok,379.5
30,mutation_4,7,0.31851851851851853,ok,354.0
30,mutation_4,8,0.6222222222222222,ok,347.5
30,mutation_4,9,0.8222222222222222,ok,352.0
30,mutation_4,10,0.9777777777777777,ok,381.5
30,mutation_4,11,0.8592592592592593,ok,356.0
30,mutation_4,12,0.23703703703703705,ok,379.0
30,mutation_4,13,0.5703703703703704,ok,383.0
30,mutation_4,14,0.044444444444444446,ok,374.0
30,mutation_5,0,0.9333333333333333,ok,350.0
30,mutation_5,1,0.34074074074074073,ok,358.5
30,mutation_5,2,0.8740740740740741,ok,362.0
30,mutation_5,3,0.48148148148148145,ok,371.0
30,mutation_5,4,0.5333333333333333,ok,383.0
30,mutation_5,5,0.34814814814814815,ok,356.0
30,mutation_5,6,0.5259259259259259,ok,346.0
30,mutation_5,7,0.5037037037037037,ok,345.0
30,mutation_5,8,0.837037037037037,ok,345.0
30,mutation_5,9,0.05925925925925926,ok,351.0
30,mutation_5,10,0.4888888888888889,ok,377.0
30,mutation_5,11,0.5481481481481482,ok,347.5
30,mutation_5,12,0.22962962962962963,ok,348.5
30,mutation_5,13,0.5185185185185185,ok,341.0
30,mutation_5,14,0.8296296296296296,ok,332.5
30,mutation_6,0,0.25925925925925924,ok,344.5
30,mutation_6,1,0.8444444444444444,ok,347.0
30,mutation_6,2,0.6074074074074074,ok,366.0
30,mutation_6,3,0.1111111111111111,ok,342.5
30,mutation_6,4,0.45185185185185184,ok,356.5
30,mutation_6,5,0.4222222222222222,ok,361.5
30,mutation_6,6,0.05185185185185185,ok,354.0
30,mutation_6,7,0.762962962962963,ok,347.5
30,mutation_6,8,0.4962962962962963,ok,338.0
30,mutation_6,9,0.7037037037037037,ok,345.0
30,mutation_6,10,0.0962962962962963,ok,352.0
30,mutation_6,11,0.42962962962962964,ok,359.5
30,mutation_6,12,0.4740740740740741,ok,347.5
30,mutation_6,13,0.7777777777777778,ok,364.0
30,mutation_6,14,0.06666666666666667,ok,352.0
30,mutation_7,0,0.08888888888888889,ok,360.5
30,mutation_7,1,0.725925925925926,ok,357.0
30,mutation_7,2,0.17777777777777778,ok,344.5
30,mutation_7,3,0.15555555555555556,ok,375.5
30,mutation_7,4,0.11851851851851852,ok,350.0
30,mutation_7,5,0.32592592592592595,ok,364.0
30,mutation_7,6,0.2074074074074074,ok,358.0
30,mutation_7,7,0.7481481481481481,ok,369.0
30,mutation_7,8,0.362962962962963,ok,365.5
30,mutation_7,9,0.5111111111111111,ok,379.0
30,mutation_7,10,0.26666666666666666,ok,349.0
30,mutation_7,11,0.3851851851851852,ok,360.0
30,mutation_7,12,0.2962962962962963,ok,383.5
30,mutation_7,13,0.6518518518518519,ok,349.5
30,mutation_7,14,0.3037037037037037,ok,342.0
30,mutation_8,0,0.5407407407407407,ok,724.5
30,mutation_8,1,0.7111111111111111,ok,707.5
30,mutation_8,2,0.6888888888888889,ok,691.5
30,mutation_8,3,0.8666666666666667,ok,697.5
30,mutation_8,4,0.4074074074074074,ok,731.0
30,mutation_8,5,0.7407407407407407,ok,704.0
30,mutation_8,6,0.7925925925925926,ok,715.5
30,mutation_8,7,0.45925925925925926,ok,725.5
30,mutation_8,8,0.02962962962962963,ok,705.5
30,mutation_8,9,0.7851851851851852,ok,696.5
30,mutation_8,10,0.8,ok,724.5
30,mutation_8,11,0.08148148148148149,ok,709.5
30,mutation_8,12,0.5925925925925926,ok,724.5
30,mutation_8,13,0.014814814814814815,ok,704.0
30,mutation_8,14,0.8074074074074075,ok,696.5
32,base,0,0.7703703703703704,ok,3058.0
32,base,1,0.07407407407407407,ok,3165.5
32,base,2,0.2814814814814815,ok,3025.0
32,base,3,0.9111111111111111,ok,2596.5
32,base,4,0.9185185185185185,ok,3132.0
32,base,5,0.6370370370370371,ok,3035.0
32,base,6,0.9851851851851852,ok,3127.0
32,base,7,0.16296296296296298,ok,3062.5
32,base,8,0.5555555555555556,ok,3105.5
32,base,9,0.022222222222222223,ok,3137.5
32,base,10,0.6,ok,3052.0
32,base,11,0.9037037037037037,ok,3112.5
32,base,12,0.674074074074074,ok,3127.0
32,base,13,0.6962962962962963,ok,3102.0
32,base,14,0.3111111111111111,ok,3098.0
32,mutation_1,0,0.6148148148148148,ok,3147.0
32,mutation_1,1,0.037037037037037035,ok,3186.0
32,mutation_1,2,0.43703703703703706,ok,3148.0
32,mutation_1,3,0.13333333333333333,ok,3041.0
32,mutation_1,4,0.7185185185185186,ok,3192.0
32,mutation_1,5,0.7555555555555555,ok,3070.5
32,mutation_1,6,0.14814814814814814,ok,3146.5
32,mutation_1,7,0.9407407407407408,ok,3141.5
32,mutation_1,8,0.0,ok,3187.5
32,mutation_1,9,0.562962962962963,ok,3151.0
32,mutation_1,10,0.8518518518518519,ok,3099.0
32,mutation_1,11,0.9481481481481482,ok,3147.5
32,mutation_1,12,0.8962962962962963,ok,3106.5
32,mutation_1,13,0.9925925925925926,ok,3197.5
32,mutation_1,14,0.8888888888888888,ok,3169.5
32,mutation_2,0,0.2,ok,2953.5
32,mutation_2,1,0.1259259259259259,ok,2913.5
32,mutation_2,2,0.2222222222222222,ok,2977.0
32,mutation_2,3,0.6444444444444445,ok,3043.5
32,mutation_2,4,0.37777777777777777,ok,3103.0
32,mutation_2,5,0.9555555555555556,ok,3149.5
32,mutation_2,6,0.17037037037037037,ok,3129.0
32,mutation_2,7,0.5851851851851851,ok,3122.5
32,mutation_2,8,0.4,ok,3115.5
32,mutation_2,9,0.1925925925925926,ok,3102.0
32,mutation_2,10,0.3925925925925926,ok,2954.5
32,mutation_2,11,0.4148148148148148,ok,3116.5
32,mutation_2,12,0.4444444444444444,ok,2641.0
32,mutation_2,13,0.7333333333333333,ok,2718.0
32,mutation_2,14,0.6592592592592592,ok,3118.5
32,mutation_3,0,0.6666666666666666,ok,3113.0
32,mutation_3,1,0.5777777777777777,ok,2902.0
32,mutation_3,2,0.4666666666666667,ok,3069.5
32,mutation_3,3,0.6814814814814815,ok,3116.0
32,mutation_3,4,0.21481481481481482,ok,3090.0
32,mutation_3,5,0.14074074074074075,ok,2905.5
32,mutation_3,6,0.18518518518518517,ok,3107.5
32,mutation_3,7,0.35555555555555557,ok,3070.5
32,mutation_3,8,0.8148148148148148,ok,3031.0
32,mutation_3,9,0.9259259259259259,ok,3134.0
32,mutation_3,10,0.2518518518518518,ok,2688.0
32,mutation_3,11,0.2740740740740741,ok,3101.5
32,mutation_3,12,0.9629629629629629,ok,3138.5
32,mutation_3,13,0.6296296296296297,ok,2685.5
32,mutation_3,14,0.3333333333333333,ok,2873.5
32,mutation_4,0,0.28888888888888886,ok,2788.0
32,mutation_4,1,0.24444444444444444,ok,3097.0
32,mutation_4,2,0.9703703703703703,ok,3131.0
32,mutation_4,3,0.007407407407407408,ok,3102.5
32,mutation_4,4,0.8814814814814815,ok,3078.0
32,mutation_4,5,0.37037037037037035,ok,3061.0
32,mutation_4,6,0.1037037037037037,ok,3113.5
32,mutation_4,7,0.31851851851851853,ok,3081.5
32,mutation_4,8,0.6222222222222222,ok,3069.5
32,mutation_4,9,0.8222222222222222,ok,3124.5
32,mutation_4,10,0.9777777777777777,ok,2819.0
32,mutation_4,11,0.8592592592592593,ok,3098.5
32,mutation_4,12,0.23703703703703705,ok,3065.5
32,mutation_4,13,0.5703703703703704,ok,3164.0
32,mutation_4,14,0.044444444444444446,ok,3117.0
32,mutation_5,0,0.9333333333333333,ok,2988.5
32,mutation_5,1,0.34074074074074073,ok,3086.0
32,mutation_5,2,0.8740740740740741,ok,3108.5
32,mutation_5,3,0.48148148148148145,ok,3082.0
32,mutation_5,4,0.5333333333333333,ok,3115.0
32,mutation_5,5,0.34814814814814815,ok,3058.5
32,mutation_5,6,0.5259259259259259,ok,3106.0
32,mutation_5,7,0.5037037037037037,ok,3146.0
32,mutation_5,8,0.837037037037037,ok,3067.5
32,mutation_5,9,0.05925925925925926,ok,3114.0
32,mutation_5,10,0.4888888888888889,ok,3107.0
32,mutation_5,11,0.5481481481481482,ok,3103.0
32,mutation_5,12,0.22962962962962963,ok,3086.0
32,mutation_5,13,0.5185185185185185,ok,3072.0
32,mutation_5,14,0.8296296296296296,ok,3045.5
32,mutation_6,0,0.25925925925925924,ok,3033.0
32,mutation_6,1,0.8444444444444444,ok,3023.5
32,mutation_6,2,0.6074074074074074,ok,3060.0
32,mutation_6,3,0.1111111111111111,ok,2789.5
32,mutation_6,4,0.45185185185185184,ok,2707.0
32,mutation_6,5,0.4222222222222222,ok,3097.0
32,mutation_6,6,0.05185185185185185,ok,3094.0
32,mutation_6,7,0.762962962962963,ok,2875.0
32,mutation_6,8,0.4962962962962963,ok,3131.0
32,mutation_6,9,0.7037037037037037,ok,3088.5
32,mutation_6,10,0.0962962962962963,ok,2837.5
32,mutation_6,11,0.42962962962962964,ok,3089.5
32,mutation_6,12,0.4740740740740741,ok,3079.5
32,mutation_6,13,0.7777777777777778,ok,3051.0
32,mutation_6,14,0.06666666666666667,ok,3121.0
32,mutation_7,0,0.08888888888888889,ok,3665.0
32,mutation_7,1,0.725925925925926,ok,3608.0
32,mutation_7,2,0.17777777777777778,ok,3684.5
32,mutation_7,3,0.15555555555555556,ok,3642.0
32,mutation_7,4,0.11851851851851852,ok,3629.5
32,mutation_7,5,0.32592592592592595,ok,3446.5
32,mutation_7,6,0.2074074074074074,ok,2999.0
32,mutation_7,7,0.7481481481481481,ok,3463.0
32,mutation_7,8,0.362962962962963,ok,3655.5
32,mutation_7,9,0.5111111111111111,ok,3660.0
32,mutation_7,10,0.26666666666666666,ok,3601.5
32,mutation_7,11,0.3851851851851852,ok,3663.0
32,mutation_7,12,0.2962962962962963,ok,3644.5
32,mutation_7,13,0.6518518518518519,ok,3466.5
32,mutation_7,14,0.3037037037037037,ok,3614.0
32,mutation_8,0,0.5407407407407407,ok,3167.5
32,mutation_8,1,0.7111111111111111,ok,3189.5
32,mutation_8,2,0.6888888888888889,ok,3125.5
32,mutation_8,3,0.8666666666666667,ok,2777.0
32,mutation_8,4,0.4074074074074074,ok,3125.0
32,mutation_8,5,0.7407407407407407,ok,3107.5
32,mutation_8,6,0.7925925925925926,ok,3112.0
32,mutation_8,7,0.45925925925925926,ok,3142.0
32,mutation_8,8,0.02962962962962963,ok,3202.5
32,mutation_8,9,0.7851851851851852,ok,3135.0
32,mutation_8,10,0.8,ok,2812.5
32,mutation_8,11,0.08148148148148149,ok,3172.5
32,mutation_8,12,0.5925925925925926,ok,3106.0
32,mutation_8,13,0.014814814814814815,ok,3095.0
32,mutation_8,14,0.8074074074074075,ok,3194.0
33,base,0,0.7,ok,756.0
33,base,1,0.20833333333333334,ok,722.0
33,base,2,0.4666666666666667,ok,688.5
33,base,3,0.975,ok,723.5
33,base,4,0.8583333333333333,ok,755.0
33,base,5,0.5833333333333334,ok,747.5
33,base,6,0.4166666666666667,ok,713.5
33,base,7,0.2,ok,750.5
33,base,8,0.16666666666666666,ok,735.5
33,base,9,0.0,ok,685.5
33,base,10,0.55,ok,748.0
33,base,11,0.8833333333333333,ok,715.0
33,base,12,0.48333333333333334,ok,732.5
33,base,13,0.9166666666666666,ok,791.0
33,base,14,0.9833333333333333,ok,715.5
33,mutation_1,0,0.5666666666666667,ok,772.5
33,mutation_1,1,0.11666666666666667,ok,749.0
33,mutation_1,2,0.9333333333333333,ok,757.5
33,mutation_1,3,0.44166666666666665,ok,743.0
33,mutation_1,4,0.6583333333333333,ok,778.5
33,mutation_1,5,0.6916666666666667,ok,733.0
33,mutation_1,6,0.25,ok,756.5
33,mutation_1,7,0.35833333333333334,ok,761.0
33,mutation_1,8,0.38333333333333336,ok,777.0
33,mutation_1,9,0.49166666666666664,ok,739.5
33,mutation_1,10,0.7833333333333333,ok,779.0
33,mutation_1,11,0.23333333333333334,ok,740.5
33,mutation_1,12,0.8333333333333334,ok,748.5
33,mutation_1,13,0.9416666666666667,ok,774.0
33,mutation_1,14,0.825,ok,761.5
33,mutation_2,0,0.041666666666666664,ok,687.0
33,mutation_2,1,0.95,ok,750.5
33,mutation_2,2,0.10833333333333334,ok,740.0
33,mutation_2,3,0.5916666666666667,ok,747.0
33,mutation_2,4,0.30833333333333335,ok,734.5
33,mutation_2,5,0.9583333333333334,ok,721.0
33,mutation_2,6,0.525,ok,742.0
33,mutation_2,7,0.5416666666666666,ok,740.5
33,mutation_2,8,0.325,ok,718.5
33,mutation_2,9,0.2916666666666667,ok,711.5
33,mutation_2,10,0.39166666666666666,ok,723.0
33,mutation_2,11,0.26666666666666666,ok,740.5
33,mutation_2,12,0.5,ok,734.0
33,mutation_2,13,0.675,ok,732.0
33,mutation_2,14,0.6,ok,772.5
33,mutation_3,0,0.6083333333333333,ok,686.5
33,mutation_3,1,0.5333333333333333,ok,770.5
33,mutation_3,2,0.08333333333333333,ok,625.5
33,mutation_3,3,0.6166666666666667,ok,757.5
33,mutation_3,4,0.45,ok,752.0
33,mutation_3,5,0.275,ok,742.0
33,mutation_3,6,0.15,ok,710.5
33,mutation_3,7,0.25833333333333336,ok,772.0
33,mutation_3,8,0.7416666666666667,ok,746.0
33,mutation_3,9,0.8666666666666667,ok,702.0
33,mutation_3,10,0.3416666666666667,ok,739.0
33,mutation_3,11,0.425,ok,731.0
33,mutation_3,12,0.725,ok,702.5
33,mutation_3,13,0.575,ok,766.5
33,mutation_3,14,0.3333333333333333,ok,645.5
33,mutation_4,0,0.31666666666666665,ok,716.5
33,mutation_4,1,0.175,ok,765.0
33,mutation_4,2,0.125,ok,759.0
33,mutation_4,3,0.36666666666666664,ok,749.0
33,mutation_4,4,0.8166666666666667,ok,761.5
33,mutation_4,5,0.375,ok,769.0
33,mutation_4,6,0.2833333333333333,ok,749.5
33,mutation_4,7,0.3,ok,724.5
33,mutation_4,8,0.15833333333333333,ok,734.5
33,mutation_4,9,0.8916666666666667,ok,752.0
33,mutation_4,10,0.225,ok,742.5
33,mutation_4,11,0.7916666666666666,ok,761.5
33,mutation_4,12,0.5083333333333333,ok,771.0
33,mutation_4,13,0.5166666666666667,ok,791.0
33,mutation_4,14,0.5583333333333333,ok,766.5
33,mutation_5,0,0.875,ok,636.0
33,mutation_5,1,0.35,ok,761.0
33,mutation_5,2,0.8083333333333333,ok,769.0
33,mutation_5,3,0.21666666666666667,ok,769.0
33,mutation_5,4,0.09166666666666666,ok,670.5
33,mutation_5,5,0.24166666666666667,ok,766.0
33,mutation_5,6,0.9916666666666667,ok,768.5
33,mutation_5,7,0.13333333333333333,ok,734.0
33,mutation_5,8,0.7666666666666667,ok,775.5
33,mutation_5,9,0.008333333333333333,ok,741.5
33,mutation_5,10,0.6666666666666666,ok,768.0
33,mutation_5,11,0.9083333333333333,ok,727.0
33,mutation_5,12,0.058333333333333334,ok,723.0
33,mutation_5,13,0.1,ok,730.5
33,mutation_5,14,0.7583333333333333,ok,756.0
33,mutation_7,0,0.43333333333333335,ok,792.0
33,mutation_7,1,0.775,ok,781.5
33,mutation_7,2,0.03333333333333333,ok,709.5
33,mutation_7,3,0.05,ok,719.0
33,mutation_7,4,0.9666666666666667,ok,779.0
33,mutation_7,5,0.016666666666666666,ok,712.0
33,mutation_7,6,0.06666666666666667,ok,786.0
33,mutation_7,7,0.14166666666666666,ok,775.5
33,mutation_7,8,0.18333333333333332,ok,758.0
33,mutation_7,9,0.4,ok,776.0
33,mutation_7,10,0.65,ok,788.5
33,mutation_7,11,0.625,ok,805.5
33,mutation_7,12,0.8,ok,785.5
33,mutation_7,13,0.475,ok,809.5
33,mutation_7,14,0.6833333333333333,ok,807.0
33,mutation_8,0,0.7166666666666667,ok,1239.0
33,mutation_8,1,0.8416666666666667,ok,1335.0
33,mutation_8,2,0.75,ok,1259.0
33,mutation_8,3,0.19166666666666668,ok,1361.5
33,mutation_8,4,0.075,ok,1357.0
33,mutation_8,5,0.6333333333333333,ok,1347.0
33,mutation_8,6,0.9,ok,1323.0
33,mutation_8,7,0.4083333333333333,ok,1154.0
33,mutation_8,8,0.7333333333333333,ok,1358.0
33,mutation_8,9,0.025,ok,1086.0
33,mutation_8,10,0.7083333333333334,ok,1361.5
33,mutation_8,11,0.925,ok,1366.5
33,mutation_8,12,0.85,ok,1387.5
33,mutation_8,13,0.4583333333333333,ok,1395.5
33,mutation_8,14,0.6416666666666667,ok,1337.0
34,base,0,0.7703703703703704,ok,988.0
34,base,1,0.07407407407407407,ok,1086.5
34,base,2,0.2814814814814815,ok,1065.5
34,base,3,0.9111111111111111,ok,1007.5
34,base,4,0.9185185185185185,ok,1072.0
34,base,5,0.6370370370370371,ok,1027.0
34,base,6,0.9851851851851852,ok,1089.0
34,base,7,0.16296296296296298,ok,1049.0
34,base,8,0.5555555555555556,ok,1072.5
34,base,9,0.022222222222222223,ok,1064.0
34,base,10,0.6,ok,1064.5
34,base,11,0.9037037037037037,ok,951.0
34,base,12,0.674074074074074,ok,1030.0
34,base,13,0.6962962962962963,ok,1048.5
34,base,14,0.3111111111111111,ok,1001.5
34,mutation_1,0,0.6148148148148148,ok,1111.5
34,mutation_1,1,0.037037037037037035,ok,1069.0
34,mutation_1,2,0.43703703703703706,ok,1115.5
34,mutation_1,3,0.13333333333333333,ok,940.0
34,mutation_1,4,0.7185185185185186,ok,1071.5
34,mutation_1,5,0.7555555555555555,ok,1018.5
34,mutation_1,6,0.14814814814814814,ok,1075.5
34,mutation_1,7,0.9407407407407408,ok,1062.5
34,mutation_1,8,0.0,ok,1143.0
34,mutation_1,9,0.562962962962963,ok,1104.5
34,mutation_1,10,0.8518518518518519,ok,1016.0
34,mutation_1,11,0.9481481481481482,ok,1101.5
34,mutation_1,12,0.8962962962962963,ok,1102.5
34,mutation_1,13,0.9925925925925926,ok,1071.5
34,mutation_1,14,0.8888888888888888,ok,1107.5
34,mutation_2,0,0.2,ok,408.0
34,mutation_2,1,0.1259259259259259,ok,390.5
34,mutation_2,2,0.2222222222222222,ok,385.0
34,mutation_2,3,0.6444444444444445,ok,385.5
34,mutation_2,4,0.37777777777777777,ok,391.5
34,mutation_2,5,0.9555555555555556,ok,395.5
34,mutation_2,6,0.17037037037037037,ok,387.5
34,mutation_2,7,0.5851851851851851,ok,389.0
34,mutation_2,8,0.4,ok,404.0
34,mutation_2,9,0.1925925925925926,ok,410.0
34,mutation_2,10,0.3925925925925926,ok,381.5
34,mutation_2,11,0.4148148148148148,ok,382.5
34,mutation_2,12,0.4444444444444444,ok,350.5
34,mutation_2,13,0.7333333333333333,ok,363.5
34,mutation_2,14,0.6592592592592592,ok,385.5
34,mutation_3,0,0.6666666666666666,ok,1064.0
34,mutation_3,1,0.5777777777777777,ok,1055.0
34,mutation_3,2,0.4666666666666667,ok,1050.5
34,mutation_3,3,0.6814814814814815,ok,1077.0
34,mutation_3,4,0.21481481481481482,ok,1012.0
34,mutation_3,5,0.14074074074074075,ok,990.5
34,mutation_3,6,0.18518518518518517,ok,1042.5
34,mutation_3,7,0.35555555555555557,ok,1072.0
34,mutation_3,8,0.8148148148148148,ok,1066.5
34,mutation_3,9,0.9259259259259259,ok,980.0
34,mutation_3,10,0.2518518518518518,ok,1090.5
34,mutation_3,11,0.2740740740740741,ok,1064.5
34,mutation_3,12,0.9629629629629629,ok,1069.0
34,mutation_3,13,0.6296296296296297,ok,1037.5
34,mutation_3,14,0.3333333333333333,ok,1070.0
34,mutation_4,0,0.28888888888888886,ok,1097.5
34,mutation_4,1,0.24444444444444444,ok,1095.5
34,mutation_4,2,0.9703703703703703,ok,1124.0
34,mutation_4,3,0.007407407407407408,ok,1057.5
34,mutation_4,4,0.8814814814814815,ok,1082.5
34,mutation_4,5,0.37037037037037035,ok,1113.0
34,mutation_4,6,0.1037037037037037,ok,1112.0
34,mutation_4,7,0.31851851851851853,ok,1126.0
34,mutation_4,8,0.6222222222222222,ok,1132.5
34,mutation_4,9,0.8222222222222222,ok,1112.0
34,mutation_4,10,0.9777777777777777,ok,1112.0
34,mutation_4,11,0.8592592592592593,ok,1088.0
34,mutation_4,12,0.23703703703703705,ok,1108.0
34,mutation_4,13,0.5703703703703704,ok,1102.0
34,mutation_4,14,0.044444444444444446,ok,1074.0
34,mutation_5,0,0.9333333333333333,ok,1072.0
34,mutation_5,1,0.34074074074074073,ok,1058.5
34,mutation_5,2,0.8740740740740741,ok,1083.0
34,mutation_5,3,0.48148148148148145,ok,1071.0
34,mutation_5,4,0.5333333333333333,ok,1064.5
34,mutation_5,5,0.34814814814814815,ok,1057.5
34,mutation_5,6,0.5259259259259259,ok,1091.5
34,mutation_5,7,0.5037037037037037,ok,1067.0
34,mutation_5,8,0.837037037037037,ok,999.5
34,mutation_5,9,0.05925925925925926,ok,1016.5
34,mutation_5,10,0.4888888888888889,ok,1077.5
34,mutation_5,11,0.5481481481481482,ok,1053.0
34,mutation_5,12,0.22962962962962963,ok,1098.0
34,mutation_5,13,0.5185185185185185,ok,1036.5
34,mutation_5,14,0.8296296296296296,ok,1071.0
34,mutation_6,0,0.25925925925925924,ok,1093.0
34,mutation_6,1,0.8444444444444444,ok,1002.0
34,mutation_6,2,0.6074074074074074,ok,1078.0
34,mutation_6,3,0.1111111111111111,ok,1077.0
34,mutation_6,4,0.45185185185185184,ok,951.0
34,mutation_6,5,0.4222222222222222,ok,1057.5
34,mutation_6,6,0.05185185185185185,ok,1088.0
34,mutation_6,7,0.762962962962963,ok,1059.0
34,mutation_6,8,0.4962962962962963,ok,1066.5
34,mutation_6,9,0.7037037037037037,ok,1004.5
34,mutation_6,10,0.0962962962962963,ok,1079.5
34,mutation_6,11,0.42962962962962964,ok,1096.0
34,mutation_6,12,0.4740740740740741,ok,1071.0
34,mutation_6,13,0.7777777777777778,ok,1029.5
34,mutation_6,14,0.06666666666666667,ok,1077.5
34,mutation_7,0,0.08888888888888889,ok,1731.0
34,mutation_7,1,0.725925925925926,ok,1739.5
34,mutation_7,2,0.17777777777777778,ok,1687.5
34,mutation_7,3,0.15555555555555556,ok,1749.0
34,mutation_7,4,0.11851851851851852,ok,1773.5
34,mutation_7,5,0.32592592592592595,ok,1692.5
34,mutation_7,6,0.2074074074074074,ok,1724.5
34,mutation_7,7,0.7481481481481481,ok,1573.5
34,mutation_7,8,0.362962962962963,ok,1691.0
34,mutation_7,9,0.5111111111111111,ok,1705.0
34,mutation_7,10,0.26666666666666666,ok,1768.0
34,mutation_7,11,0.3851851851851852,ok,1723.0
34,mutation_7,12,0.2962962962962963,ok,1714.0
34,mutation_7,13,0.6518518518518519,ok,1682.5
34,mutation_7,14,0.3037037037037037,ok,1592.0
34,mutation_8,0,0.5407407407407407,ok,1733.0
34,mutation_8,1,0.7111111111111111,ok,1751.5
34,mutation_8,2,0.6888888888888889,ok,1715.5
34,mutation_8,3,0.8666666666666667,ok,1643.0
34,mutation_8,4,0.4074074074074074,ok,1687.0
34,mutation_8,5,0.7407407407407407,ok,1681.5
34,mutation_8,6,0.7925925925925926,ok,1681.0
34,mutation_8,7,0.45925925925925926,ok,1762.5
34,mutation_8,8,0.02962962962962963,ok,1714.5
34,mutation_8,9,0.7851851851851852,ok,1638.5
34,mutation_8,10,0.8,ok,1739.5
34,mutation_8,11,0.08148148148148149,ok,1741.5
34,mutation_8,12,0.5925925925925926,ok,1761.0
34,mutation_8,13,0.014814814814814815,ok,1761.5
34,mutation_8,14,0.8074074074074075,ok,1711.0
35,base,0,0.7703703703703704,ok,1102.5
35,base,1,0.07407407407407407,ok,1035.5
35,base,2,0.2814814814814815,ok,1166.5
35,base,3,0.9111111111111111,ok,1088.0
35,base,4,0.9185185185185185,ok,1124.5
35,base,5,0.6370370370370371,ok,1100.5
35,base,6,0.9851851851851852,ok,1081.5
35,base,7,0.16296296296296298,ok,1094.5
35,base,8,0.5555555555555556,ok,1119.5
35,base,9,0.022222222222222223,ok,899.0
35,base,10,0.6,ok,1125.5
35,base,11,0.9037037037037037,ok,1104.5
35,base,12,0.674074074074074,ok,1130.5
35,base,13,0.6962962962962963,ok,1086.5
35,base,14,0.3111111111111111,ok,1128.5
35,mutation_1,0,0.6148148148148148,ok,1024.0
35,mutation_1,1,0.037037037037037035,ok,939.5
35,mutation_1,2,0.43703703703703706,ok,1134.0
35,mutation_1,3,0.13333333333333333,ok,1118.0
35,mutation_1,4,0.7185185185185186,ok,1057.5
35,mutation_1,5,0.7555555555555555,ok,954.5
35,mutation_1,6,0.14814814814814814,ok,1091.5
35,mutation_1,7,0.9407407407407408,ok,1100.5
35,mutation_1,8,0.0,ok,902.0
35,mutation_1,9,0.562962962962963,ok,1143.0
35,mutation_1,10,0.8518518518518519,ok,1114.5
35,mutation_1,11,0.9481481481481482,ok,1119.0
35,mutation_1,12,0.8962962962962963,ok,1015.0
35,mutation_1,13,0.9925925925925926,ok,1109.5
35,mutation_1,14,0.8888888888888888,ok,1081.5
35,mutation_2,0,0.2,ok,405.5
35,mutation_2,1,0.1259259259259259,ok,373.5
35,mutation_2,2,0.2222222222222222,ok,402.0
35,mutation_2,3,0.6444444444444445,ok,403.5
35,mutation_2,4,0.37777777777777777,ok,406.5
35,mutation_2,5,0.9555555555555556,ok,381.0
35,mutation_2,6,0.17037037037037037,ok,390.5
35,mutation_2,7,0.5851851851851851,ok,450.0
35,mutation_2,8,0.4,ok,407.0
35,mutation_2,9,0.1925925925925926,ok,391.0
35,mutation_2,10,0.3925925925925926,ok,394.0
35,mutation_2,11,0.4148148148148148,ok,393.0
35,mutation_2,12,0.4444444444444444,ok,357.5
35,mutation_2,13,0.7333333333333333,ok,401.0
35,mutation_2,14,0.6592592592592592,ok,385.0
35,mutation_3,0,0.6666666666666666,ok,1110.0
35,mutation_3,1,0.5777777777777777,ok,1071.5
35,mutation_3,2,0.4666666666666667,ok,1070.0
35,mutation_3,3,0.6814814814814815,ok,1170.0
35,mutation_3,4,0.21481481481481482,ok,971.5
35,mutation_3,5,0.14074074074074075,ok,1128.0
35,mutation_3,6,0.18518518518518517,ok,1017.5
35,mutation_3,7,0.35555555555555557,ok,1108.5
35,mutation_3,8,0.8148148148148148,ok,1123.5
35,mutation_3,9,0.9259259259259259,ok,1112.0
35,mutation_3,10,0.2518518518518518,ok,1101.0
35,mutation_3,11,0.2740740740740741,ok,1129.5
35,mutation_3,12,0.9629629629629629,ok,1056.5
35,mutation_3,13,0.6296296296296297,ok,1084.0
35,mutation_3,14,0.3333333333333333,ok,1130.0
35,mutation_4,0,0.28888888888888886,ok,1146.5
35,mutation_4,1,0.24444444444444444,ok,1110.0
35,mutation_4,2,0.9703703703703703,ok,1093.5
35,mutation_4,3,0.007407407407407408,ok,879.5
35,mutation_4,4,0.8814814814814815,ok,1062.0
35,mutation_4,5,0.37037037037037035,ok,1102.5
35,mutation_4,6,0.1037037037037037,ok,1082.0
35,mutation_4,7,0.31851851851851853,ok,1094.0
35,mutation_4,8,0.6222222222222222,ok,1044.0
35,mutation_4,9,0.8222222222222222,ok,1118.0
35,mutation_4,10,0.9777777777777777,ok,1188.0
35,mutation_4,11,0.8592592592592593,ok,1195.5
35,mutation_4,12,0.23703703703703705,ok,1102.5
35,mutation_4,13,0.5703703703703704,ok,1126.5
35,mutation_4,14,0.044444444444444446,ok,921.0
35,mutation_5,0,0.9333333333333333,ok,1031.0
35,mutation_5,1,0.34074074074074073,ok,1081.0
35,mutation_5,2,0.8740740740740741,ok,1126.5
35,mutation_5,3,0.48148148148148145,ok,1066.5
35,mutation_5,4,0.5333333333333333,ok,1055.5
35,mutation_5,5,0.34814814814814815,ok,1080.5
35,mutation_5,6,0.5259259259259259,ok,1088.5
35,mutation_5,7,0.5037037037037037,ok,1123.0
35,mutation_5,8,0.837037037037037,ok,1110.0
35,mutation_5,9,0.05925925925925926,ok,1080.0
35,mutation_5,10,0.4888888888888889,ok,1098.5
35,mutation_5,11,0.5481481481481482,ok,1112.0
35,mutation_5,12,0.22962962962962963,ok,1073.5
35,mutation_5,13,0.5185185185185185,ok,1101.5
35,mutation_5,14,0.8296296296296296,ok,902.0
35,mutation_6,0,0.25925925925925924,ok,891.5
35,mutation_6,1,0.8444444444444444,ok,1110.5
35,mutation_6,2,0.6074074074074074,ok,1099.5
35,mutation_6,3,0.1111111111111111,ok,1119.0
35,mutation_6,4,0.45185185185185184,ok,1108.0
35,mutation_6,5,0.4222222222222222,ok,1092.0
35,mutation_6,6,0.05185185185185185,ok,1079.0
35,mutation_6,7,0.762962962962963,ok,1063.5
35,mutation_6,8,0.4962962962962963,ok,1090.5
35,mutation_6,9,0.7037037037037037,ok,1106.5
35,mutation_6,10,0.0962962962962963,ok,986.5
35,mutation_6,11,0.42962962962962964,ok,1120.5
35,mutation_6,12,0.4740740740740741,ok,1055.5
35,mutation_6,13,0.7777777777777778,ok,1143.0
35,mutation_6,14,0.06666666666666667,ok,1057.5
35,mutation_7,0,0.08888888888888889,ok,1116.0
35,mutation_7,1,0.725925925925926,ok,1100.0
35,mutation_7,2,0.17777777777777778,ok,1122.5
35,mutation_7,3,0.15555555555555556,ok,1126.5
35,mutation_7,4,0.11851851851851852,ok,1105.5
35,mutation_7,5,0.32592592592592595,ok,1050.5
35,mutation_7,6,0.2074074074074074,ok,1112.5
35,mutation_7,7,0.7481481481481481,ok,978.0
35,mutation_7,8,0.362962962962963,ok,1162.0
35,mutation_7,9,0.5111111111111111,ok,1123.0
35,mutation_7,10,0.26666666666666666,ok,1143.5
35,mutation_7,11,0.3851851851851852,ok,1061.0
35,mutation_7,12,0.2962962962962963,ok,998.0
35,mutation_7,13,0.6518518518518519,ok,1110.0
35,mutation_7,14,0.3037037037037037,ok,1103.0
35,mutation_8,0,0.5407407407407407,ok,1814.5
35,mutation_8,1,0.7111111111111111,ok,1755.0
35,mutation_8,2,0.6888888888888889,ok,1784.5
35,mutation_8,3,0.8666666666666667,ok,1807.0
35,mutation_8,4,0.4074074074074074,ok,1778.0
35,mutation_8,5,0.7407407407407407,ok,1739.5
35,mutation_8,6,0.7925925925925926,ok,1780.5
35,mutation_8,7,0.45925925925925926,ok,1763.5
35,mutation_8,8,0.02962962962962963,ok,1582.0
35,mutation_8,9,0.7851851851851852,ok,1783.5
35,mutation_8,10,0.8,ok,1756.5
35,mutation_8,11,0.08148148148148149,ok,1793.5
35,mutation_8,12,0.5925925925925926,ok,1750.5
35,mutation_8,13,0.014814814814814815,ok,1510.5
35,mutation_8,14,0.8074074074074075,ok,1785.0
36,base,0,0.762962962962963,ok,3443.5
36,base,1,0.07407407407407407,ok,3842.5
36,base,2,0.25925925925925924,ok,4030.0
36,base,3,0.9037037037037037,ok,4012.0
36,base,4,0.9111111111111111,ok,4105.0
36,base,5,0.6296296296296297,ok,4061.0
36,base,6,0.9851851851851852,ok,4083.0
36,base,7,0.45185185185185184,ok,4144.0
36,base,8,0.5481481481481482,ok,4109.0
36,base,9,0.022222222222222223,ok,4153.0
36,base,10,0.5925925925925926,ok,4149.5
36,base,11,0.8962962962962963,ok,3628.0
36,base,12,0.6666666666666666,ok,4127.0
36,base,13,0.6888888888888889,ok,4252.5
36,base,14,0.28888888888888886,ok,4101.5
36,mutation_1,0,0.6074074074074074,ok,4170.0
36,mutation_1,1,0.037037037037037035,ok,4097.0
36,mutation_1,2,0.4148148148148148,ok,3919.5
36,mutation_1,3,0.43703703703703706,ok,4141.0
36,mutation_1,4,0.7111111111111111,ok,4014.5
36,mutation_1,5,0.7481481481481481,ok,4061.0
36,mutation_1,6,0.14074074074074075,ok,4131.5
36,mutation_1,7,0.9555555555555556,ok,3949.0
36,mutation_1,8,0.0,ok,4196.0
36,mutation_1,9,0.5555555555555556,ok,4116.0
36,mutation_1,10,0.8444444444444444,ok,4117.0
36,mutation_1,11,0.9259259259259259,ok,4023.5
36,mutation_1,12,0.8888888888888888,ok,4072.5
36,mutation_1,13,0.9925925925925926,ok,4003.0
36,mutation_1,14,0.8814814814814815,ok,4144.5
36,mutation_2,0,0.17777777777777778,ok,4060.5
36,mutation_2,1,0.1259259259259259,ok,4086.0
36,mutation_2,2,0.2,ok,4110.5
36,mutation_2,3,0.6370370370370371,ok,3601.5
36,mutation_2,4,0.35555555555555557,ok,4102.0
36,mutation_2,5,0.9333333333333333,ok,4188.0
36,mutation_2,6,0.14814814814814814,ok,4155.5
36,mutation_2,7,0.5777777777777777,ok,4177.5
36,mutation_2,8,0.37777777777777777,ok,4094.0
36,mutation_2,9,0.17037037037037037,ok,4137.5
36,mutation_2,10,0.37037037037037035,ok,4147.5
36,mutation_2,11,0.3925925925925926,ok,3846.5
36,mutation_2,12,0.4222222222222222,ok,4176.5
36,mutation_2,13,0.725925925925926,ok,4086.5
36,mutation_2,14,0.6518518518518519,ok,3623.5
36,mutation_3,0,0.6592592592592592,ok,4367.0
36,mutation_3,1,0.5703703703703704,ok,4387.5
36,mutation_3,2,0.4666666666666667,ok,4329.5
36,mutation_3,3,0.674074074074074,ok,4428.0
36,mutation_3,4,0.1925925925925926,ok,4381.5
36,mutation_3,5,0.13333333333333333,ok,4298.5
36,mutation_3,6,0.16296296296296298,ok,4408.0
36,mutation_3,7,0.3333333333333333,ok,4338.5
36,mutation_3,8,0.8074074074074075,ok,4319.5
36,mutation_3,9,0.9185185185185185,ok,4261.0
36,mutation_3,10,0.22962962962962963,ok,4232.0
36,mutation_3,11,0.2518518518518518,ok,4297.5
36,mutation_3,12,0.9629629629629629,ok,4275.0
36,mutation_3,13,0.6222222222222222,ok,4297.0
36,mutation_3,14,0.3111111111111111,ok,4336.0
36,mutation_4,0,0.26666666666666666,ok,4139.5
36,mutation_4,1,0.2222222222222222,ok,3808.0
36,mutation_4,2,0.9703703703703703,ok,4120.0
36,mutation_4,3,0.007407407407407408,ok,4160.5
36,mutation_4,4,0.8740740740740741,ok,3733.0
36,mutation_4,5,0.34814814814814815,ok,4115.5
36,mutation_4,6,0.1037037037037037,ok,4159.0
36,mutation_4,7,0.2962962962962963,ok,3877.0
36,mutation_4,8,0.6148148148148148,ok,4144.5
36,mutation_4,9,0.8148148148148148,ok,4117.0
36,mutation_4,10,0.9777777777777777,ok,4049.0
36,mutation_4,11,0.8518518518518519,ok,3484.0
36,mutation_4,12,0.21481481481481482,ok,4143.0
36,mutation_4,13,0.562962962962963,ok,3710.5
36,mutation_4,14,0.044444444444444446,ok,4054.0
36,mutation_5,0,0.9481481481481482,ok,4240.5
36,mutation_5,1,0.31851851851851853,ok,4132.5
36,mutation_5,2,0.8666666666666667,ok,4055.5
36,mutation_5,3,0.48148148148148145,ok,4142.0
36,mutation_5,4,0.5259259259259259,ok,4196.5
36,mutation_5,5,0.32592592592592595,ok,3920.0
36,mutation_5,6,0.5185185185185185,ok,4144.0
36,mutation_5,7,0.9407407407407408,ok,4129.0
36,mutation_5,8,0.8296296296296296,ok,4152.5
36,mutation_5,9,0.05925925925925926,ok,4183.0
36,mutation_5,10,0.4888888888888889,ok,4171.0
36,mutation_5,11,0.5407407407407407,ok,3818.5
36,mutation_5,12,0.2074074074074074,ok,4185.5
36,mutation_5,13,0.5111111111111111,ok,4148.0
36,mutation_5,14,0.8222222222222222,ok,4209.0
36,mutation_6,0,0.23703703703703705,ok,3712.0
36,mutation_6,1,0.837037037037037,ok,4171.5
36,mutation_6,2,0.6,ok,3944.0
36,mutation_6,3,0.1111111111111111,ok,4087.0
36,mutation_6,4,0.42962962962962964,ok,4102.5
36,mutation_6,5,0.4,ok,4206.5
36,mutation_6,6,0.05185185185185185,ok,4198.5
36,mutation_6,7,0.7555555555555555,ok,4129.5
36,mutation_6,8,0.4962962962962963,ok,4088.0
36,mutation_6,9,0.6962962962962963,ok,3576.0
36,mutation_6,10,0.0962962962962963,ok,3408.0
36,mutation_6,11,0.4074074074074074,ok,3551.5
36,mutation_6,12,0.4740740740740741,ok,4071.0
36,mutation_6,13,0.7703703703703704,ok,4158.0
36,mutation_6,14,0.06666666666666667,ok,4132.0
36,mutation_7,0,0.08888888888888889,ok,8130.5
36,mutation_7,1,0.7185185185185186,ok,7801.5
36,mutation_7,2,0.15555555555555556,ok,8275.5
36,mutation_7,3,0.4444444444444444,ok,8401.5
36,mutation_7,4,0.11851851851851852,ok,8410.5
36,mutation_7,5,0.3037037037037037,ok,7980.0
36,mutation_7,6,0.18518518518518517,ok,8283.5
36,mutation_7,7,0.7407407407407407,ok,7979.0
36,mutation_7,8,0.34074074074074073,ok,8254.0
36,mutation_7,9,0.5037037037037037,ok,8426.0
36,mutation_7,10,0.24444444444444444,ok,7532.5
36,mutation_7,11,0.362962962962963,ok,7207.0
36,mutation_7,12,0.2740740740740741,ok,8361.0
36,mutation_7,13,0.6444444444444445,ok,8348.0
36,mutation_7,14,0.2814814814814815,ok,8413.0
36,mutation_8,0,0.5333333333333333,ok,4171.0
36,mutation_8,1,0.7037037037037037,ok,4172.5
36,mutation_8,2,0.6814814814814815,ok,4087.5
36,mutation_8,3,0.8592592592592593,ok,4102.0
36,mutation_8,4,0.3851851851851852,ok,4138.0
36,mutation_8,5,0.7333333333333333,ok,4098.0
36,mutation_8,6,0.7851851851851852,ok,4092.5
36,mutation_8,7,0.45925925925925926,ok,4223.0
36,mutation_8,8,0.02962962962962963,ok,4191.0
36,mutation_8,9,0.7777777777777778,ok,4159.0
36,mutation_8,10,0.7925925925925926,ok,3908.0
36,mutation_8,11,0.08148148148148149,ok,4167.5
36,mutation_8,12,0.5851851851851851,ok,4199.5
36,mutation_8,13,0.014814814814814815,ok,4195.0
36,mutation_8,14,0.8,ok,4153.5
37,base,0,0.7703703703703704,ok,2985.5
37,base,1,0.07407407407407407,ok,3419.5
37,base,2,0.2814814814814815,ok,3481.0
37,base,3,0.9111111111111111,ok,3404.0
37,base,4,0.9185185185185185,ok,3316.5
37,base,5,0.6370370370370371,ok,3387.0
37,base,6,0.9777777777777777,ok,3272.5
37,base,7,0.16296296296296298,ok,3388.0
37,base,8,0.5555555555555556,ok,3504.0
37,base,9,0.022222222222222223,ok,3491.0
37,base,10,0.6,ok,3378.0
37,base,11,0.9037037037037037,ok,3106.0
37,base,12,0.674074074074074,ok,3220.0
37,base,13,0.6962962962962963,ok,3069.5
37,base,14,0.3111111111111111,ok,3463.5
37,mutation_1,0,0.6148148148148148,ok,3437.0
37,mutation_1,1,0.037037037037037035,ok,3457.5
37,mutation_1,2,0.43703703703703706,ok,3442.5
37,mutation_1,3,0.13333333333333333,ok,3392.0
37,mutation_1,4,0.7185185185185186,ok,3555.5
37,mutation_1,5,0.7555555555555555,ok,3424.5
37,mutation_1,6,0.14814814814814814,ok,3536.0
37,mutation_1,7,0.9407407407407408,ok,3401.0
37,mutation_1,8,0.0,ok,3418.5
37,mutation_1,9,0.562962962962963,ok,3485.5
37,mutation_1,10,0.8518518518518519,ok,3479.5
37,mutation_1,11,0.9481481481481482,ok,3303.5
37,mutation_1,12,0.8962962962962963,ok,3484.5
37,mutation_1,13,0.9851851851851852,ok,3446.5
37,mutation_1,14,0.8888888888888888,ok,3381.5
37,mutation_2,0,0.2,ok,3470.0
37,mutation_2,1,0.1259259259259259,ok,2949.5
37,mutation_2,2,0.2222222222222222,ok,3281.0
37,mutation_2,3,0.6444444444444445,ok,3388.0
37,mutation_2,4,0.37777777777777777,ok,3392.0
37,mutation_2,5,0.9555555555555556,ok,3324.0
37,mutation_2,6,0.17037037037037037,ok,3422.0
37,mutation_2,7,0.5851851851851851,ok,3261.0
37,mutation_2,8,0.4,ok,3327.5
37,mutation_2,9,0.1925925925925926,ok,3474.0
37,mutation_2,10,0.3925925925925926,ok,3364.0
37,mutation_2,11,0.4148148148148148,ok,3252.0
37,mutation_2,12,0.4444444444444444,ok,3385.5
37,mutation_2,13,0.7333333333333333,ok,3282.5
37,mutation_2,14,0.6592592592592592,ok,3364.0
37,mutation_3,0,0.6666666666666666,ok,3441.5
37,mutation_3,1,0.5777777777777777,ok,3475.5
37,mutation_3,2,0.4666666666666667,ok,3209.5
37,mutation_3,3,0.6814814814814815,ok,3471.5
37,mutation_3,4,0.21481481481481482,ok,3461.5
37,mutation_3,5,0.14074074074074075,ok,3447.5
37,mutation_3,6,0.18518518518518517,ok,3580.0
37,mutation_3,7,0.35555555555555557,ok,3554.0
37,mutation_3,8,0.8148148148148148,ok,3516.5
37,mutation_3,9,0.9259259259259259,ok,3189.0
37,mutation_3,10,0.2518518518518518,ok,3497.5
37,mutation_3,11,0.2740740740740741,ok,3571.0
37,mutation_3,12,0.9629629629629629,ok,3408.0
37,mutation_3,13,0.6296296296296297,ok,3531.5
37,mutation_3,14,0.3333333333333333,ok,3489.0
37,mutation_4,0,0.28888888888888886,ok,3391.0
37,mutation_4,1,0.24444444444444444,ok,3347.0
37,mutation_4,2,0.9703703703703703,ok,3543.5
37,mutation_4,3,0.007407407407407408,ok,3389.5
37,mutation_4,4,0.8814814814814815,ok,3333.0
37,mutation_4,5,0.37037037037037035,ok,3432.5
37,mutation_4,6,0.1037037037037037,ok,3406.0
37,mutation_4,7,0.31851851851851853,ok,3521.5
37,mutation_4,8,0.6222222222222222,ok,3435.5
37,mutation_4,9,0.8222222222222222,ok,3413.0
37,mutation_4,10,0.9925925925925926,ok,3421.0
37,mutation_4,11,0.8592592592592593,ok,3294.5
37,mutation_4,12,0.23703703703703705,ok,3411.5
37,mutation_4,13,0.5703703703703704,ok,3424.0
37,mutation_4,14,0.044444444444444446,ok,3309.0
37,mutation_5,0,0.9333333333333333,ok,3316.0
37,mutation_5,1,0.34074074074074073,ok,3510.0
37,mutation_5,2,0.8740740740740741,ok,3422.5
37,mutation_5,3,0.48148148148148145,ok,3383.0
37,mutation_5,4,0.5333333333333333,ok,3450.0
37,mutation_5,5,0.34814814814814815,ok,3492.5
37,mutation_5,6,0.5259259259259259,ok,3444.0
37,mutation_5,7,0.5037037037037037,ok,3172.5
37,mutation_5,8,0.837037037037037,ok,3463.5
37,mutation_5,9,0.05925925925925926,ok,3381.5
37,mutation_5,10,0.4888888888888889,ok,3168.0
37,mutation_5,11,0.5481481481481482,ok,3421.5
37,mutation_5,12,0.22962962962962963,ok,3433.0
37,mutation_5,13,0.5185185185185185,ok,3495.0
37,mutation_5,14,0.8296296296296296,ok,3435.0
37,mutation_6,0,0.25925925925925924,ok,3520.5
37,mutation_6,1,0.8444444444444444,ok,3406.5
37,mutation_6,2,0.6074074074074074,ok,3382.5
37,mutation_6,3,0.1111111111111111,ok,3503.5
37,mutation_6,4,0.45185185185185184,ok,3485.0
37,mutation_6,5,0.4222222222222222,ok,3479.0
37,mutation_6,6,0.05185185185185185,ok,3424.5
37,mutation_6,7,0.762962962962963,ok,3351.5
37,mutation_6,8,0.4962962962962963,ok,3396.0
37,mutation_6,9,0.7037037037037037,ok,3282.0
37,mutation_6,10,0.0962962962962963,ok,3491.5
37,mutation_6,11,0.42962962962962964,ok,3486.0
37,mutation_6,12,0.4740740740740741,ok,3434.5
37,mutation_6,13,0.7777777777777778,ok,3472.5
37,mutation_6,14,0.06666666666666667,ok,3449.0
37,mutation_7,0,0.08888888888888889,ok,4461.0
37,mutation_7,1,0.725925925925926,ok,4566.5
37,mutation_7,2,0.17777777777777778,ok,4311.5
37,mutation_7,3,0.15555555555555556,ok,4678.0
37,mutation_7,4,0.11851851851851852,ok,4656.5
37,mutation_7,5,0.32592592592592595,ok,4652.0
37,mutation_7,6,0.2074074074074074,ok,4584.0
37,mutation_7,7,0.7481481481481481,ok,4599.5
37,mutation_7,8,0.362962962962963,ok,4686.0
37,mutation_7,9,0.5111111111111111,ok,4651.5
37,mutation_7,10,0.26666666666666666,ok,4558.5
37,mutation_7,11,0.3851851851851852,ok,4227.5
37,mutation_7,12,0.2962962962962963,ok,4539.0
37,mutation_7,13,0.6518518518518519,ok,4588.0
37,mutation_7,14,0.3037037037037037,ok,4549.5
37,mutation_8,0,0.5407407407407407,ok,3463.5
37,mutation_8,1,0.7111111111111111,ok,3555.0
37,mutation_8,2,0.6888888888888889,ok,3264.5
37,mutation_8,3,0.8666666666666667,ok,3511.0
37,mutation_8,4,0.4074074074074074,ok,3483.0
37,mutation_8,5,0.7407407407407407,ok,3309.5
37,mutation_8,6,0.7925925925925926,ok,3539.5
37,mutation_8,7,0.45925925925925926,ok,3554.0
37,mutation_8,8,0.02962962962962963,ok,3433.5
37,mutation_8,9,0.7851851851851852,ok,3447.0
37,mutation_8,10,0.8,ok,3399.5
37,mutation_8,11,0.08148148148148149,ok,3271.0
37,mutation_8,12,0.5925925925925926,ok,3408.5
37,mutation_8,13,0.014814814814814815,ok,3488.0
37,mutation_8,14,0.8074074074074075,ok,3474.5
38,base,0,0.762962962962963,ok,3348.5
38,base,1,0.07407407407407407,ok,3320.5
38,base,2,0.2814814814814815,ok,3338.5
38,base,3,0.9037037037037037,ok,3308.0
38,base,4,0.9111111111111111,ok,3361.0
38,base,5,0.6296296296296297,ok,3424.5
38,base,6,0.9777777777777777,ok,3132.5
38,base,7,0.16296296296296298,ok,3414.5
38,base,8,0.5481481481481482,ok,3358.5
38,base,9,0.022222222222222223,ok,3371.5
38,base,10,0.5925925925925926,ok,3460.5
38,base,11,0.8962962962962963,ok,3362.5
38,base,12,0.6666666666666666,ok,3396.5
38,base,13,0.6888888888888889,ok,3355.0
38,base,14,0.3111111111111111,ok,3415.5
38,mutation_1,0,0.6074074074074074,ok,3333.5
38,mutation_1,1,0.037037037037037035,ok,3354.5
38,mutation_1,2,0.43703703703703706,ok,3378.0
38,mutation_1,3,0.13333333333333333,ok,3386.5
38,mutation_1,4,0.7111111111111111,ok,3331.5
38,mutation_1,5,0.7481481481481481,ok,3364.0
38,mutation_1,6,0.14814814814814814,ok,3204.0
38,mutation_1,7,0.9333333333333333,ok,3413.5
38,mutation_1,8,0.0,ok,3366.5
38,mutation_1,9,0.5555555555555556,ok,3371.5
38,mutation_1,10,0.8444444444444444,ok,2970.0
38,mutation_1,11,0.9407407407407408,ok,3368.5
38,mutation_1,12,0.8888888888888888,ok,2955.5
38,mutation_1,13,0.9851851851851852,ok,3272.5
38,mutation_1,14,0.8814814814814815,ok,3324.5
38,mutation_2,0,0.2,ok,3234.0
38,mutation_2,1,0.1259259259259259,ok,3213.0
38,mutation_2,2,0.2222222222222222,ok,3219.5
38,mutation_2,3,0.6370370370370371,ok,3195.5
38,mutation_2,4,0.37777777777777777,ok,3224.0
38,mutation_2,5,0.9481481481481482,ok,3166.5
38,mutation_2,6,0.17037037037037037,ok,3180.0
38,mutation_2,7,0.5777777777777777,ok,3008.0
38,mutation_2,8,0.4,ok,3219.5
38,mutation_2,9,0.1925925925925926,ok,3279.0
38,mutation_2,10,0.3925925925925926,ok,3180.5
38,mutation_2,11,0.4148148148148148,ok,3241.5
38,mutation_2,12,0.9925925925925926,ok,3085.5
38,mutation_2,13,0.725925925925926,ok,3183.5
38,mutation_2,14,0.6518518518518519,ok,3198.5
38,mutation_3,0,0.6592592592592592,ok,3579.5
38,mutation_3,1,0.5703703703703704,ok,3663.0
38,mutation_3,2,0.45925925925925926,ok,3698.5
38,mutation_3,3,0.674074074074074,ok,3646.0
38,mutation_3,4,0.21481481481481482,ok,3577.0
38,mutation_3,5,0.14074074074074075,ok,3629.5
38,mutation_3,6,0.18518518518518517,ok,3628.5
38,mutation_3,7,0.35555555555555557,ok,3580.0
38,mutation_3,8,0.8074074074074075,ok,3601.5
38,mutation_3,9,0.9185185185185185,ok,3570.5
38,mutation_3,10,0.2518518518518518,ok,3583.0
38,mutation_3,11,0.2740740740740741,ok,3576.5
38,mutation_3,12,0.9555555555555556,ok,3121.5
38,mutation_3,13,0.6222222222222222,ok,3614.5
38,mutation_3,14,0.3333333333333333,ok,3660.0
38,mutation_4,0,0.28888888888888886,ok,3397.0
38,mutation_4,1,0.24444444444444444,ok,3513.0
38,mutation_4,2,0.9629629629629629,ok,3417.5
38,mutation_4,3,0.007407407407407408,ok,3316.5
38,mutation_4,4,0.8740740740740741,ok,3407.5
38,mutation_4,5,0.37037037037037035,ok,3368.0
38,mutation_4,6,0.1037037037037037,ok,3359.0
38,mutation_4,7,0.31851851851851853,ok,3317.0
38,mutation_4,8,0.6148148148148148,ok,3415.5
38,mutation_4,9,0.8148148148148148,ok,3338.5
38,mutation_4,10,0.9703703703703703,ok,3335.5
38,mutation_4,11,0.8518518518518519,ok,3387.0
38,mutation_4,12,0.23703703703703705,ok,3419.0
38,mutation_4,13,0.562962962962963,ok,3359.0
38,mutation_4,14,0.044444444444444446,ok,3337.5
38,mutation_5,0,0.9259259259259259,ok,3271.0
38,mutation_5,1,0.34074074074074073,ok,3316.0
38,mutation_5,2,0.8666666666666667,ok,3344.0
38,mutation_5,3,0.4740740740740741,ok,3133.0
38,mutation_5,4,0.5259259259259259,ok,3346.0
38,mutation_5,5,0.34814814814814815,ok,3341.5
38,mutation_5,6,0.5185185185185185,ok,3363.0
38,mutation_5,7,0.4962962962962963,ok,3259.0
38,mutation_5,8,0.8296296296296296,ok,3234.0
38,mutation_5,9,0.05925925925925926,ok,3309.5
38,mutation_5,10,0.48148148148148145,ok,3284.5
38,mutation_5,11,0.5407407407407407,ok,3295.0
38,mutation_5,12,0.22962962962962963,ok,3220.5
38,mutation_5,13,0.5111111111111111,ok,3379.0
38,mutation_5,14,0.8222222222222222,ok,2968.0
38,mutation_6,0,0.25925925925925924,ok,3365.5
38,mutation_6,1,0.837037037037037,ok,3419.5
38,mutation_6,2,0.6,ok,3446.5
38,mutation_6,3,0.1111111111111111,ok,3379.5
38,mutation_6,4,0.4444444444444444,ok,3371.0
38,mutation_6,5,0.4222222222222222,ok,3333.5
38,mutation_6,6,0.05185185185185185,ok,3255.0
38,mutation_6,7,0.7555555555555555,ok,3444.5
38,mutation_6,8,0.4888888888888889,ok,3149.0
38,mutation_6,9,0.6962962962962963,ok,3325.5
38,mutation_6,10,0.0962962962962963,ok,2836.0
38,mutation_6,11,0.42962962962962964,ok,2846.0
38,mutation_6,12,0.4666666666666667,ok,3010.5
38,mutation_6,13,0.7703703703703704,ok,3309.0
38,mutation_6,14,0.06666666666666667,ok,3310.5
38,mutation_7,0,0.08888888888888889,ok,4640.5
38,mutation_7,1,0.7185185185185186,ok,4117.0
38,mutation_7,2,0.17777777777777778,ok,4643.0
38,mutation_7,3,0.15555555555555556,ok,4601.0
38,mutation_7,4,0.11851851851851852,ok,4519.5
38,mutation_7,5,0.32592592592592595,ok,4578.5
38,mutation_7,6,0.2074074074074074,ok,4559.5
38,mutation_7,7,0.7407407407407407,ok,4548.5
38,mutation_7,8,0.362962962962963,ok,3961.0
38,mutation_7,9,0.5037037037037037,ok,4259.0
38,mutation_7,10,0.26666666666666666,ok,4608.5
38,mutation_7,11,0.3851851851851852,ok,4614.0
38,mutation_7,12,0.2962962962962963,ok,4592.5
38,mutation_7,13,0.6444444444444445,ok,4556.5
38,mutation_7,14,0.3037037037037037,ok,4558.0
38,mutation_8,0,0.5333333333333333,ok,4217.5
38,mutation_8,1,0.7037037037037037,ok,4313.5
38,mutation_8,2,0.6814814814814815,ok,4144.0
38,mutation_8,3,0.8592592592592593,ok,4256.0
38,mutation_8,4,0.4074074074074074,ok,4251.5
38,mutation_8,5,0.7333333333333333,ok,4251.0
38,mutation_8,6,0.7851851851851852,ok,4156.0
38,mutation_8,7,0.45185185185185184,ok,4237.0
38,mutation_8,8,0.02962962962962963,ok,4235.5
38,mutation_8,9,0.7777777777777778,ok,4296.0
38,mutation_8,10,0.7925925925925926,ok,4304.5
38,mutation_8,11,0.08148148148148149,ok,4292.0
38,mutation_8,12,0.5851851851851851,ok,4258.0
38,mutation_8,13,0.014814814814814815,ok,4224.5
38,mutation_8,14,0.8,ok,4289.0
39,base,0,0.7,ok,1039.0
39,base,1,0.20833333333333334,ok,1541.5
39,base,2,0.48333333333333334,ok,1020.5
39,base,3,0.975,ok,1014.5
39,base,4,0.8583333333333333,ok,994.0
39,base,5,0.575,ok,995.5
39,base,6,0.425,ok,999.5
39,base,7,0.2,ok,1525.0
39,base,8,0.16666666666666666,ok,1530.5
39,base,9,0.0,ok,1528.5
39,base,10,0.5416666666666666,ok,1001.5
39,base,11,0.8833333333333333,ok,1027.5
39,base,12,0.6083333333333333,ok,1020.5
39,base,13,0.9166666666666666,ok,1005.0
39,base,14,0.9833333333333333,ok,1009.0
39,mutation_1,0,0.5583333333333333,ok,1059.0
39,mutation_1,1,0.11666666666666667,ok,1557.5
39,mutation_1,2,0.9333333333333333,ok,996.5
39,mutation_1,3,0.45,ok,1015.0
39,mutation_1,4,0.6583333333333333,ok,1025.0
39,mutation_1,5,0.6916666666666667,ok,1042.5
39,mutation_1,6,0.25,ok,1017.0
39,mutation_1,7,0.35833333333333334,ok,1028.0
39,mutation_1,8,0.38333333333333336,ok,1021.5
39,mutation_1,9,0.4166666666666667,ok,1031.0
39,mutation_1,10,0.7833333333333333,ok,1014.0
39,mutation_1,11,0.23333333333333334,ok,1035.5
39,mutation_1,12,0.8333333333333334,ok,1044.0
39,mutation_1,13,0.9416666666666667,ok,1023.5
39,mutation_1,14,0.825,ok,1026.5
39,mutation_3,0,0.041666666666666664,ok,1544.5
39,mutation_3,1,0.95,ok,995.5
39,mutation_3,2,0.10833333333333334,ok,1516.5
39,mutation_3,3,0.5833333333333334,ok,1001.0
39,mutation_3,4,0.30833333333333335,ok,1049.0
39,mutation_3,5,0.9583333333333334,ok,1022.5
39,mutation_3,6,0.5166666666666667,ok,1005.0
39,mutation_3,7,0.5333333333333333,ok,1009.5
39,mutation_3,8,0.325,ok,1015.0
39,mutation_3,9,0.2916666666666667,ok,997.0
39,mutation_3,10,0.39166666666666666,ok,1014.0
39,mutation_3,11,0.26666666666666666,ok,1018.5
39,mutation_3,12,0.475,ok,1052.5
39,mutation_3,13,0.675,ok,1022.0
39,mutation_3,14,0.5916666666666667,ok,1010.0
39,mutation_4,0,0.6,ok,1008.5
39,mutation_4,1,0.525,ok,1014.0
39,mutation_4,2,0.08333333333333333,ok,1554.0
39,mutation_4,3,0.6166666666666667,ok,1015.0
39,mutation_4,4,0.4583333333333333,ok,1021.0
39,mutation_4,5,0.275,ok,1004.5
39,mutation_4,6,0.15,ok,1552.0
39,mutation_4,7,0.25833333333333336,ok,1003.0
39,mutation_4,8,0.7416666666666667,ok,1003.0
39,mutation_4,9,0.8666666666666667,ok,1007.5
39,mutation_4,10,0.3416666666666667,ok,995.0
39,mutation_4,11,0.43333333333333335,ok,1021.5
39,mutation_4,12,0.725,ok,1060.0
39,mutation_4,13,0.5666666666666667,ok,1040.0
39,mutation_4,14,0.3333333333333333,ok,1038.0
39,mutation_5,0,0.31666666666666665,ok,1012.5
39,mutation_5,1,0.175,ok,1540.0
39,mutation_5,2,0.125,ok,1535.5
39,mutation_5,3,0.36666666666666664,ok,1012.5
39,mutation_5,4,0.8166666666666667,ok,1001.5
39,mutation_5,5,0.375,ok,1030.5
39,mutation_5,6,0.2833333333333333,ok,1019.5
39,mutation_5,7,0.3,ok,1020.0
39,mutation_5,8,0.15833333333333333,ok,1531.0
39,mutation_5,9,0.8916666666666667,ok,1055.0
39,mutation_5,10,0.225,ok,1004.0
39,mutation_5,11,0.7916666666666666,ok,993.5
39,mutation_5,12,0.5,ok,1016.5
39,mutation_5,13,0.5083333333333333,ok,1000.5
39,mutation_5,14,0.55,ok,1015.0
39,mutation_6,0,0.875,ok,1029.5
39,mutation_6,1,0.35,ok,993.0
39,mutation_6,2,0.8083333333333333,ok,988.0
39,mutation_6,3,0.21666666666666667,ok,1021.0
39,mutation_6,4,0.09166666666666666,ok,1527.5
39,mutation_6,5,0.24166666666666667,ok,1001.5
39,mutation_6,6,0.9916666666666667,ok,1019.5
39,mutation_6,7,0.13333333333333333,ok,1479.5
39,mutation_6,8,0.7666666666666667,ok,1005.0
39,mutation_6,9,0.008333333333333333,ok,1529.0
39,mutation_6,10,0.6666666666666666,ok,1017.0
39,mutation_6,11,0.9083333333333333,ok,1055.0
39,mutation_6,12,0.058333333333333334,ok,1542.0
39,mutation_6,13,0.1,ok,1551.5
39,mutation_6,14,0.7583333333333333,ok,1013.0
39,mutation_7,0,0.44166666666666665,ok,1539.5
39,mutation_7,1,0.775,ok,1556.5
39,mutation_7,2,0.03333333333333333,ok,2208.5
39,mutation_7,3,0.05,ok,2202.5
39,mutation_7,4,0.9666666666666667,ok,1586.0
39,mutation_7,5,0.016666666666666666,ok,2176.5
39,mutation_7,6,0.06666666666666667,ok,2214.0
39,mutation_7,7,0.14166666666666666,ok,2257.5
39,mutation_7,8,0.18333333333333332,ok,2190.0
39,mutation_7,9,0.4,ok,1565.5
39,mutation_7,10,0.65,ok,1554.5
39,mutation_7,11,0.625,ok,1592.0
39,mutation_7,12,0.8,ok,1566.5
39,mutation_7,13,0.49166666666666664,ok,1593.0
39,mutation_7,14,0.6833333333333333,ok,1620.0
39,mutation_8,0,0.7166666666666667,ok,1479.5
39,mutation_8,1,0.8416666666666667,ok,1512.5
39,mutation_8,2,0.75,ok,1501.5
39,mutation_8,3,0.19166666666666668,ok,2284.5
39,mutation_8,4,0.075,ok,2217.5
39,mutation_8,5,0.6333333333333333,ok,1490.5
39,mutation_8,6,0.9,ok,1501.0
39,mutation_8,7,0.4083333333333333,ok,1506.5
39,mutation_8,8,0.7333333333333333,ok,1496.5
39,mutation_8,9,0.025,ok,2260.5
39,mutation_8,10,0.7083333333333334,ok,1493.0
39,mutation_8,11,0.925,ok,1504.0
39,mutation_8,12,0.85,ok,1573.5
39,mutation_8,13,0.4666666666666667,ok,1490.0
39,mutation_8,14,0.6416666666666667,ok,1506.5
40,base,0,0.7703703703703704,ok,717.5
40,base,1,0.07407407407407407,ok,710.0
40,base,2,0.2814814814814815,ok,710.5
40,base,3,0.9111111111111111,ok,716.5
40,base,4,0.9185185185185185,ok,713.5
40,base,5,0.6370370370370371,ok,712.5
40,base,6,0.9851851851851852,ok,701.0
40,base,7,0.16296296296296298,ok,710.5
40,base,8,0.5555555555555556,ok,708.0
40,base,9,0.022222222222222223,ok,704.0
40,base,10,0.6,ok,708.0
40,base,11,0.9037037037037037,ok,700.5
40,base,12,0.674074074074074,ok,715.0
40,base,13,0.6962962962962963,ok,722.0
40,base,14,0.3111111111111111,ok,710.5
40,mutation_1,0,0.6148148148148148,ok,712.0
40,mutation_1,1,0.037037037037037035,ok,722.0
40,mutation_1,2,0.43703703703703706,ok,711.0
40,mutation_1,3,0.13333333333333333,ok,748.5
40,mutation_1,4,0.7185185185185186,ok,720.0
40,mutation_1,5,0.7555555555555555,ok,710.0
40,mutation_1,6,0.14814814814814814,ok,723.5
40,mutation_1,7,0.9407407407407408,ok,720.5
40,mutation_1,8,0.0,ok,700.5
40,mutation_1,9,0.562962962962963,ok,718.5
40,mutation_1,10,0.8518518518518519,ok,717.5
40,mutation_1,11,0.9481481481481482,ok,725.0
40,mutation_1,12,0.8962962962962963,ok,722.5
40,mutation_1,13,0.9925925925925926,ok,731.0
40,mutation_1,14,0.8888888888888888,ok,713.5
40,mutation_2,0,0.2,ok,704.0
40,mutation_2,1,0.1259259259259259,ok,703.5
40,mutation_2,2,0.2222222222222222,ok,722.0
40,mutation_2,3,0.6444444444444445,ok,706.0
40,mutation_2,4,0.37777777777777777,ok,736.5
40,mutation_2,5,0.9555555555555556,ok,710.0
40,mutation_2,6,0.17037037037037037,ok,721.5
40,mutation_2,7,0.5851851851851851,ok,715.0
40,mutation_2,8,0.4,ok,702.5
40,mutation_2,9,0.1925925925925926,ok,705.5
40,mutation_2,10,0.3925925925925926,ok,714.5
40,mutation_2,11,0.4148148148148148,ok,697.0
40,mutation_2,12,0.4444444444444444,ok,703.0
40,mutation_2,13,0.7333333333333333,ok,701.0
40,mutation_2,14,0.6592592592592592,ok,709.5
40,mutation_3,0,0.6666666666666666,ok,730.5
40,mutation_3,1,0.5777777777777777,ok,691.0
40,mutation_3,2,0.4666666666666667,ok,702.0
40,mutation_3,3,0.6814814814814815,ok,735.0
40,mutation_3,4,0.21481481481481482,ok,703.0
40,mutation_3,5,0.14074074074074075,ok,716.5
40,mutation_3,6,0.18518518518518517,ok,709.5
40,mutation_3,7,0.35555555555555557,ok,705.5
40,mutation_3,8,0.8148148148148148,ok,693.0
40,mutation_3,9,0.9259259259259259,ok,701.5
40,mutation_3,10,0.2518518518518518,ok,737.0
40,mutation_3,11,0.2740740740740741,ok,712.5
40,mutation_3,12,0.9629629629629629,ok,714.0
40,mutation_3,13,0.6296296296296297,ok,708.0
40,mutation_3,14,0.3333333333333333,ok,705.0
40,mutation_4,0,0.28888888888888886,ok,706.5
40,mutation_4,1,0.24444444444444444,ok,721.5
40,mutation_4,2,0.9703703703703703,ok,717.5
40,mutation_4,3,0.007407407407407408,ok,714.5
40,mutation_4,4,0.8814814814814815,ok,719.0
40,mutation_4,5,0.37037037037037035,ok,733.5
40,mutation_4,6,0.1037037037037037,ok,717.0
40,mutation_4,7,0.31851851851851853,ok,710.0
40,mutation_4,8,0.6222222222222222,ok,706.0
40,mutation_4,9,0.8222222222222222,ok,724.5
40,mutation_4,10,0.9777777777777777,ok,713.0
40,mutation_4,11,0.8592592592592593,ok,718.0
40,mutation_4,12,0.23703703703703705,ok,715.5
40,mutation_4,13,0.5703703703703704,ok,709.5
40,mutation_4,14,0.044444444444444446,ok,726.0
40,mutation_5,0,0.9333333333333333,ok,614.5
40,mutation_5,1,0.34074074074074073,ok,593.5
40,mutation_5,2,0.8740740740740741,ok,622.5
40,mutation_5,3,0.48148148148148145,ok,607.0
40,mutation_5,4,0.5333333333333333,ok,611.0
40,mutation_5,5,0.34814814814814815,ok,602.5
40,mutation_5,6,0.5259259259259259,ok,612.0
40,mutation_5,7,0.5037037037037037,ok,630.5
40,mutation_5,8,0.837037037037037,ok,621.0
40,mutation_5,9,0.05925925925925926,ok,614.5
40,mutation_5,10,0.4888888888888889,ok,616.5
40,mutation_5,11,0.5481481481481482,ok,628.0
40,mutation_5,12,0.22962962962962963,ok,617.5
40,mutation_5,13,0.5185185185185185,ok,614.5
40,mutation_5,14,0.8296296296296296,ok,615.5
40,mutation_6,0,0.25925925925925924,ok,700.5
40,mutation_6,1,0.8444444444444444,ok,717.0
40,mutation_6,2,0.6074074074074074,ok,718.0
40,mutation_6,3,0.1111111111111111,ok,717.0
40,mutation_6,4,0.45185185185185184,ok,710.0
40,mutation_6,5,0.4222222222222222,ok,756.5
40,mutation_6,6,0.05185185185185185,ok,714.5
40,mutation_6,7,0.762962962962963,ok,707.5
40,mutation_6,8,0.4962962962962963,ok,712.5
40,mutation_6,9,0.7037037037037037,ok,710.0
40,mutation_6,10,0.0962962962962963,ok,706.0
40,mutation_6,11,0.42962962962962964,ok,715.0
40,mutation_6,12,0.4740740740740741,ok,694.5
40,mutation_6,13,0.7777777777777778,ok,706.0
40,mutation_6,14,0.06666666666666667,ok,722.0
40,mutation_7,0,0.08888888888888889,ok,1486.5
40,mutation_7,1,0.725925925925926,ok,1502.0
40,mutation_7,2,0.17777777777777778,ok,1511.0
40,mutation_7,3,0.15555555555555556,ok,1468.5
40,mutation_7,4,0.11851851851851852,ok,1500.0
40,mutation_7,5,0.32592592592592595,ok,1460.0
40,mutation_7,6,0.2074074074074074,ok,1498.5
40,mutation_7,7,0.7481481481481481,ok,1513.0
40,mutation_7,8,0.362962962962963,ok,1537.5
40,mutation_7,9,0.5111111111111111,ok,1527.0
40,mutation_7,10,0.26666666666666666,ok,1549.5
40,mutation_7,11,0.3851851851851852,ok,1512.0
40,mutation_7,12,0.2962962962962963,ok,1523.0
40,mutation_7,13,0.6518518518518519,ok,1570.0
40,mutation_7,14,0.3037037037037037,ok,1541.0
40,mutation_8,0,0.5407407407407407,ok,1086.0
40,mutation_8,1,0.7111111111111111,ok,1085.0
40,mutation_8,2,0.6888888888888889,ok,1094.5
40,mutation_8,3,0.8666666666666667,ok,1125.0
40,mutation_8,4,0.4074074074074074,ok,1099.5
40,mutation_8,5,0.7407407407407407,ok,1090.0
40,mutation_8,6,0.7925925925925926,ok,1099.5
40,mutation_8,7,0.45925925925925926,ok,1093.0
40,mutation_8,8,0.02962962962962963,ok,1073.0
40,mutation_8,9,0.7851851851851852,ok,1111.5
40,mutation_8,10,0.8,ok,1105.5
40,mutation_8,11,0.08148148148148149,ok,1070.0
40,mutation_8,12,0.5925925925925926,ok,1080.0
40,mutation_8,13,0.014814814814814815,ok,1099.0
40,mutation_8,14,0.8074074074074075,ok,1072.5
41,base,0,0.6952380952380952,ok,943.5
41,base,1,0.05714285714285714,ok,872.0
41,base,2,0.5238095238095238,ok,919.0
41,base,3,0.9714285714285714,ok,864.0
41,base,4,0.8476190476190476,ok,919.0
41,base,5,0.4666666666666667,ok,936.5
41,base,6,0.5904761904761905,ok,878.0
41,base,7,0.4857142857142857,ok,930.5
41,base,8,0.23809523809523808,ok,955.5
41,base,9,0.02857142857142857,ok,934.5
41,base,10,0.11428571428571428,ok,943.0
41,base,11,0.8761904761904762,ok,938.5
41,base,12,0.4,ok,897.5
41,base,13,0.9047619047619048,ok,918.0
41,base,14,0.9809523809523809,ok,883.0
41,mutation_1,0,0.01904761904761905,ok,944.0
41,mutation_1,1,0.5428571428571428,ok,812.5
41,mutation_1,2,0.9238095238095239,ok,930.5
41,mutation_1,3,0.44761904761904764,ok,853.0
41,mutation_1,4,0.6476190476190476,ok,962.0
41,mutation_1,5,0.6857142857142857,ok,902.5
41,mutation_1,6,0.24761904761904763,ok,960.0
41,mutation_1,7,0.580952380952381,ok,918.0
41,mutation_1,8,0.41904761904761906,ok,751.5
41,mutation_1,9,0.47619047619047616,ok,1012.5
41,mutation_1,10,0.7619047619047619,ok,928.0
41,mutation_1,11,0.21904761904761905,ok,938.5
41,mutation_1,12,0.819047619047619,ok,928.0
41,mutation_1,13,0.9333333333333333,ok,949.0
41,mutation_1,14,0.8095238095238095,ok,950.5
41,mutation_3,0,0.18095238095238095,ok,938.0
41,mutation_3,1,0.9428571428571428,ok,972.0
41,mutation_3,2,0.26666666666666666,ok,912.5
41,mutation_3,3,0.17142857142857143,ok,961.0
41,mutation_3,4,0.49523809523809526,ok,959.0
41,mutation_3,5,0.9523809523809523,ok,937.5
41,mutation_3,6,0.4095238095238095,ok,951.0
41,mutation_3,7,0.2857142857142857,ok,934.0
41,mutation_3,8,0.5523809523809524,ok,943.5
41,mutation_3,9,0.42857142857142855,ok,857.0
41,mutation_3,10,0.4380952380952381,ok,930.0
41,mutation_3,11,0.12380952380952381,ok,936.5
41,mutation_3,12,0.009523809523809525,ok,913.5
41,mutation_3,13,0.6666666666666666,ok,892.5
41,mutation_3,14,0.29523809523809524,ok,924.0
41,mutation_4,0,0.34285714285714286,ok,941.5
41,mutation_4,1,0.5142857142857142,ok,922.5
41,mutation_4,2,0.3619047619047619,ok,890.5
41,mutation_4,3,0.6,ok,888.5
41,mutation_4,4,0.3523809523809524,ok,833.5
41,mutation_4,5,0.3238095238095238,ok,952.0
41,mutation_4,6,0.5333333333333333,ok,791.5
41,mutation_4,7,0.1523809523809524,ok,955.0
41,mutation_4,8,0.7428571428571429,ok,907.0
41,mutation_4,9,0.8571428571428571,ok,925.5
41,mutation_4,10,0.38095238095238093,ok,938.0
41,mutation_4,11,0.1619047619047619,ok,974.5
41,mutation_4,12,0.7238095238095238,ok,956.0
41,mutation_4,13,0.047619047619047616,ok,931.5
41,mutation_4,14,0.22857142857142856,ok,945.0
41,mutation_5,0,0.2,ok,854.0
41,mutation_5,1,0.5619047619047619,ok,945.5
41,mutation_5,2,0.3333333333333333,ok,895.0
41,mutation_5,3,0.2571428571428571,ok,951.5
41,mutation_5,4,0.8,ok,975.0
41,mutation_5,5,0.0,ok,848.5
41,mutation_5,6,0.14285714285714285,ok,944.0
41,mutation_5,7,0.13333333333333333,ok,966.0
41,mutation_5,8,0.19047619047619047,ok,945.0
41,mutation_5,9,0.8857142857142857,ok,940.5
41,mutation_5,10,0.6285714285714286,ok,938.5
41,mutation_5,11,0.7714285714285715,ok,844.5
41,mutation_5,12,0.20952380952380953,ok,923.0
41,mutation_5,13,0.06666666666666667,ok,952.0
41,mutation_5,14,0.6571428571428571,ok,931.0
41,mutation_7,0,0.8666666666666667,ok,974.5
41,mutation_7,1,0.0761904761904762,ok,998.0
41,mutation_7,2,0.7904761904761904,ok,991.0
41,mutation_7,3,0.3047619047619048,ok,1011.5
41,mutation_7,4,0.45714285714285713,ok,1013.5
41,mutation_7,5,0.09523809523809523,ok,1038.0
41,mutation_7,6,0.9904761904761905,ok,1002.5
41,mutation_7,7,0.08571428571428572,ok,973.5
41,mutation_7,8,0.10476190476190476,ok,993.0
41,mutation_7,9,0.2761904761904762,ok,970.5
41,mutation_7,10,0.5047619047619047,ok,1039.0
41,mutation_7,11,0.8952380952380953,ok,976.0
41,mutation_7,12,0.6095238095238096,ok,994.5
41,mutation_7,13,0.780952380952381,ok,1020.0
41,mutation_7,14,0.3904761904761905,ok,902.0
41,mutation_8,0,0.6761904761904762,ok,1614.5
41,mutation_8,1,0.7142857142857143,ok,1595.5
41,mutation_8,2,0.8285714285714286,ok,1616.0
41,mutation_8,3,0.7523809523809524,ok,1480.5
41,mutation_8,4,0.9619047619047619,ok,1600.0
41,mutation_8,5,0.6190476190476191,ok,1626.0
41,mutation_8,6,0.638095238095238,ok,1649.5
41,mutation_8,7,0.3142857142857143,ok,1637.0
41,mutation_8,8,0.7333333333333333,ok,1626.5
41,mutation_8,9,0.0380952380952381,ok,1644.5
41,mutation_8,10,0.7047619047619048,ok,1607.0
41,mutation_8,11,0.9142857142857143,ok,1597.0
41,mutation_8,12,0.8380952380952381,ok,1603.5
41,mutation_8,13,0.37142857142857144,ok,1506.5
41,mutation_8,14,0.5714285714285714,ok,1330.0
42,base,0,0.7703703703703704,ok,1491.0
42,base,1,0.07407407407407407,ok,1482.5
42,base,2,0.2814814814814815,ok,1505.0
42,base,3,0.9111111111111111,ok,1476.0
42,base,4,0.9185185185185185,ok,1484.0
42,base,5,0.6370370370370371,ok,1483.0
42,base,6,0.9851851851851852,ok,1475.0
42,base,7,0.16296296296296298,ok,1502.5
42,base,8,0.5555555555555556,ok,1486.5
42,base,9,0.022222222222222223,ok,1531.5
42,base,10,0.6,ok,1492.5
42,base,11,0.9037037037037037,ok,1478.0
42,base,12,0.674074074074074,ok,1484.0
42,base,13,0.6962962962962963,ok,1483.0
42,base,14,0.3111111111111111,ok,1492.5
42,mutation_1,0,0.6148148148148148,ok,1691.0
42,mutation_1,1,0.037037037037037035,ok,1718.0
42,mutation_1,2,0.43703703703703706,ok,1726.5
42,mutation_1,3,0.13333333333333333,ok,1692.5
42,mutation_1,4,0.7185185185185186,ok,1685.5
42,mutation_1,5,0.7555555555555555,ok,1748.0
42,mutation_1,6,0.14814814814814814,ok,1708.5
42,mutation_1,7,0.9407407407407408,ok,1707.0
42,mutation_1,8,0.0,ok,1701.0
42,mutation_1,9,0.562962962962963,ok,1692.0
42,mutation_1,10,0.8518518518518519,ok,1730.5
42,mutation_1,11,0.9481481481481482,ok,1698.0
42,mutation_1,12,0.8962962962962963,ok,1653.0
42,mutation_1,13,0.9925925925925926,ok,1716.5
42,mutation_1,14,0.8888888888888888,ok,1705.0
42,mutation_2,0,0.2,ok,1474.5
42,mutation_2,1,0.1259259259259259,ok,1486.5
42,mutation_2,2,0.2222222222222222,ok,1473.0
42,mutation_2,3,0.6444444444444445,ok,1480.5
42,mutation_2,4,0.37777777777777777,ok,1502.5
42,mutation_2,5,0.9555555555555556,ok,1475.5
42,mutation_2,6,0.17037037037037037,ok,1507.5
42,mutation_2,7,0.5851851851851851,ok,1472.5
42,mutation_2,8,0.4,ok,1481.5
42,mutation_2,9,0.1925925925925926,ok,1477.0
42,mutation_2,10,0.3925925925925926,ok,1482.0
42,mutation_2,11,0.4148148148148148,ok,1478.5
42,mutation_2,12,0.4444444444444444,ok,1488.5
42,mutation_2,13,0.7333333333333333,ok,1492.5
42,mutation_2,14,0.6592592592592592,ok,1497.0
42,mutation_3,0,0.6666666666666666,ok,1482.0
42,mutation_3,1,0.5777777777777777,ok,1488.5
42,mutation_3,2,0.4666666666666667,ok,1495.0
42,mutation_3,3,0.6814814814814815,ok,1501.0
42,mutation_3,4,0.21481481481481482,ok,1485.5
42,mutation_3,5,0.14074074074074075,ok,1468.0
42,mutation_3,6,0.18518518518518517,ok,1491.5
42,mutation_3,7,0.35555555555555557,ok,1492.0
42,mutation_3,8,0.8148148148148148,ok,1485.0
42,mutation_3,9,0.9259259259259259,ok,1488.0
42,mutation_3,10,0.2518518518518518,ok,1474.5
42,mutation_3,11,0.2740740740740741,ok,1487.5
42,mutation_3,12,0.9629629629629629,ok,1456.5
42,mutation_3,13,0.6296296296296297,ok,1472.5
42,mutation_3,14,0.3333333333333333,ok,1508.5
42,mutation_4,0,0.28888888888888886,ok,1256.0
42,mutation_4,1,0.24444444444444444,ok,1256.5
42,mutation_4,2,0.9703703703703703,ok,1265.0
42,mutation_4,3,0.007407407407407408,ok,1262.0
42,mutation_4,4,0.8814814814814815,ok,1281.5
42,mutation_4,5,0.37037037037037035,ok,1252.5
42,mutation_4,6,0.1037037037037037,ok,1270.5
42,mutation_4,7,0.31851851851851853,ok,1266.5
42,mutation_4,8,0.6222222222222222,ok,1259.0
42,mutation_4,9,0.8222222222222222,ok,1274.0
42,mutation_4,10,0.9777777777777777,ok,1272.0
42,mutation_4,11,0.8592592592592593,ok,1270.5
42,mutation_4,12,0.23703703703703705,ok,1265.5
42,mutation_4,13,0.5703703703703704,ok,1266.5
42,mutation_4,14,0.044444444444444446,ok,1334.0
42,mutation_5,0,0.9333333333333333,ok,1494.5
42,mutation_5,1,0.34074074074074073,ok,1479.0
42,mutation_5,2,0.8740740740740741,ok,1487.5
42,mutation_5,3,0.48148148148148145,ok,1535.5
42,mutation_5,4,0.5333333333333333,ok,1483.5
42,mutation_5,5,0.34814814814814815,ok,1504.0
42,mutation_5,6,0.5259259259259259,ok,1490.0
42,mutation_5,7,0.5037037037037037,ok,1491.0
42,mutation_5,8,0.837037037037037,ok,1511.0
42,mutation_5,9,0.05925925925925926,ok,1485.0
42,mutation_5,10,0.4888888888888889,ok,1466.0
42,mutation_5,11,0.5481481481481482,ok,1510.0
42,mutation_5,12,0.22962962962962963,ok,1499.5
42,mutation_5,13,0.5185185185185185,ok,1512.0
42,mutation_5,14,0.8296296296296296,ok,1489.5
42,mutation_6,0,0.25925925925925924,ok,1482.0
42,mutation_6,1,0.8444444444444444,ok,1583.5
42,mutation_6,2,0.6074074074074074,ok,1497.0
42,mutation_6,3,0.1111111111111111,ok,1488.0
42,mutation_6,4,0.45185185185185184,ok,1490.0
42,mutation_6,5,0.4222222222222222,ok,1465.5
42,mutation_6,6,0.05185185185185185,ok,1488.0
42,mutation_6,7,0.762962962962963,ok,1486.0
42,mutation_6,8,0.4962962962962963,ok,1504.5
42,mutation_6,9,0.7037037037037037,ok,1495.0
42,mutation_6,10,0.0962962962962963,ok,1480.5
42,mutation_6,11,0.42962962962962964,ok,1508.0
42,mutation_6,12,0.4740740740740741,ok,1465.0
42,mutation_6,13,0.7777777777777778,ok,1510.0
42,mutation_6,14,0.06666666666666667,ok,1489.5
42,mutation_7,0,0.08888888888888889,ok,1490.0
42,mutation_7,1,0.725925925925926,ok,1484.0
42,mutation_7,2,0.17777777777777778,ok,1512.5
42,mutation_7,3,0.15555555555555556,ok,1490.0
42,mutation_7,4,0.11851851851851852,ok,1467.0
42,mutation_7,5,0.32592592592592595,ok,1529.5
42,mutation_7,6,0.2074074074074074,ok,1517.0
42,mutation_7,7,0.7481481481481481,ok,1496.5
42,mutation_7,8,0.362962962962963,ok,1494.5
42,mutation_7,9,0.5111111111111111,ok,1497.5
42,mutation_7,10,0.26666666666666666,ok,1549.0
42,mutation_7,11,0.3851851851851852,ok,1494.5
42,mutation_7,12,0.2962962962962963,ok,1461.5
42,mutation_7,13,0.6518518518518519,ok,1488.0
42,mutation_7,14,0.3037037037037037,ok,1511.5
42,mutation_8,0,0.5407407407407407,ok,1523.0
42,mutation_8,1,0.7111111111111111,ok,1532.0
42,mutation_8,2,0.6888888888888889,ok,1529.5
42,mutation_8,3,0.8666666666666667,ok,1555.5
42,mutation_8,4,0.4074074074074074,ok,1530.5
42,mutation_8,5,0.7407407407407407,ok,1538.0
42,mutation_8,6,0.7925925925925926,ok,1543.5
42,mutation_8,7,0.45925925925925926,ok,1512.5
42,mutation_8,8,0.02962962962962963,ok,1553.5
42,mutation_8,9,0.7851851851851852,ok,1557.0
42,mutation_8,10,0.8,ok,1538.5
42,mutation_8,11,0.08148148148148149,ok,1539.5
42,mutation_8,12,0.5925925925925926,ok,1526.0
42,mutation_8,13,0.014814814814814815,ok,1529.5
42,mutation_8,14,0.8074074074074075,ok,1536.0
43,base,0,0.7703703703703704,ok,765.0
43,base,1,0.07407407407407407,ok,760.0
43,base,2,0.2814814814814815,ok,781.0
43,base,3,0.9111111111111111,ok,775.5
43,base,4,0.9185185185185185,ok,770.0
43,base,5,0.6370370370370371,ok,804.5
43,base,6,0.9851851851851852,ok,763.0
43,base,7,0.16296296296296298,ok,759.5
43,base,8,0.5555555555555556,ok,755.0
43,base,9,0.022222222222222223,ok,761.5
43,base,10,0.6,ok,768.0
43,base,11,0.9037037037037037,ok,760.5
43,base,12,0.674074074074074,ok,761.5
43,base,13,0.6962962962962963,ok,757.0
43,base,14,0.3111111111111111,ok,759.5
43,mutation_1,0,0.6148148148148148,ok,770.5
43,mutation_1,1,0.037037037037037035,ok,772.0
43,mutation_1,2,0.43703703703703706,ok,773.0
43,mutation_1,3,0.13333333333333333,ok,763.0
43,mutation_1,4,0.7185185185185186,ok,772.0
43,mutation_1,5,0.7555555555555555,ok,767.5
43,mutation_1,6,0.14814814814814814,ok,774.0
43,mutation_1,7,0.9407407407407408,ok,775.5
43,mutation_1,8,0.0,ok,759.5
43,mutation_1,9,0.562962962962963,ok,767.5
43,mutation_1,10,0.8518518518518519,ok,794.5
43,mutation_1,11,0.9481481481481482,ok,770.5
43,mutation_1,12,0.8962962962962963,ok,778.0
43,mutation_1,13,0.9925925925925926,ok,789.0
43,mutation_1,14,0.8888888888888888,ok,776.0
43,mutation_2,0,0.2,ok,766.5
43,mutation_2,1,0.1259259259259259,ok,756.0
43,mutation_2,2,0.2222222222222222,ok,753.0
43,mutation_2,3,0.6444444444444445,ok,762.0
43,mutation_2,4,0.37777777777777777,ok,764.0
43,mutation_2,5,0.9555555555555556,ok,756.0
43,mutation_2,6,0.17037037037037037,ok,751.5
43,mutation_2,7,0.5851851851851851,ok,762.0
43,mutation_2,8,0.4,ok,754.0
43,mutation_2,9,0.1925925925925926,ok,789.5
43,mutation_2,10,0.3925925925925926,ok,758.5
43,mutation_2,11,0.4148148148148148,ok,748.0
43,mutation_2,12,0.4444444444444444,ok,765.0
43,mutation_2,13,0.7333333333333333,ok,797.0
43,mutation_2,14,0.6592592592592592,ok,752.5
43,mutation_3,0,0.6666666666666666,ok,809.5
43,mutation_3,1,0.5777777777777777,ok,782.5
43,mutation_3,2,0.4666666666666667,ok,769.0
43,mutation_3,3,0.6814814814814815,ok,811.0
43,mutation_3,4,0.21481481481481482,ok,779.0
43,mutation_3,5,0.14074074074074075,ok,792.5
43,mutation_3,6,0.18518518518518517,ok,794.0
43,mutation_3,7,0.35555555555555557,ok,795.5
43,mutation_3,8,0.8148148148148148,ok,816.5
43,mutation_3,9,0.9259259259259259,ok,806.0
43,mutation_3,10,0.2518518518518518,ok,797.0
43,mutation_3,11,0.2740740740740741,ok,818.0
43,mutation_3,12,0.9629629629629629,ok,792.5
43,mutation_3,13,0.6296296296296297,ok,791.0
43,mutation_3,14,0.3333333333333333,ok,787.5
43,mutation_4,0,0.28888888888888886,ok,763.5
43,mutation_4,1,0.24444444444444444,ok,762.5
43,mutation_4,2,0.9703703703703703,ok,781.5
43,mutation_4,3,0.007407407407407408,ok,746.0
43,mutation_4,4,0.8814814814814815,ok,762.5
43,mutation_4,5,0.37037037037037035,ok,753.5
43,mutation_4,6,0.1037037037037037,ok,793.5
43,mutation_4,7,0.31851851851851853,ok,766.5
43,mutation_4,8,0.6222222222222222,ok,755.0
43,mutation_4,9,0.8222222222222222,ok,753.5
43,mutation_4,10,0.9777777777777777,ok,770.5
43,mutation_4,11,0.8592592592592593,ok,762.5
43,mutation_4,12,0.23703703703703705,ok,756.5
43,mutation_4,13,0.5703703703703704,ok,750.0
43,mutation_4,14,0.044444444444444446,ok,769.0
43,mutation_5,0,0.9333333333333333,ok,759.5
43,mutation_5,1,0.34074074074074073,ok,775.0
43,mutation_5,2,0.8740740740740741,ok,776.0
43,mutation_5,3,0.48148148148148145,ok,781.0
43,mutation_5,4,0.5333333333333333,ok,764.5
43,mutation_5,5,0.34814814814814815,ok,779.5
43,mutation_5,6,0.5259259259259259,ok,768.5
43,mutation_5,7,0.5037037037037037,ok,773.5
43,mutation_5,8,0.837037037037037,ok,778.0
43,mutation_5,9,0.05925925925925926,ok,798.0
43,mutation_5,10,0.4888888888888889,ok,775.0
43,mutation_5,11,0.5481481481481482,ok,780.5
43,mutation_5,12,0.22962962962962963,ok,771.0
43,mutation_5,13,0.5185185185185185,ok,765.0
43,mutation_5,14,0.8296296296296296,ok,764.0
43,mutation_6,0,0.25925925925925924,ok,771.5
43,mutation_6,1,0.8444444444444444,ok,762.5
43,mutation_6,2,0.6074074074074074,ok,762.5
43,mutation_6,3,0.1111111111111111,ok,761.0
43,mutation_6,4,0.45185185185185184,ok,752.0
43,mutation_6,5,0.4222222222222222,ok,760.5
43,mutation_6,6,0.05185185185185185,ok,784.5
43,mutation_6,7,0.762962962962963,ok,764.0
43,mutation_6,8,0.4962962962962963,ok,762.5
43,mutation_6,9,0.7037037037037037,ok,756.0
43,mutation_6,10,0.0962962962962963,ok,760.0
43,mutation_6,11,0.42962962962962964,ok,762.5
43,mutation_6,12,0.4740740740740741,ok,769.0
43,mutation_6,13,0.7777777777777778,ok,771.5
43,mutation_6,14,0.06666666666666667,ok,755.5
43,mutation_7,0,0.08888888888888889,ok,1594.5
43,mutation_7,1,0.725925925925926,ok,1603.0
43,mutation_7,2,0.17777777777777778,ok,1587.0
43,mutation_7,3,0.15555555555555556,ok,1564.5
43,mutation_7,4,0.11851851851851852,ok,1616.0
43,mutation_7,5,0.32592592592592595,ok,1606.0
43,mutation_7,6,0.2074074074074074,ok,1644.5
43,mutation_7,7,0.7481481481481481,ok,1625.0
43,mutation_7,8,0.362962962962963,ok,1608.0
43,mutation_7,9,0.5111111111111111,ok,1597.0
43,mutation_7,10,0.26666666666666666,ok,1602.0
43,mutation_7,11,0.3851851851851852,ok,1588.5
43,mutation_7,12,0.2962962962962963,ok,1576.0
43,mutation_7,13,0.6518518518518519,ok,1601.0
43,mutation_7,14,0.3037037037037037,ok,1593.5
43,mutation_8,0,0.5407407407407407,ok,1098.0
43,mutation_8,1,0.7111111111111111,ok,1128.5
43,mutation_8,2,0.6888888888888889,ok,1108.0
43,mutation_8,3,0.8666666666666667,ok,1130.5
43,mutation_8,4,0.4074074074074074,ok,1111.0
43,mutation_8,5,0.7407407407407407,ok,1171.0
43,mutation_8,6,0.7925925925925926,ok,1109.0
43,mutation_8,7,0.45925925925925926,ok,1099.0
43,mutation_8,8,0.02962962962962963,ok,1117.5
43,mutation_8,9,0.7851851851851852,ok,1118.5
43,mutation_8,10,0.8,ok,1106.5
43,mutation_8,11,0.08148148148148149,ok,1118.0
43,mutation_8,12,0.5925925925925926,ok,1100.5
43,mutation_8,13,0.014814814814814815,ok,1138.5
43,mutation_8,14,0.8074074074074075,ok,1124.5
44,base,0,0.7,ok,506.5
44,base,1,0.20833333333333334,ok,508.0
44,base,2,0.48333333333333334,ok,523.0
44,base,3,0.975,ok,510.5
44,base,4,0.8583333333333333,ok,494.5
44,base,5,0.575,ok,516.5
44,base,6,0.425,ok,507.5
44,base,7,0.2,ok,496.0
44,base,8,0.16666666666666666,ok,507.5
44,base,9,0.0,ok,554.0
44,base,10,0.5416666666666666,ok,505.5
44,base,11,0.8833333333333333,ok,506.5
44,base,12,0.6083333333333333,ok,505.0
44,base,13,0.9166666666666666,ok,514.5
44,base,14,0.9833333333333333,ok,512.0
44,mutation_1,0,0.5583333333333333,ok,527.5
44,mutation_1,1,0.11666666666666667,ok,527.0
44,mutation_1,2,0.9333333333333333,ok,528.5
44,mutation_1,3,0.45,ok,536.5
44,mutation_1,4,0.6583333333333333,ok,525.0
44,mutation_1,5,0.6916666666666667,ok,531.0
44,mutation_1,6,0.25,ok,529.0
44,mutation_1,7,0.35833333333333334,ok,512.0
44,mutation_1,8,0.38333333333333336,ok,513.0
44,mutation_1,9,0.4166666666666667,ok,540.0
44,mutation_1,10,0.7833333333333333,ok,534.5
44,mutation_1,11,0.23333333333333334,ok,536.0
44,mutation_1,12,0.8333333333333334,ok,526.0
44,mutation_1,13,0.9416666666666667,ok,520.0
44,mutation_1,14,0.825,ok,534.0
44,mutation_3,0,0.041666666666666664,ok,538.0
44,mutation_3,1,0.95,ok,519.5
44,mutation_3,2,0.10833333333333334,ok,511.5
44,mutation_3,3,0.5833333333333334,ok,498.5
44,mutation_3,4,0.30833333333333335,ok,516.5
44,mutation_3,5,0.9583333333333334,ok,529.5
44,mutation_3,6,0.5166666666666667,ok,519.0
44,mutation_3,7,0.5333333333333333,ok,516.0
44,mutation_3,8,0.325,ok,540.0
44,mutation_3,9,0.2916666666666667,ok,518.5
44,mutation_3,10,0.39166666666666666,ok,541.0
44,mutation_3,11,0.26666666666666666,ok,527.0
44,mutation_3,12,0.475,ok,546.5
44,mutation_3,13,0.675,ok,523.0
44,mutation_3,14,0.5916666666666667,ok,547.5
44,mutation_4,0,0.6,ok,511.5
44,mutation_4,1,0.525,ok,511.0
44,mutation_4,2,0.08333333333333333,ok,514.0
44,mutation_4,3,0.6166666666666667,ok,525.0
44,mutation_4,4,0.4583333333333333,ok,506.5
44,mutation_4,5,0.275,ok,517.5
44,mutation_4,6,0.15,ok,515.5
44,mutation_4,7,0.25833333333333336,ok,510.5
44,mutation_4,8,0.7416666666666667,ok,524.0
44,mutation_4,9,0.8666666666666667,ok,507.0
44,mutation_4,10,0.3416666666666667,ok,519.0
44,mutation_4,11,0.43333333333333335,ok,493.0
44,mutation_4,12,0.725,ok,505.5
44,mutation_4,13,0.5666666666666667,ok,517.5
44,mutation_4,14,0.3333333333333333,ok,519.0
44,mutation_5,0,0.31666666666666665,ok,474.5
44,mutation_5,1,0.175,ok,463.5
44,mutation_5,2,0.125,ok,463.5
44,mutation_5,3,0.36666666666666664,ok,480.0
44,mutation_5,4,0.8166666666666667,ok,476.5
44,mutation_5,5,0.375,ok,471.5
44,mutation_5,6,0.2833333333333333,ok,465.0
44,mutation_5,7,0.3,ok,466.5
44,mutation_5,8,0.15833333333333333,ok,473.5
44,mutation_5,9,0.8916666666666667,ok,472.5
44,mutation_5,10,0.225,ok,465.0
44,mutation_5,11,0.7916666666666666,ok,458.5
44,mutation_5,12,0.5,ok,476.0
44,mutation_5,13,0.5083333333333333,ok,465.0
44,mutation_5,14,0.55,ok,478.5
44,mutation_6,0,0.875,ok,507.0
44,mutation_6,1,0.35,ok,509.5
44,mutation_6,2,0.8083333333333333,ok,504.5
44,mutation_6,3,0.21666666666666667,ok,510.0
44,mutation_6,4,0.09166666666666666,ok,523.5
44,mutation_6,5,0.24166666666666667,ok,511.5
44,mutation_6,6,0.9916666666666667,ok,510.5
44,mutation_6,7,0.13333333333333333,ok,512.5
44,mutation_6,8,0.7666666666666667,ok,508.0
44,mutation_6,9,0.008333333333333333,ok,523.5
44,mutation_6,10,0.6666666666666666,ok,514.0
44,mutation_6,11,0.9083333333333333,ok,501.0
44,mutation_6,12,0.058333333333333334,ok,528.0
44,mutation_6,13,0.1,ok,492.5
44,mutation_6,14,0.7583333333333333,ok,531.0
44,mutation_7,0,0.44166666666666665,ok,524.5
44,mutation_7,1,0.775,ok,513.0
44,mutation_7,2,0.03333333333333333,ok,518.0
44,mutation_7,3,0.05,ok,520.0
44,mutation_7,4,0.9666666666666667,ok,538.5
44,mutation_7,5,0.016666666666666666,ok,532.0
44,mutation_7,6,0.06666666666666667,ok,565.5
44,mutation_7,7,0.14166666666666666,ok,500.0
44,mutation_7,8,0.18333333333333332,ok,513.0
44,mutation_7,9,0.4,ok,520.0
44,mutation_7,10,0.65,ok,508.0
44,mutation_7,11,0.625,ok,535.0
44,mutation_7,12,0.8,ok,545.0
44,mutation_7,13,0.49166666666666664,ok,538.5
44,mutation_7,14,0.6833333333333333,ok,525.5
44,mutation_8,0,0.7166666666666667,ok,924.0
44,mutation_8,1,0.8416666666666667,ok,911.5
44,mutation_8,2,0.75,ok,929.0
44,mutation_8,3,0.19166666666666668,ok,916.5
44,mutation_8,4,0.075,ok,949.0
44,mutation_8,5,0.6333333333333333,ok,937.5
44,mutation_8,6,0.9,ok,929.5
44,mutation_8,7,0.4083333333333333,ok,930.5
44,mutation_8,8,0.7333333333333333,ok,982.0
44,mutation_8,9,0.025,ok,1019.5
44,mutation_8,10,0.7083333333333334,ok,926.5
44,mutation_8,11,0.925,ok,919.0
44,mutation_8,12,0.85,ok,946.5
44,mutation_8,13,0.4666666666666667,ok,933.0
44,mutation_8,14,0.6416666666666667,ok,931.0
45,base,0,0.7703703703703704,ok,1962.5
45,base,1,0.07407407407407407,ok,2010.0
45,base,2,0.2814814814814815,ok,1965.5
45,base,3,0.9111111111111111,ok,1961.0
45,base,4,0.9185185185185185,ok,1982.0
45,base,5,0.6370370370370371,ok,2012.0
45,base,6,0.9851851851851852,ok,1841.0
45,base,7,0.16296296296296298,ok,1994.5
45,base,8,0.5555555555555556,ok,2018.0
45,base,9,0.022222222222222223,ok,1762.0
45,base,10,0.6,ok,1815.0
45,base,11,0.9037037037037037,ok,1934.5
45,base,12,0.674074074074074,ok,1995.0
45,base,13,0.6962962962962963,ok,1946.0
45,base,14,0.3111111111111111,ok,2035.0
45,mutation_1,0,0.6148148148148148,ok,2013.5
45,mutation_1,1,0.037037037037037035,ok,1774.5
45,mutation_1,2,0.43703703703703706,ok,1907.0
45,mutation_1,3,0.13333333333333333,ok,1964.5
45,mutation_1,4,0.7185185185185186,ok,2003.5
45,mutation_1,5,0.7555555555555555,ok,1953.0
45,mutation_1,6,0.14814814814814814,ok,1976.5
45,mutation_1,7,0.9407407407407408,ok,1940.0
45,mutation_1,8,0.0,ok,1916.0
45,mutation_1,9,0.562962962962963,ok,1982.0
45,mutation_1,10,0.8518518518518519,ok,1713.0
45,mutation_1,11,0.9481481481481482,ok,1951.0
45,mutation_1,12,0.8962962962962963,ok,2009.5
45,mutation_1,13,0.9925925925925926,ok,2005.0
45,mutation_1,14,0.8888888888888888,ok,1982.0
45,mutation_2,0,0.2,ok,1992.0
45,mutation_2,1,0.1259259259259259,ok,1796.0
45,mutation_2,2,0.2222222222222222,ok,1787.5
45,mutation_2,3,0.6444444444444445,ok,1974.5
45,mutation_2,4,0.37777777777777777,ok,1874.0
45,mutation_2,5,0.9555555555555556,ok,1890.5
45,mutation_2,6,0.17037037037037037,ok,1972.5
45,mutation_2,7,0.5851851851851851,ok,1979.5
45,mutation_2,8,0.4,ok,1657.5
45,mutation_2,9,0.1925925925925926,ok,1873.0
45,mutation_2,10,0.3925925925925926,ok,2014.0
45,mutation_2,11,0.4148148148148148,ok,1974.5
45,mutation_2,12,0.4444444444444444,ok,1897.0
45,mutation_2,13,0.7333333333333333,ok,1990.0
45,mutation_2,14,0.6592592592592592,ok,1824.5
45,mutation_3,0,0.6666666666666666,ok,2308.5
45,mutation_3,1,0.5777777777777777,ok,2248.0
45,mutation_3,2,0.4666666666666667,ok,2225.0
45,mutation_3,3,0.6814814814814815,ok,2242.0
45,mutation_3,4,0.21481481481481482,ok,2373.5
45,mutation_3,5,0.14074074074074075,ok,2237.5
45,mutation_3,6,0.18518518518518517,ok,2227.0
45,mutation_3,7,0.35555555555555557,ok,2150.0
45,mutation_3,8,0.8148148148148148,ok,2231.0
45,mutation_3,9,0.9259259259259259,ok,2193.0
45,mutation_3,10,0.2518518518518518,ok,2286.0
45,mutation_3,11,0.2740740740740741,ok,2221.0
45,mutation_3,12,0.9629629629629629,ok,1906.5
45,mutation_3,13,0.6296296296296297,ok,2053.5
45,mutation_3,14,0.3333333333333333,ok,2228.0
45,mutation_4,0,0.28888888888888886,ok,937.0
45,mutation_4,1,0.24444444444444444,ok,957.0
45,mutation_4,2,0.9703703703703703,ok,948.0
45,mutation_4,3,0.007407407407407408,ok,947.0
45,mutation_4,4,0.8814814814814815,ok,917.0
45,mutation_4,5,0.37037037037037035,ok,916.5
45,mutation_4,6,0.1037037037037037,ok,956.5
45,mutation_4,7,0.31851851851851853,ok,940.5
45,mutation_4,8,0.6222222222222222,ok,883.0
45,mutation_4,9,0.8222222222222222,ok,894.0
45,mutation_4,10,0.9777777777777777,ok,927.0
45,mutation_4,11,0.8592592592592593,ok,886.0
45,mutation_4,12,0.23703703703703705,ok,901.0
45,mutation_4,13,0.5703703703703704,ok,876.5
45,mutation_4,14,0.044444444444444446,ok,870.5
45,mutation_5,0,0.9333333333333333,ok,1992.0
45,mutation_5,1,0.34074074074074073,ok,1833.5
45,mutation_5,2,0.8740740740740741,ok,1959.5
45,mutation_5,3,0.48148148148148145,ok,1979.5
45,mutation_5,4,0.5333333333333333,ok,1996.0
45,mutation_5,5,0.34814814814814815,ok,1937.0
45,mutation_5,6,0.5259259259259259,ok,1999.5
45,mutation_5,7,0.5037037037037037,ok,1987.5
45,mutation_5,8,0.837037037037037,ok,1802.5
45,mutation_5,9,0.05925925925925926,ok,1956.0
45,mutation_5,10,0.4888888888888889,ok,1950.5
45,mutation_5,11,0.5481481481481482,ok,1992.5
45,mutation_5,12,0.22962962962962963,ok,1851.5
45,mutation_5,13,0.5185185185185185,ok,1862.0
45,mutation_5,14,0.8296296296296296,ok,1976.5
45,mutation_6,0,0.25925925925925924,ok,2016.0
45,mutation_6,1,0.8444444444444444,ok,2006.0
45,mutation_6,2,0.6074074074074074,ok,1992.0
45,mutation_6,3,0.1111111111111111,ok,1917.0
45,mutation_6,4,0.45185185185185184,ok,1958.5
45,mutation_6,5,0.4222222222222222,ok,2031.5
45,mutation_6,6,0.05185185185185185,ok,1983.5
45,mutation_6,7,0.762962962962963,ok,2020.0
45,mutation_6,8,0.4962962962962963,ok,1971.0
45,mutation_6,9,0.7037037037037037,ok,1953.5
45,mutation_6,10,0.0962962962962963,ok,2007.0
45,mutation_6,11,0.42962962962962964,ok,1996.5
45,mutation_6,12,0.4740740740740741,ok,1987.5
45,mutation_6,13,0.7777777777777778,ok,2017.0
45,mutation_6,14,0.06666666666666667,ok,2006.5
45,mutation_7,0,0.08888888888888889,ok,2412.0
45,mutation_7,1,0.725925925925926,ok,2388.5
45,mutation_7,2,0.17777777777777778,ok,2367.0
45,mutation_7,3,0.15555555555555556,ok,2387.0
45,mutation_7,4,0.11851851851851852,ok,2293.0
45,mutation_7,5,0.32592592592592595,ok,2362.0
45,mutation_7,6,0.2074074074074074,ok,2365.5
45,mutation_7,7,0.7481481481481481,ok,2255.0
45,mutation_7,8,0.362962962962963,ok,2180.5
45,mutation_7,9,0.5111111111111111,ok,2391.0
45,mutation_7,10,0.26666666666666666,ok,2371.5
45,mutation_7,11,0.3851851851851852,ok,2375.5
45,mutation_7,12,0.2962962962962963,ok,2365.0
45,mutation_7,13,0.6518518518518519,ok,2357.5
45,mutation_7,14,0.3037037037037037,ok,2381.0
45,mutation_8,0,0.5407407407407407,ok,1957.5
45,mutation_8,1,0.7111111111111111,ok,2075.5
45,mutation_8,2,0.6888888888888889,ok,1646.0
45,mutation_8,3,0.8666666666666667,ok,1798.5
45,mutation_8,4,0.4074074074074074,ok,2087.5
45,mutation_8,5,0.7407407407407407,ok,2078.5
45,mutation_8,6,0.7925925925925926,ok,1952.5
45,mutation_8,7,0.45925925925925926,ok,1945.5
45,mutation_8,8,0.02962962962962963,ok,1756.0
45,mutation_8,9,0.7851851851851852,ok,1896.5
45,mutation_8,10,0.8,ok,2103.5
45,mutation_8,11,0.08148148148148149,ok,2072.5
45,mutation_8,12,0.5925925925925926,ok,2091.5
45,mutation_8,13,0.014814814814814815,ok,1846.5
45,mutation_8,14,0.8074074074074075,ok,2106.5
